suite,benchmark_suite,task_id,task_name,instruction,episode_id,registry_run_id,init_state_id,seed,attempt,status,success,termination_reason,total_action_steps,horizon,action_chunk_size,action_execution_steps,control_mode,checkpoint_revision,checkpoint_sha256,dataset_revision,environment_config_hash,input_shapes,policy_inference_mean_ms,policy_inference_p95_ms,chunk_inference_mean_ms,episode_wall_seconds,gpu_peak_allocated_bytes,gpu_peak_reserved_bytes,video_path,video_sha256,camera_mapping,trajectory_path,trajectory_sha256,action_trace_path,action_trace_sha256,metadata_path,metadata_sha256,error
goal,libero_goal,0,open_the_middle_drawer_of_the_cabinet,open the middle drawer of the cabinet,0,20261010T030315-982cacc8515f,0,84000,1,complete,True,success,129,300,50,50,relative,31d453f7edd78c839a8bbc39744a292686daf0de,9a9f6413e42c0f332fccbce9a0dc796af2790f82cf002f791cdbf7e01e1afca8,a1aaacb7f6cd6ee5fb43120f673cebb0cfea7dd4,6aba5a609050aacf50101c0227f82dd1b9b38b65b1122943c6b2a1451b26ad6f,"{""observation.images.camera1"": [1, 3, 256, 256], ""observation.images.camera2"": [1, 3, 256, 256], ""observation.language.attention_mask"": [1, 48], ""observation.language.tokens"": [1, 48], ""observation.state"": [1, 8]}",9.826580271317829,3.160496799999999,335.45683133333335,27.80420667800354,964068864,1002438656,/data/vla-forge-artifacts/M02_libero40/registry/runs/20261010T030315-982cacc8515f/videos/goal_task00_episode00_attempt1.mp4,00cb5b928d874977da8fab45ea1750b7bedcf0a513b17cc6c26444a7f1990eed,"image:left,image2:right",/data/vla-forge-artifacts/M02_libero40/registry/runs/20261010T030315-982cacc8515f/rollout-8fb87e74633ca93c/trajectory.npz,b0adb5b529b3d96df9adb96d49cf44f57fb64ff1f42c49a1e9f7a0d476779cff,/data/vla-forge-artifacts/M02_libero40/registry/runs/20261010T030315-982cacc8515f/episodes/goal_task00_episode00_attempt1/action_trace.json,f13a04b3be0fcf46017f0c0185b72ae35ce5c52e1d4442521964aeb4a90fbafb,/data/vla-forge-artifacts/M02_libero40/registry/runs/20261010T030315-982cacc8515f/episodes/goal_task00_episode00_attempt1/episode.json,cfa9222e27f55d4d07881030749e4701a91b17dfc6d91b6a57308f66cf413a90,
goal,libero_goal,0,open_the_middle_drawer_of_the_cabinet,open the middle drawer of the cabinet,1,20261010T030315-982cacc8515f,1,84001,1,complete,True,success,129,300,50,50,relative,31d453f7edd78c839a8bbc39744a292686daf0de,9a9f6413e42c0f332fccbce9a0dc796af2790f82cf002f791cdbf7e01e1afca8,a1aaacb7f6cd6ee5fb43120f673cebb0cfea7dd4,6aba5a609050aacf50101c0227f82dd1b9b38b65b1122943c6b2a1451b26ad6f,"{""observation.images.camera1"": [1, 3, 256, 256], ""observation.images.camera2"": [1, 3, 256, 256], ""observation.language.attention_mask"": [1, 48], ""observation.language.tokens"": [1, 48], ""observation.state"": [1, 8]}",9.184380434108528,2.8765047999999998,307.77626033333337,27.699467867998464,964068864,1002438656,/data/vla-forge-artifacts/M02_libero40/registry/runs/20261010T030315-982cacc8515f/videos/goal_task00_episode01_attempt1.mp4,50d27a2ff2e841bb8c40af3815ecfc941addb8fc1c04d540a7c250da38caeb4b,"image:left,image2:right",/data/vla-forge-artifacts/M02_libero40/registry/runs/20261010T030315-982cacc8515f/rollout-4cd8d763ea100445/trajectory.npz,11e5caaa4e7be7328771175199ea12e494797a72d31c4ecb62f21afd323b5d04,/data/vla-forge-artifacts/M02_libero40/registry/runs/20261010T030315-982cacc8515f/episodes/goal_task00_episode01_attempt1/action_trace.json,b489d6c1ef9d4aa772fdeb1c6689292bf0d7f666479ddedbb21b76f917d24265,/data/vla-forge-artifacts/M02_libero40/registry/runs/20261010T030315-982cacc8515f/episodes/goal_task00_episode01_attempt1/episode.json,bcf503b3297e887c0339e9a4ed20a03c744f92cbc00777a880d506b6b64e364e,
goal,libero_goal,0,open_the_middle_drawer_of_the_cabinet,open the middle drawer of the cabinet,2,20261010T030315-982cacc8515f,2,84002,1,complete,True,success,118,300,50,50,relative,31d453f7edd78c839a8bbc39744a292686daf0de,9a9f6413e42c0f332fccbce9a0dc796af2790f82cf002f791cdbf7e01e1afca8,a1aaacb7f6cd6ee5fb43120f673cebb0cfea7dd4,6aba5a609050aacf50101c0227f82dd1b9b38b65b1122943c6b2a1451b26ad6f,"{""observation.images.camera1"": [1, 3, 256, 256], ""observation.images.camera2"": [1, 3, 256, 256], ""observation.language.attention_mask"": [1, 48], ""observation.language.tokens"": [1, 48], ""observation.state"": [1, 8]}",9.946765872881356,3.2789476499999983,311.106965,25.487533293002343,964068864,1002438656,/data/vla-forge-artifacts/M02_libero40/registry/runs/20261010T030315-982cacc8515f/videos/goal_task00_episode02_attempt1.mp4,0eaf0ae32f5db07dcdf1516280895281c4cf7a01843fa019aafaa5f835741041,"image:left,image2:right",/data/vla-forge-artifacts/M02_libero40/registry/runs/20261010T030315-982cacc8515f/rollout-fcd3e6bcef418c52/trajectory.npz,7a4739c9ea37a0a4421072ab84e936a4fdc429a280d57de758a770bbdfa92d5a,/data/vla-forge-artifacts/M02_libero40/registry/runs/20261010T030315-982cacc8515f/episodes/goal_task00_episode02_attempt1/action_trace.json,0b5403697e43881e2ab3545c16ed597e05d3a322470742192606711e9ad69599,/data/vla-forge-artifacts/M02_libero40/registry/runs/20261010T030315-982cacc8515f/episodes/goal_task00_episode02_attempt1/episode.json,3125a2f84e8b3440e40f4073a05a9d1d7bedb9aad72fabc49f4f1ba5802a7a6e,
goal,libero_goal,0,open_the_middle_drawer_of_the_cabinet,open the middle drawer of the cabinet,3,20261010T030315-982cacc8515f,3,84003,1,complete,True,success,145,300,50,50,relative,31d453f7edd78c839a8bbc39744a292686daf0de,9a9f6413e42c0f332fccbce9a0dc796af2790f82cf002f791cdbf7e01e1afca8,a1aaacb7f6cd6ee5fb43120f673cebb0cfea7dd4,6aba5a609050aacf50101c0227f82dd1b9b38b65b1122943c6b2a1451b26ad6f,"{""observation.images.camera1"": [1, 3, 256, 256], ""observation.images.camera2"": [1, 3, 256, 256], ""observation.language.attention_mask"": [1, 48], ""observation.language.tokens"": [1, 48], ""observation.state"": [1, 8]}",8.52175047586207,2.9353451999999987,315.06668466666673,28.302133110002615,964068864,1002438656,/data/vla-forge-artifacts/M02_libero40/registry/runs/20261010T030315-982cacc8515f/videos/goal_task00_episode03_attempt1.mp4,709588fa4405a02d33cfd068e337c444ef347736d28cf85c880adda5fb09e623,"image:left,image2:right",/data/vla-forge-artifacts/M02_libero40/registry/runs/20261010T030315-982cacc8515f/rollout-4c4a63a542dc32ca/trajectory.npz,4e7191ad7b7a270c58f46d342cc75e3ff2676467a307c8897d0adc0199f0f276,/data/vla-forge-artifacts/M02_libero40/registry/runs/20261010T030315-982cacc8515f/episodes/goal_task00_episode03_attempt1/action_trace.json,703815882ddfc7ea68e71bfd5579731bd8f4e10c77ddb154dd75469f36feef48,/data/vla-forge-artifacts/M02_libero40/registry/runs/20261010T030315-982cacc8515f/episodes/goal_task00_episode03_attempt1/episode.json,518bbeeb3454d370872178e5810d330a1a5080a81ed2805c8c5fa8d081eadf72,
goal,libero_goal,0,open_the_middle_drawer_of_the_cabinet,open the middle drawer of the cabinet,4,20261010T030315-982cacc8515f,4,84004,1,complete,True,success,124,300,50,50,relative,31d453f7edd78c839a8bbc39744a292686daf0de,9a9f6413e42c0f332fccbce9a0dc796af2790f82cf002f791cdbf7e01e1afca8,a1aaacb7f6cd6ee5fb43120f673cebb0cfea7dd4,6aba5a609050aacf50101c0227f82dd1b9b38b65b1122943c6b2a1451b26ad6f,"{""observation.images.camera1"": [1, 3, 256, 256], ""observation.images.camera2"": [1, 3, 256, 256], ""observation.language.attention_mask"": [1, 48], ""observation.language.tokens"": [1, 48], ""observation.state"": [1, 8]}",9.410502572580645,2.98188745,307.6498496666666,24.741253993997816,964068864,1002438656,/data/vla-forge-artifacts/M02_libero40/registry/runs/20261010T030315-982cacc8515f/videos/goal_task00_episode04_attempt1.mp4,c6cc5159786072bb39b29e7adb1c0c973f909e2544b2984c3314f4209a89a818,"image:left,image2:right",/data/vla-forge-artifacts/M02_libero40/registry/runs/20261010T030315-982cacc8515f/rollout-faecb0a1f4a1ce3f/trajectory.npz,2e81fcbee56c898fd175267eb97875b5a34ffd3b9530a1c4ab7fc55a1128b6ae,/data/vla-forge-artifacts/M02_libero40/registry/runs/20261010T030315-982cacc8515f/episodes/goal_task00_episode04_attempt1/action_trace.json,64522f823747bcf3225b1fd302176ead948e1611f13ce71870037b08f8b9682b,/data/vla-forge-artifacts/M02_libero40/registry/runs/20261010T030315-982cacc8515f/episodes/goal_task00_episode04_attempt1/episode.json,b3b384f7ddc465b7c9de7b9265778444711e53e340167548f9c4c456e2310d9b,
goal,libero_goal,0,open_the_middle_drawer_of_the_cabinet,open the middle drawer of the cabinet,5,20261010T030315-982cacc8515f,5,84005,1,complete,True,success,120,300,50,50,relative,31d453f7edd78c839a8bbc39744a292686daf0de,9a9f6413e42c0f332fccbce9a0dc796af2790f82cf002f791cdbf7e01e1afca8,a1aaacb7f6cd6ee5fb43120f673cebb0cfea7dd4,6aba5a609050aacf50101c0227f82dd1b9b38b65b1122943c6b2a1451b26ad6f,"{""observation.images.camera1"": [1, 3, 256, 256], ""observation.images.camera2"": [1, 3, 256, 256], ""observation.language.attention_mask"": [1, 48], ""observation.language.tokens"": [1, 48], ""observation.state"": [1, 8]}",9.553831924999999,2.73145295,305.23666366666663,23.41378825299762,964068864,1002438656,/data/vla-forge-artifacts/M02_libero40/registry/runs/20261010T030315-982cacc8515f/videos/goal_task00_episode05_attempt1.mp4,a3cd3a9d99a96f66eb9a3d8809fd37cd142d99356c1b092ed03f437b793ead16,"image:left,image2:right",/data/vla-forge-artifacts/M02_libero40/registry/runs/20261010T030315-982cacc8515f/rollout-dc0a10d37688523f/trajectory.npz,f1a601bdae312a498457065f95b8e57d0ae807afeede796847efa0191bed4f78,/data/vla-forge-artifacts/M02_libero40/registry/runs/20261010T030315-982cacc8515f/episodes/goal_task00_episode05_attempt1/action_trace.json,3e2880824bbd65a0b1339063db379f3fba57fc23523e911d505894bd2c427e92,/data/vla-forge-artifacts/M02_libero40/registry/runs/20261010T030315-982cacc8515f/episodes/goal_task00_episode05_attempt1/episode.json,5e598711473dbf7014c206d6f2aca0c4752c6f80c68f1c5cde144a6ca4484fa8,
goal,libero_goal,0,open_the_middle_drawer_of_the_cabinet,open the middle drawer of the cabinet,6,20261010T030315-982cacc8515f,6,84006,1,complete,True,success,126,300,50,50,relative,31d453f7edd78c839a8bbc39744a292686daf0de,9a9f6413e42c0f332fccbce9a0dc796af2790f82cf002f791cdbf7e01e1afca8,a1aaacb7f6cd6ee5fb43120f673cebb0cfea7dd4,6aba5a609050aacf50101c0227f82dd1b9b38b65b1122943c6b2a1451b26ad6f,"{""observation.images.camera1"": [1, 3, 256, 256], ""observation.images.camera2"": [1, 3, 256, 256], ""observation.language.attention_mask"": [1, 48], ""observation.language.tokens"": [1, 48], ""observation.state"": [1, 8]}",9.205948238095239,2.946419,305.6277053333333,24.712235927996517,964068864,1002438656,/data/vla-forge-artifacts/M02_libero40/registry/runs/20261010T030315-982cacc8515f/videos/goal_task00_episode06_attempt1.mp4,581571d6a9c5620edffc7a94988ae10060e0f45af0c9e45e01011e4ff1639aa7,"image:left,image2:right",/data/vla-forge-artifacts/M02_libero40/registry/runs/20261010T030315-982cacc8515f/rollout-f06664f2300e974d/trajectory.npz,567009520aeeb4a10da54bdda48fd7fe66bb7a3a0397ad43a27fb519532f17f6,/data/vla-forge-artifacts/M02_libero40/registry/runs/20261010T030315-982cacc8515f/episodes/goal_task00_episode06_attempt1/action_trace.json,2986ec822cbac13cae99d3ebd96a50801c33c8737e856339b6443fa3528e3154,/data/vla-forge-artifacts/M02_libero40/registry/runs/20261010T030315-982cacc8515f/episodes/goal_task00_episode06_attempt1/episode.json,6ca5817436ba27fbc325806e7358176453eb2469bcd3e8cf0d2f98ec624c566e,
goal,libero_goal,0,open_the_middle_drawer_of_the_cabinet,open the middle drawer of the cabinet,7,20261010T030315-982cacc8515f,7,84007,1,complete,True,success,124,300,50,50,relative,31d453f7edd78c839a8bbc39744a292686daf0de,9a9f6413e42c0f332fccbce9a0dc796af2790f82cf002f791cdbf7e01e1afca8,a1aaacb7f6cd6ee5fb43120f673cebb0cfea7dd4,6aba5a609050aacf50101c0227f82dd1b9b38b65b1122943c6b2a1451b26ad6f,"{""observation.images.camera1"": [1, 3, 256, 256], ""observation.images.camera2"": [1, 3, 256, 256], ""observation.language.attention_mask"": [1, 48], ""observation.language.tokens"": [1, 48], ""observation.state"": [1, 8]}",9.272768274193547,2.75663505,302.95318433333335,24.417734034002933,964068864,1002438656,/data/vla-forge-artifacts/M02_libero40/registry/runs/20261010T030315-982cacc8515f/videos/goal_task00_episode07_attempt1.mp4,4302a327608626ff08510654a1043c19bf9f7d13c7249c8da52639871ac5cc62,"image:left,image2:right",/data/vla-forge-artifacts/M02_libero40/registry/runs/20261010T030315-982cacc8515f/rollout-f859cf044514efc9/trajectory.npz,7e9f684b9bbfe7ea7d3e57be8b89a9b2e65e09edd627db4502d1d7a977be461c,/data/vla-forge-artifacts/M02_libero40/registry/runs/20261010T030315-982cacc8515f/episodes/goal_task00_episode07_attempt1/action_trace.json,4fb22833614afd7b783221860e10b151a960a0d9780a39831ea9182bf462aa3e,/data/vla-forge-artifacts/M02_libero40/registry/runs/20261010T030315-982cacc8515f/episodes/goal_task00_episode07_attempt1/episode.json,08ac1ae01d1347a67370b0ba722dea4ca061af966c7b46f577d0811997e90f5a,
goal,libero_goal,0,open_the_middle_drawer_of_the_cabinet,open the middle drawer of the cabinet,8,20261010T030315-982cacc8515f,8,84008,1,complete,True,success,139,300,50,50,relative,31d453f7edd78c839a8bbc39744a292686daf0de,9a9f6413e42c0f332fccbce9a0dc796af2790f82cf002f791cdbf7e01e1afca8,a1aaacb7f6cd6ee5fb43120f673cebb0cfea7dd4,6aba5a609050aacf50101c0227f82dd1b9b38b65b1122943c6b2a1451b26ad6f,"{""observation.images.camera1"": [1, 3, 256, 256], ""observation.images.camera2"": [1, 3, 256, 256], ""observation.language.attention_mask"": [1, 48], ""observation.language.tokens"": [1, 48], ""observation.state"": [1, 8]}",8.632020647482014,3.1293635999999996,307.4917316666667,28.221522943997115,964068864,1002438656,/data/vla-forge-artifacts/M02_libero40/registry/runs/20261010T030315-982cacc8515f/videos/goal_task00_episode08_attempt1.mp4,094d3108e8ed47d959f49662cf37f221cfb62676113d680a3c8342b2915ec04d,"image:left,image2:right",/data/vla-forge-artifacts/M02_libero40/registry/runs/20261010T030315-982cacc8515f/rollout-61ca088e11ddd715/trajectory.npz,d4f690fbc4179df4e94065e9ad339ad241b89105b2f11532facdd3d5bc0b68ab,/data/vla-forge-artifacts/M02_libero40/registry/runs/20261010T030315-982cacc8515f/episodes/goal_task00_episode08_attempt1/action_trace.json,8a0fdf1a46fed053bc7c9a3117fca58f714668bc9541210dff8c1c320a3a2b98,/data/vla-forge-artifacts/M02_libero40/registry/runs/20261010T030315-982cacc8515f/episodes/goal_task00_episode08_attempt1/episode.json,c3dc18b36df62fa520f62e584c1b6fd0de9e6042b1f02c147d6b15db2f3e793e,
goal,libero_goal,0,open_the_middle_drawer_of_the_cabinet,open the middle drawer of the cabinet,9,20261010T030315-982cacc8515f,9,84009,1,complete,True,success,122,300,50,50,relative,31d453f7edd78c839a8bbc39744a292686daf0de,9a9f6413e42c0f332fccbce9a0dc796af2790f82cf002f791cdbf7e01e1afca8,a1aaacb7f6cd6ee5fb43120f673cebb0cfea7dd4,6aba5a609050aacf50101c0227f82dd1b9b38b65b1122943c6b2a1451b26ad6f,"{""observation.images.camera1"": [1, 3, 256, 256], ""observation.images.camera2"": [1, 3, 256, 256], ""observation.language.attention_mask"": [1, 48], ""observation.language.tokens"": [1, 48], ""observation.state"": [1, 8]}",9.778980762295085,3.1274680499999996,315.7172123333333,25.116500525000447,964068864,1002438656,/data/vla-forge-artifacts/M02_libero40/registry/runs/20261010T030315-982cacc8515f/videos/goal_task00_episode09_attempt1.mp4,649269aa3a2eb324a5459f46bc25c83cf38c4721f69ae037ebd568d444f93dc3,"image:left,image2:right",/data/vla-forge-artifacts/M02_libero40/registry/runs/20261010T030315-982cacc8515f/rollout-ef8d54e6e93c4bf6/trajectory.npz,7349f93df299dc99d69f43859d2db150ecfea99019dce1730aa5567e3b139b45,/data/vla-forge-artifacts/M02_libero40/registry/runs/20261010T030315-982cacc8515f/episodes/goal_task00_episode09_attempt1/action_trace.json,11d7928cdf2878e6df2042c137860ef1e3633fd4431b91d218c22c67fc50f20c,/data/vla-forge-artifacts/M02_libero40/registry/runs/20261010T030315-982cacc8515f/episodes/goal_task00_episode09_attempt1/episode.json,cb8824b8e55e9cd59d5f9f5588b90274ca39ef8b962d1beda346c1e91f90612f,
goal,libero_goal,1,put_the_bowl_on_the_stove,put the bowl on the stove,0,20261010T030315-982cacc8515f,0,84010,1,complete,True,success,88,300,50,50,relative,31d453f7edd78c839a8bbc39744a292686daf0de,9a9f6413e42c0f332fccbce9a0dc796af2790f82cf002f791cdbf7e01e1afca8,a1aaacb7f6cd6ee5fb43120f673cebb0cfea7dd4,6aba5a609050aacf50101c0227f82dd1b9b38b65b1122943c6b2a1451b26ad6f,"{""observation.images.camera1"": [1, 3, 256, 256], ""observation.images.camera2"": [1, 3, 256, 256], ""observation.language.attention_mask"": [1, 48], ""observation.language.tokens"": [1, 48], ""observation.state"": [1, 8]}",9.099676874999998,2.7635408999999997,312.515209,18.70475029600493,964068864,1002438656,/data/vla-forge-artifacts/M02_libero40/registry/runs/20261010T030315-982cacc8515f/videos/goal_task01_episode00_attempt1.mp4,f0e571ce760b542f6c392c274d8ef47fe62ce9ad8e158b5f3b39e9808942eaf7,"image:left,image2:right",/data/vla-forge-artifacts/M02_libero40/registry/runs/20261010T030315-982cacc8515f/rollout-863f929c90687b3c/trajectory.npz,94638b425723a006901d70e0c2ca8dfa735361d3e11c8d23333a098ca18484f1,/data/vla-forge-artifacts/M02_libero40/registry/runs/20261010T030315-982cacc8515f/episodes/goal_task01_episode00_attempt1/action_trace.json,9ee5fefd89fb47537ad5f9177d4cb8f62d428808b4502f097bb8026bee2e1773,/data/vla-forge-artifacts/M02_libero40/registry/runs/20261010T030315-982cacc8515f/episodes/goal_task01_episode00_attempt1/episode.json,f1d9d64b83d0fa075a4b0d6411b89f6fd427b2f36a1871a7db4fad02cf651dc9,
goal,libero_goal,1,put_the_bowl_on_the_stove,put the bowl on the stove,1,20261010T030315-982cacc8515f,1,84011,1,complete,True,success,88,300,50,50,relative,31d453f7edd78c839a8bbc39744a292686daf0de,9a9f6413e42c0f332fccbce9a0dc796af2790f82cf002f791cdbf7e01e1afca8,a1aaacb7f6cd6ee5fb43120f673cebb0cfea7dd4,6aba5a609050aacf50101c0227f82dd1b9b38b65b1122943c6b2a1451b26ad6f,"{""observation.images.camera1"": [1, 3, 256, 256], ""observation.images.camera2"": [1, 3, 256, 256], ""observation.language.attention_mask"": [1, 48], ""observation.language.tokens"": [1, 48], ""observation.state"": [1, 8]}",8.862957784090911,3.0867367999999997,299.8248425,19.747031232000154,964068864,1002438656,/data/vla-forge-artifacts/M02_libero40/registry/runs/20261010T030315-982cacc8515f/videos/goal_task01_episode01_attempt1.mp4,93990c27518f26f66db740b2428e7417fc9c5bcdd7bde2f0d893bb43bb283a3e,"image:left,image2:right",/data/vla-forge-artifacts/M02_libero40/registry/runs/20261010T030315-982cacc8515f/rollout-b3d6a3ca25c0a5f6/trajectory.npz,56c62338fa9851c45f43eaee331db5bbc17c14517559530c6543bfa816af4f9c,/data/vla-forge-artifacts/M02_libero40/registry/runs/20261010T030315-982cacc8515f/episodes/goal_task01_episode01_attempt1/action_trace.json,d0f924542b58433ae0870e0e8e8534d2d92f95645068cc476f078a026a555f09,/data/vla-forge-artifacts/M02_libero40/registry/runs/20261010T030315-982cacc8515f/episodes/goal_task01_episode01_attempt1/episode.json,4527b16d276ef048d30f93f634bf5c2c0ab5ade774f07146ef7450bc736c6d75,
goal,libero_goal,1,put_the_bowl_on_the_stove,put the bowl on the stove,2,20261010T030315-982cacc8515f,2,84012,1,complete,True,success,84,300,50,50,relative,31d453f7edd78c839a8bbc39744a292686daf0de,9a9f6413e42c0f332fccbce9a0dc796af2790f82cf002f791cdbf7e01e1afca8,a1aaacb7f6cd6ee5fb43120f673cebb0cfea7dd4,6aba5a609050aacf50101c0227f82dd1b9b38b65b1122943c6b2a1451b26ad6f,"{""observation.images.camera1"": [1, 3, 256, 256], ""observation.images.camera2"": [1, 3, 256, 256], ""observation.language.attention_mask"": [1, 48], ""observation.language.tokens"": [1, 48], ""observation.state"": [1, 8]}",9.692753333333334,2.9279483499999994,324.554813,18.62873267300165,964068864,1002438656,/data/vla-forge-artifacts/M02_libero40/registry/runs/20261010T030315-982cacc8515f/videos/goal_task01_episode02_attempt1.mp4,719032f22f040da28e475981b669cbe987fb63a71faec5a88af7a310c5b0c0ef,"image:left,image2:right",/data/vla-forge-artifacts/M02_libero40/registry/runs/20261010T030315-982cacc8515f/rollout-878b7d78342a132e/trajectory.npz,8e15a6f548443e5feb45e7c77fb505570e2d028b4c6113e442238b4ced819251,/data/vla-forge-artifacts/M02_libero40/registry/runs/20261010T030315-982cacc8515f/episodes/goal_task01_episode02_attempt1/action_trace.json,103a7fb7626d27c910a089324386415dbf50dfabfcc1763945d9faf45c38446a,/data/vla-forge-artifacts/M02_libero40/registry/runs/20261010T030315-982cacc8515f/episodes/goal_task01_episode02_attempt1/episode.json,184af1ff6a3b481bb4407f4aa782cb187c7333b5ada105cbb30418e63b807dc3,
goal,libero_goal,1,put_the_bowl_on_the_stove,put the bowl on the stove,3,20261010T030315-982cacc8515f,3,84013,1,complete,True,success,93,300,50,50,relative,31d453f7edd78c839a8bbc39744a292686daf0de,9a9f6413e42c0f332fccbce9a0dc796af2790f82cf002f791cdbf7e01e1afca8,a1aaacb7f6cd6ee5fb43120f673cebb0cfea7dd4,6aba5a609050aacf50101c0227f82dd1b9b38b65b1122943c6b2a1451b26ad6f,"{""observation.images.camera1"": [1, 3, 256, 256], ""observation.images.camera2"": [1, 3, 256, 256], ""observation.language.attention_mask"": [1, 48], ""observation.language.tokens"": [1, 48], ""observation.state"": [1, 8]}",9.334678537634408,2.882466199999995,339.934384,20.66451876600331,964068864,1002438656,/data/vla-forge-artifacts/M02_libero40/registry/runs/20261010T030315-982cacc8515f/videos/goal_task01_episode03_attempt1.mp4,4cf96395963540e9e9f8c742ccee74be18ac6cea64ef9093c27c431858a45059,"image:left,image2:right",/data/vla-forge-artifacts/M02_libero40/registry/runs/20261010T030315-982cacc8515f/rollout-eb14471c66922072/trajectory.npz,c83333c4667041141a6578fad2d4b942ac26a8f686f6ed887d145c5eae75b334,/data/vla-forge-artifacts/M02_libero40/registry/runs/20261010T030315-982cacc8515f/episodes/goal_task01_episode03_attempt1/action_trace.json,d9699e667b5416a39a26fcaf4881d73a7ef99660c8a73e70fdfe093e03d4ec3b,/data/vla-forge-artifacts/M02_libero40/registry/runs/20261010T030315-982cacc8515f/episodes/goal_task01_episode03_attempt1/episode.json,2f07fbd562b0c6e7f13e79b4416f8ce1fee28c06b02908c045b3f89ab43bc5a1,
goal,libero_goal,1,put_the_bowl_on_the_stove,put the bowl on the stove,4,20261010T030315-982cacc8515f,4,84014,1,complete,True,success,88,300,50,50,relative,31d453f7edd78c839a8bbc39744a292686daf0de,9a9f6413e42c0f332fccbce9a0dc796af2790f82cf002f791cdbf7e01e1afca8,a1aaacb7f6cd6ee5fb43120f673cebb0cfea7dd4,6aba5a609050aacf50101c0227f82dd1b9b38b65b1122943c6b2a1451b26ad6f,"{""observation.images.camera1"": [1, 3, 256, 256], ""observation.images.camera2"": [1, 3, 256, 256], ""observation.language.attention_mask"": [1, 48], ""observation.language.tokens"": [1, 48], ""observation.state"": [1, 8]}",9.16609718181818,2.994840499999999,315.6858075,19.5233112959977,964068864,1002438656,/data/vla-forge-artifacts/M02_libero40/registry/runs/20261010T030315-982cacc8515f/videos/goal_task01_episode04_attempt1.mp4,3d9e414cda68f39cb94ea6e16ba12f77214521f2e96a14486e53eb95c74d71e5,"image:left,image2:right",/data/vla-forge-artifacts/M02_libero40/registry/runs/20261010T030315-982cacc8515f/rollout-92e117a8c535f071/trajectory.npz,f85948d74bef42c3c1979dc9f7a252fb4e81086b24f9b1d9131c6629b55a1310,/data/vla-forge-artifacts/M02_libero40/registry/runs/20261010T030315-982cacc8515f/episodes/goal_task01_episode04_attempt1/action_trace.json,21363dc144ff200befe8b6347fc4e416dab2ace4cb810766237c4d7273c1cd9a,/data/vla-forge-artifacts/M02_libero40/registry/runs/20261010T030315-982cacc8515f/episodes/goal_task01_episode04_attempt1/episode.json,04545348f7235d6f72773268653a18210bdb1936a61aed26df45a3eaf236998b,
goal,libero_goal,1,put_the_bowl_on_the_stove,put the bowl on the stove,5,20261010T030315-982cacc8515f,5,84015,1,complete,True,success,90,300,50,50,relative,31d453f7edd78c839a8bbc39744a292686daf0de,9a9f6413e42c0f332fccbce9a0dc796af2790f82cf002f791cdbf7e01e1afca8,a1aaacb7f6cd6ee5fb43120f673cebb0cfea7dd4,6aba5a609050aacf50101c0227f82dd1b9b38b65b1122943c6b2a1451b26ad6f,"{""observation.images.camera1"": [1, 3, 256, 256], ""observation.images.camera2"": [1, 3, 256, 256], ""observation.language.attention_mask"": [1, 48], ""observation.language.tokens"": [1, 48], ""observation.state"": [1, 8]}",8.665803777777779,2.3363631,304.6951255,19.267066221997084,964068864,1002438656,/data/vla-forge-artifacts/M02_libero40/registry/runs/20261010T030315-982cacc8515f/videos/goal_task01_episode05_attempt1.mp4,da34e17b51b0a305199f4d604ebdda8e76f085118d0587e6f522a6a2baba70a9,"image:left,image2:right",/data/vla-forge-artifacts/M02_libero40/registry/runs/20261010T030315-982cacc8515f/rollout-9102775022a792f1/trajectory.npz,7781801c92412c4b2d7edfead54ac2eb3368f330ed2f6be402a286ace116e5a5,/data/vla-forge-artifacts/M02_libero40/registry/runs/20261010T030315-982cacc8515f/episodes/goal_task01_episode05_attempt1/action_trace.json,67c21824448172b232c5b1f907ecadb062bebe9713d1b6718d89571c641c5a77,/data/vla-forge-artifacts/M02_libero40/registry/runs/20261010T030315-982cacc8515f/episodes/goal_task01_episode05_attempt1/episode.json,4296c69a7cc32590e9945c25e5cb1d5d34635e7bba1e0891084272dd07731bec,
goal,libero_goal,1,put_the_bowl_on_the_stove,put the bowl on the stove,6,20261010T030315-982cacc8515f,6,84016,1,complete,True,success,96,300,50,50,relative,31d453f7edd78c839a8bbc39744a292686daf0de,9a9f6413e42c0f332fccbce9a0dc796af2790f82cf002f791cdbf7e01e1afca8,a1aaacb7f6cd6ee5fb43120f673cebb0cfea7dd4,6aba5a609050aacf50101c0227f82dd1b9b38b65b1122943c6b2a1451b26ad6f,"{""observation.images.camera1"": [1, 3, 256, 256], ""observation.images.camera2"": [1, 3, 256, 256], ""observation.language.attention_mask"": [1, 48], ""observation.language.tokens"": [1, 48], ""observation.state"": [1, 8]}",8.2758769375,3.125486,298.8015115,21.035458979000396,964068864,1002438656,/data/vla-forge-artifacts/M02_libero40/registry/runs/20261010T030315-982cacc8515f/videos/goal_task01_episode06_attempt1.mp4,a25b4d57d5576c0f3af606fe81f4596c6fd883f25ce747b7d4d841f83a7caae5,"image:left,image2:right",/data/vla-forge-artifacts/M02_libero40/registry/runs/20261010T030315-982cacc8515f/rollout-b89519ded0bac793/trajectory.npz,560ae249e4d85f370ebe33a0fead21f81c833a4957c92e1f6793a940b910b1b7,/data/vla-forge-artifacts/M02_libero40/registry/runs/20261010T030315-982cacc8515f/episodes/goal_task01_episode06_attempt1/action_trace.json,923a0205e39bd2778cf6a2af02084122f9c6ec3b84438dce076361981dcd63bd,/data/vla-forge-artifacts/M02_libero40/registry/runs/20261010T030315-982cacc8515f/episodes/goal_task01_episode06_attempt1/episode.json,68c6a289cae5c7193f0c9af668379c7778a85449691f76733a585729630feb2a,
goal,libero_goal,1,put_the_bowl_on_the_stove,put the bowl on the stove,7,20261010T030315-982cacc8515f,7,84017,1,complete,True,success,89,300,50,50,relative,31d453f7edd78c839a8bbc39744a292686daf0de,9a9f6413e42c0f332fccbce9a0dc796af2790f82cf002f791cdbf7e01e1afca8,a1aaacb7f6cd6ee5fb43120f673cebb0cfea7dd4,6aba5a609050aacf50101c0227f82dd1b9b38b65b1122943c6b2a1451b26ad6f,"{""observation.images.camera1"": [1, 3, 256, 256], ""observation.images.camera2"": [1, 3, 256, 256], ""observation.language.attention_mask"": [1, 48], ""observation.language.tokens"": [1, 48], ""observation.state"": [1, 8]}",9.079677719101124,3.2007325999999994,312.56488,20.043968625999696,964068864,1002438656,/data/vla-forge-artifacts/M02_libero40/registry/runs/20261010T030315-982cacc8515f/videos/goal_task01_episode07_attempt1.mp4,d47f26bc6a8f927c223128e919e89f8e16dd15253e699db3049821db3fc7f230,"image:left,image2:right",/data/vla-forge-artifacts/M02_libero40/registry/runs/20261010T030315-982cacc8515f/rollout-d8e3848b271bc595/trajectory.npz,c1eba7a2eba73d9705dfaff305dc098bc9904cfe56b0949bee5dabed45a7a2db,/data/vla-forge-artifacts/M02_libero40/registry/runs/20261010T030315-982cacc8515f/episodes/goal_task01_episode07_attempt1/action_trace.json,49c8cd25d0489d7de54be5c95b615c7398888c3beea1aebc8b9bf67f34cdf28b,/data/vla-forge-artifacts/M02_libero40/registry/runs/20261010T030315-982cacc8515f/episodes/goal_task01_episode07_attempt1/episode.json,78a3c75e0a42e4be0bcf844b08d5f47906b7f34a5c3d3eca2b020f5cb9cbcc1e,
goal,libero_goal,1,put_the_bowl_on_the_stove,put the bowl on the stove,8,20261010T030315-982cacc8515f,8,84018,1,complete,True,success,80,300,50,50,relative,31d453f7edd78c839a8bbc39744a292686daf0de,9a9f6413e42c0f332fccbce9a0dc796af2790f82cf002f791cdbf7e01e1afca8,a1aaacb7f6cd6ee5fb43120f673cebb0cfea7dd4,6aba5a609050aacf50101c0227f82dd1b9b38b65b1122943c6b2a1451b26ad6f,"{""observation.images.camera1"": [1, 3, 256, 256], ""observation.images.camera2"": [1, 3, 256, 256], ""observation.language.attention_mask"": [1, 48], ""observation.language.tokens"": [1, 48], ""observation.state"": [1, 8]}",9.552666675000001,2.3048916499999987,305.50959750000004,16.751105593997636,964068864,1002438656,/data/vla-forge-artifacts/M02_libero40/registry/runs/20261010T030315-982cacc8515f/videos/goal_task01_episode08_attempt1.mp4,533a246f29233567febd01a37dd8a539a8f46c77a60ffcf06ce899ab0a4cd877,"image:left,image2:right",/data/vla-forge-artifacts/M02_libero40/registry/runs/20261010T030315-982cacc8515f/rollout-a532d9ad5c4ead33/trajectory.npz,2bd6e90cc92a5b9d517ebb13613b98887f973ba40b0d8aae024720216c1a7b97,/data/vla-forge-artifacts/M02_libero40/registry/runs/20261010T030315-982cacc8515f/episodes/goal_task01_episode08_attempt1/action_trace.json,ea73efb5865b221d9a3eee77b27bfe7698d86f704f0cbc7a7ae74169cc73b454,/data/vla-forge-artifacts/M02_libero40/registry/runs/20261010T030315-982cacc8515f/episodes/goal_task01_episode08_attempt1/episode.json,a6ac185d7438925f473336d3c28e0e53616da009b27c1212790fd60eff258475,
goal,libero_goal,1,put_the_bowl_on_the_stove,put the bowl on the stove,9,20261010T030315-982cacc8515f,9,84019,1,complete,True,success,86,300,50,50,relative,31d453f7edd78c839a8bbc39744a292686daf0de,9a9f6413e42c0f332fccbce9a0dc796af2790f82cf002f791cdbf7e01e1afca8,a1aaacb7f6cd6ee5fb43120f673cebb0cfea7dd4,6aba5a609050aacf50101c0227f82dd1b9b38b65b1122943c6b2a1451b26ad6f,"{""observation.images.camera1"": [1, 3, 256, 256], ""observation.images.camera2"": [1, 3, 256, 256], ""observation.language.attention_mask"": [1, 48], ""observation.language.tokens"": [1, 48], ""observation.state"": [1, 8]}",9.009095255813953,2.2746489999999997,305.23936000000003,17.885913268997683,964068864,1002438656,/data/vla-forge-artifacts/M02_libero40/registry/runs/20261010T030315-982cacc8515f/videos/goal_task01_episode09_attempt1.mp4,bc173d309d577a0ca299f1eea6347285e3549f559dd2ea0a4425f2830e07da05,"image:left,image2:right",/data/vla-forge-artifacts/M02_libero40/registry/runs/20261010T030315-982cacc8515f/rollout-0c5bf3736be78659/trajectory.npz,6f91b643830bfee8bfe6ea59680b012d02ca6922791f473c240432c4123ae5ae,/data/vla-forge-artifacts/M02_libero40/registry/runs/20261010T030315-982cacc8515f/episodes/goal_task01_episode09_attempt1/action_trace.json,2ddc552a112ac440b457264e3eb139ca0eb39677ec15eab57d86676010eb0ff2,/data/vla-forge-artifacts/M02_libero40/registry/runs/20261010T030315-982cacc8515f/episodes/goal_task01_episode09_attempt1/episode.json,f601f145a9e03bac1300ab0036a73f19c6af59eb2002368ffa9609424e6d8b15,
goal,libero_goal,2,put_the_wine_bottle_on_top_of_the_cabinet,put the wine bottle on top of the cabinet,0,20261010T030315-982cacc8515f,0,84020,1,complete,True,success,88,300,50,50,relative,31d453f7edd78c839a8bbc39744a292686daf0de,9a9f6413e42c0f332fccbce9a0dc796af2790f82cf002f791cdbf7e01e1afca8,a1aaacb7f6cd6ee5fb43120f673cebb0cfea7dd4,6aba5a609050aacf50101c0227f82dd1b9b38b65b1122943c6b2a1451b26ad6f,"{""observation.images.camera1"": [1, 3, 256, 256], ""observation.images.camera2"": [1, 3, 256, 256], ""observation.language.attention_mask"": [1, 48], ""observation.language.tokens"": [1, 48], ""observation.state"": [1, 8]}",9.680162738636364,2.8801738999999986,337.9863965,19.48760863699863,964068864,1002438656,/data/vla-forge-artifacts/M02_libero40/registry/runs/20261010T030315-982cacc8515f/videos/goal_task02_episode00_attempt1.mp4,96ecacc3eaf7c22e39938c42ce69946e64675cbb06e22b9fbbdfe86b67060b3a,"image:left,image2:right",/data/vla-forge-artifacts/M02_libero40/registry/runs/20261010T030315-982cacc8515f/rollout-fbf35ab8a342d2a6/trajectory.npz,8607edc95199f75d16ec1093fce71f0425b7b9fd4a47b8d0cda62662a9fa2622,/data/vla-forge-artifacts/M02_libero40/registry/runs/20261010T030315-982cacc8515f/episodes/goal_task02_episode00_attempt1/action_trace.json,32be024ca64e4e3be08ac672443c278d3e06d237e2b70ba9a8865f9fb62e6b6f,/data/vla-forge-artifacts/M02_libero40/registry/runs/20261010T030315-982cacc8515f/episodes/goal_task02_episode00_attempt1/episode.json,2e20c7945a10b29bf5a27839724376245de1ac205d14fbd507ac558558d4be30,
goal,libero_goal,2,put_the_wine_bottle_on_top_of_the_cabinet,put the wine bottle on top of the cabinet,1,20261010T030315-982cacc8515f,1,84021,1,complete,True,success,104,300,50,50,relative,31d453f7edd78c839a8bbc39744a292686daf0de,9a9f6413e42c0f332fccbce9a0dc796af2790f82cf002f791cdbf7e01e1afca8,a1aaacb7f6cd6ee5fb43120f673cebb0cfea7dd4,6aba5a609050aacf50101c0227f82dd1b9b38b65b1122943c6b2a1451b26ad6f,"{""observation.images.camera1"": [1, 3, 256, 256], ""observation.images.camera2"": [1, 3, 256, 256], ""observation.language.attention_mask"": [1, 48], ""observation.language.tokens"": [1, 48], ""observation.state"": [1, 8]}",10.790527778846155,2.898607349999999,306.5139923333333,23.36290389199712,964068864,1002438656,/data/vla-forge-artifacts/M02_libero40/registry/runs/20261010T030315-982cacc8515f/videos/goal_task02_episode01_attempt1.mp4,933666fb3cce220a9d37cd53d7682f9787db44ed27105b320b639db19a8be552,"image:left,image2:right",/data/vla-forge-artifacts/M02_libero40/registry/runs/20261010T030315-982cacc8515f/rollout-d5f8e7256ff81c9e/trajectory.npz,ccb0829b6a6aa77c3987082b9fa4a2f83617df52323280055cc7a39b09563f1c,/data/vla-forge-artifacts/M02_libero40/registry/runs/20261010T030315-982cacc8515f/episodes/goal_task02_episode01_attempt1/action_trace.json,eda42b30e4af5d1674927c520544203885fa6d16e47f5778e821129663a10e13,/data/vla-forge-artifacts/M02_libero40/registry/runs/20261010T030315-982cacc8515f/episodes/goal_task02_episode01_attempt1/episode.json,767262d391e8966d4b299e57359f23dc373217ffb7dfbb83754aa738a78bc9be,
goal,libero_goal,2,put_the_wine_bottle_on_top_of_the_cabinet,put the wine bottle on top of the cabinet,2,20261010T030315-982cacc8515f,2,84022,1,complete,True,success,96,300,50,50,relative,31d453f7edd78c839a8bbc39744a292686daf0de,9a9f6413e42c0f332fccbce9a0dc796af2790f82cf002f791cdbf7e01e1afca8,a1aaacb7f6cd6ee5fb43120f673cebb0cfea7dd4,6aba5a609050aacf50101c0227f82dd1b9b38b65b1122943c6b2a1451b26ad6f,"{""observation.images.camera1"": [1, 3, 256, 256], ""observation.images.camera2"": [1, 3, 256, 256], ""observation.language.attention_mask"": [1, 48], ""observation.language.tokens"": [1, 48], ""observation.state"": [1, 8]}",8.40025071875,2.9710575,307.71932549999997,21.517159987000923,964068864,1002438656,/data/vla-forge-artifacts/M02_libero40/registry/runs/20261010T030315-982cacc8515f/videos/goal_task02_episode02_attempt1.mp4,cc6b349dfbcb49f790c3b54eb7bf3587cb099dae4b94f204c130cab83ba90b67,"image:left,image2:right",/data/vla-forge-artifacts/M02_libero40/registry/runs/20261010T030315-982cacc8515f/rollout-12ea23f66be380a5/trajectory.npz,f387c459f7b48b410b28117e27abaf93873153355b2554aaaa68c71a04149cc6,/data/vla-forge-artifacts/M02_libero40/registry/runs/20261010T030315-982cacc8515f/episodes/goal_task02_episode02_attempt1/action_trace.json,5e10d5bb72847a9fcb6fcdd3ddfd42bf9ba61a00b6992f7fe7f78ac135e38145,/data/vla-forge-artifacts/M02_libero40/registry/runs/20261010T030315-982cacc8515f/episodes/goal_task02_episode02_attempt1/episode.json,9b26c9d2be0650c88a5fd2f5000afd47b95f6f9c6724d0ee3189ee6110e24aca,
goal,libero_goal,2,put_the_wine_bottle_on_top_of_the_cabinet,put the wine bottle on top of the cabinet,3,20261010T030315-982cacc8515f,3,84023,1,complete,False,timeout,300,300,50,50,relative,31d453f7edd78c839a8bbc39744a292686daf0de,9a9f6413e42c0f332fccbce9a0dc796af2790f82cf002f791cdbf7e01e1afca8,a1aaacb7f6cd6ee5fb43120f673cebb0cfea7dd4,6aba5a609050aacf50101c0227f82dd1b9b38b65b1122943c6b2a1451b26ad6f,"{""observation.images.camera1"": [1, 3, 256, 256], ""observation.images.camera2"": [1, 3, 256, 256], ""observation.language.attention_mask"": [1, 48], ""observation.language.tokens"": [1, 48], ""observation.state"": [1, 8]}",8.493665616666668,3.0378039,325.1988048333333,60.479658609998296,964068864,1002438656,/data/vla-forge-artifacts/M02_libero40/registry/runs/20261010T030315-982cacc8515f/videos/goal_task02_episode03_attempt1.mp4,2fe5cbf8cf7d20fee9ec430c7d1ba095682cef2d8dc16606967688b20770d8d2,"image:left,image2:right",/data/vla-forge-artifacts/M02_libero40/registry/runs/20261010T030315-982cacc8515f/rollout-583ae1dbce218ce2/trajectory.npz,97d7b841472d93ae5afc54b8145668bc818adf82b7347ae93028a5fa9ef6fdc3,/data/vla-forge-artifacts/M02_libero40/registry/runs/20261010T030315-982cacc8515f/episodes/goal_task02_episode03_attempt1/action_trace.json,90fcf27c18e5e11e590625052f1bf3b036f908f7997d53b087c10e8cc354f7b8,/data/vla-forge-artifacts/M02_libero40/registry/runs/20261010T030315-982cacc8515f/episodes/goal_task02_episode03_attempt1/episode.json,0d8ae3b7b1117195502d53f0833580b00c6ce0fc85da311d1af547f361d8be31,
goal,libero_goal,2,put_the_wine_bottle_on_top_of_the_cabinet,put the wine bottle on top of the cabinet,4,20261010T030315-982cacc8515f,4,84024,1,complete,True,success,95,300,50,50,relative,31d453f7edd78c839a8bbc39744a292686daf0de,9a9f6413e42c0f332fccbce9a0dc796af2790f82cf002f791cdbf7e01e1afca8,a1aaacb7f6cd6ee5fb43120f673cebb0cfea7dd4,6aba5a609050aacf50101c0227f82dd1b9b38b65b1122943c6b2a1451b26ad6f,"{""observation.images.camera1"": [1, 3, 256, 256], ""observation.images.camera2"": [1, 3, 256, 256], ""observation.language.attention_mask"": [1, 48], ""observation.language.tokens"": [1, 48], ""observation.state"": [1, 8]}",8.432622210526315,2.808098999999998,307.27652950000004,21.146973082999466,964068864,1002438656,/data/vla-forge-artifacts/M02_libero40/registry/runs/20261010T030315-982cacc8515f/videos/goal_task02_episode04_attempt1.mp4,a04fbe3622a70d45c81d15a22f89c888012de929f91e066fe5d05734d4a747e4,"image:left,image2:right",/data/vla-forge-artifacts/M02_libero40/registry/runs/20261010T030315-982cacc8515f/rollout-f60c7c33d0bb9282/trajectory.npz,24bb14c9d5f507778beb573c13abf4cbdb8ab61e0efc9c210f2a72fbc77f9a57,/data/vla-forge-artifacts/M02_libero40/registry/runs/20261010T030315-982cacc8515f/episodes/goal_task02_episode04_attempt1/action_trace.json,c12690ac0c826938c0f7ba57d811b37ecf3c951b12ef9757e7e7b8263cf8305b,/data/vla-forge-artifacts/M02_libero40/registry/runs/20261010T030315-982cacc8515f/episodes/goal_task02_episode04_attempt1/episode.json,f43595b0bfeb6eb7f3d0827f399c53d86577b5d42a4ba9b6b2e4516a00fdbf2e,
goal,libero_goal,2,put_the_wine_bottle_on_top_of_the_cabinet,put the wine bottle on top of the cabinet,5,20261010T030315-982cacc8515f,5,84025,1,complete,True,success,90,300,50,50,relative,31d453f7edd78c839a8bbc39744a292686daf0de,9a9f6413e42c0f332fccbce9a0dc796af2790f82cf002f791cdbf7e01e1afca8,a1aaacb7f6cd6ee5fb43120f673cebb0cfea7dd4,6aba5a609050aacf50101c0227f82dd1b9b38b65b1122943c6b2a1451b26ad6f,"{""observation.images.camera1"": [1, 3, 256, 256], ""observation.images.camera2"": [1, 3, 256, 256], ""observation.language.attention_mask"": [1, 48], ""observation.language.tokens"": [1, 48], ""observation.state"": [1, 8]}",8.6731807,2.9505156499999985,300.81991400000004,19.47895175799931,964068864,1002438656,/data/vla-forge-artifacts/M02_libero40/registry/runs/20261010T030315-982cacc8515f/videos/goal_task02_episode05_attempt1.mp4,1a593caa829c53b45a0e1d0a63b03bca3e5427c52fc73ad5e57e688a77a36ba2,"image:left,image2:right",/data/vla-forge-artifacts/M02_libero40/registry/runs/20261010T030315-982cacc8515f/rollout-a69e7f21d56fe582/trajectory.npz,acde37c7701ca87a4d46de35ba32d346f5c8fb83e26e9d2749d643f0bc4151bf,/data/vla-forge-artifacts/M02_libero40/registry/runs/20261010T030315-982cacc8515f/episodes/goal_task02_episode05_attempt1/action_trace.json,f862607fc7dd9132726c41a2aaf2f455b281f2ac6d8469cce840929d652f8552,/data/vla-forge-artifacts/M02_libero40/registry/runs/20261010T030315-982cacc8515f/episodes/goal_task02_episode05_attempt1/episode.json,15427f960cadb02c074eba1784d1f0e8731aa62ea0f63a1f6c5a8fa47a1e5e40,
goal,libero_goal,2,put_the_wine_bottle_on_top_of_the_cabinet,put the wine bottle on top of the cabinet,6,20261010T030315-982cacc8515f,6,84026,1,complete,True,success,87,300,50,50,relative,31d453f7edd78c839a8bbc39744a292686daf0de,9a9f6413e42c0f332fccbce9a0dc796af2790f82cf002f791cdbf7e01e1afca8,a1aaacb7f6cd6ee5fb43120f673cebb0cfea7dd4,6aba5a609050aacf50101c0227f82dd1b9b38b65b1122943c6b2a1451b26ad6f,"{""observation.images.camera1"": [1, 3, 256, 256], ""observation.images.camera2"": [1, 3, 256, 256], ""observation.language.attention_mask"": [1, 48], ""observation.language.tokens"": [1, 48], ""observation.state"": [1, 8]}",8.914164540229883,2.7861178,302.49472749999995,19.10158282300108,964068864,1002438656,/data/vla-forge-artifacts/M02_libero40/registry/runs/20261010T030315-982cacc8515f/videos/goal_task02_episode06_attempt1.mp4,46f041a1866e23aeb48115872e173ad742f097eda6a58b0fd4d0797fa0089a07,"image:left,image2:right",/data/vla-forge-artifacts/M02_libero40/registry/runs/20261010T030315-982cacc8515f/rollout-47f025768f85394e/trajectory.npz,13997192e008565bf1342121311d1bf0f3de0b59e8e7c70a37ac969e9457b4bb,/data/vla-forge-artifacts/M02_libero40/registry/runs/20261010T030315-982cacc8515f/episodes/goal_task02_episode06_attempt1/action_trace.json,6182fcb968bb21ee3d53d5158fa55ddd0ea66cd8074250f8b6563f8a325b936f,/data/vla-forge-artifacts/M02_libero40/registry/runs/20261010T030315-982cacc8515f/episodes/goal_task02_episode06_attempt1/episode.json,e103b26529d3d0ccfeb40b8b224721b4fe0c7b5eac6c0b2bd06245c3f440ec09,
goal,libero_goal,2,put_the_wine_bottle_on_top_of_the_cabinet,put the wine bottle on top of the cabinet,7,20261010T030315-982cacc8515f,7,84027,1,complete,True,success,86,300,50,50,relative,31d453f7edd78c839a8bbc39744a292686daf0de,9a9f6413e42c0f332fccbce9a0dc796af2790f82cf002f791cdbf7e01e1afca8,a1aaacb7f6cd6ee5fb43120f673cebb0cfea7dd4,6aba5a609050aacf50101c0227f82dd1b9b38b65b1122943c6b2a1451b26ad6f,"{""observation.images.camera1"": [1, 3, 256, 256], ""observation.images.camera2"": [1, 3, 256, 256], ""observation.language.attention_mask"": [1, 48], ""observation.language.tokens"": [1, 48], ""observation.state"": [1, 8]}",9.244366558139536,3.11967975,309.597466,19.503413120000914,964068864,1002438656,/data/vla-forge-artifacts/M02_libero40/registry/runs/20261010T030315-982cacc8515f/videos/goal_task02_episode07_attempt1.mp4,246d8cde0a16cfe06ff5e41e6e4c9535cde48ed8886cc45b46e599297f629fad,"image:left,image2:right",/data/vla-forge-artifacts/M02_libero40/registry/runs/20261010T030315-982cacc8515f/rollout-482da7757f55fa37/trajectory.npz,58c98494b0a44984de57cb19b91035c8653609e24362fc01db10c57ea583e640,/data/vla-forge-artifacts/M02_libero40/registry/runs/20261010T030315-982cacc8515f/episodes/goal_task02_episode07_attempt1/action_trace.json,05cd669289812fdddb8794e21436451fc9b8ca92a4f6ef6d1a08cfb77970fe4e,/data/vla-forge-artifacts/M02_libero40/registry/runs/20261010T030315-982cacc8515f/episodes/goal_task02_episode07_attempt1/episode.json,b4f398189ef9870c4e4a46d552c8f6f408ab71edbd2685df896d0748bc161781,
goal,libero_goal,2,put_the_wine_bottle_on_top_of_the_cabinet,put the wine bottle on top of the cabinet,8,20261010T030315-982cacc8515f,8,84028,1,complete,True,success,95,300,50,50,relative,31d453f7edd78c839a8bbc39744a292686daf0de,9a9f6413e42c0f332fccbce9a0dc796af2790f82cf002f791cdbf7e01e1afca8,a1aaacb7f6cd6ee5fb43120f673cebb0cfea7dd4,6aba5a609050aacf50101c0227f82dd1b9b38b65b1122943c6b2a1451b26ad6f,"{""observation.images.camera1"": [1, 3, 256, 256], ""observation.images.camera2"": [1, 3, 256, 256], ""observation.language.attention_mask"": [1, 48], ""observation.language.tokens"": [1, 48], ""observation.state"": [1, 8]}",8.407864631578946,3.5911509999999995,297.8014675,21.748592249001376,964068864,1002438656,/data/vla-forge-artifacts/M02_libero40/registry/runs/20261010T030315-982cacc8515f/videos/goal_task02_episode08_attempt1.mp4,053b092dd57b3bd49ebb038f928ba14b81694cad04900833c43dcf6360a36fdd,"image:left,image2:right",/data/vla-forge-artifacts/M02_libero40/registry/runs/20261010T030315-982cacc8515f/rollout-57b970190694c607/trajectory.npz,82bec405a48339936b919658ad3afea06f502cf5642d3d5fc5fdcd8d7d063ba8,/data/vla-forge-artifacts/M02_libero40/registry/runs/20261010T030315-982cacc8515f/episodes/goal_task02_episode08_attempt1/action_trace.json,f459dab07f034c299e45f93dcd0797e0c4eb949aea016804182ed570b5a3e247,/data/vla-forge-artifacts/M02_libero40/registry/runs/20261010T030315-982cacc8515f/episodes/goal_task02_episode08_attempt1/episode.json,fbd7cc3cd06883415a895025de9140c2843c4c4ac705a18c17ba1f450273fe16,
goal,libero_goal,2,put_the_wine_bottle_on_top_of_the_cabinet,put the wine bottle on top of the cabinet,9,20261010T030315-982cacc8515f,9,84029,1,complete,True,success,88,300,50,50,relative,31d453f7edd78c839a8bbc39744a292686daf0de,9a9f6413e42c0f332fccbce9a0dc796af2790f82cf002f791cdbf7e01e1afca8,a1aaacb7f6cd6ee5fb43120f673cebb0cfea7dd4,6aba5a609050aacf50101c0227f82dd1b9b38b65b1122943c6b2a1451b26ad6f,"{""observation.images.camera1"": [1, 3, 256, 256], ""observation.images.camera2"": [1, 3, 256, 256], ""observation.language.attention_mask"": [1, 48], ""observation.language.tokens"": [1, 48], ""observation.state"": [1, 8]}",9.083709170454545,2.9441512,312.0588535,19.399578025993833,964068864,1002438656,/data/vla-forge-artifacts/M02_libero40/registry/runs/20261010T030315-982cacc8515f/videos/goal_task02_episode09_attempt1.mp4,3efbfb7ae41a25d7f53fb8f15200240a98227702210478715971e55943202306,"image:left,image2:right",/data/vla-forge-artifacts/M02_libero40/registry/runs/20261010T030315-982cacc8515f/rollout-68ef726c28a3e7db/trajectory.npz,da64e0421d014504406f77cec81ff13c5f2fea0eba4d5ddfddedac7190d0244f,/data/vla-forge-artifacts/M02_libero40/registry/runs/20261010T030315-982cacc8515f/episodes/goal_task02_episode09_attempt1/action_trace.json,11133e9bc95d791c7f220fc379983c389330569a8bd14bc50f52662a9bd17045,/data/vla-forge-artifacts/M02_libero40/registry/runs/20261010T030315-982cacc8515f/episodes/goal_task02_episode09_attempt1/episode.json,140af97260c0e4b6279ce236afa35c4ffafb2f93859014d947b22d96227976f5,
goal,libero_goal,3,open_the_top_drawer_and_put_the_bowl_inside,open the top drawer and put the bowl inside,0,20261010T030315-982cacc8515f,0,84030,1,complete,False,timeout,300,300,50,50,relative,31d453f7edd78c839a8bbc39744a292686daf0de,9a9f6413e42c0f332fccbce9a0dc796af2790f82cf002f791cdbf7e01e1afca8,a1aaacb7f6cd6ee5fb43120f673cebb0cfea7dd4,6aba5a609050aacf50101c0227f82dd1b9b38b65b1122943c6b2a1451b26ad6f,"{""observation.images.camera1"": [1, 3, 256, 256], ""observation.images.camera2"": [1, 3, 256, 256], ""observation.language.attention_mask"": [1, 48], ""observation.language.tokens"": [1, 48], ""observation.state"": [1, 8]}",8.431472450000001,3.05391535,321.764209,66.04869016700104,964068864,1002438656,/data/vla-forge-artifacts/M02_libero40/registry/runs/20261010T030315-982cacc8515f/videos/goal_task03_episode00_attempt1.mp4,6cafaa7f04c39a967ee1f5c3bec903c96f50b62fdd9ac020329831030c117cf8,"image:left,image2:right",/data/vla-forge-artifacts/M02_libero40/registry/runs/20261010T030315-982cacc8515f/rollout-8fdec5b8c87540e4/trajectory.npz,8f7427f323bf732b4e846e12f7cd8041278a69d6a7d8ba2b5aaeb07d00ed9af8,/data/vla-forge-artifacts/M02_libero40/registry/runs/20261010T030315-982cacc8515f/episodes/goal_task03_episode00_attempt1/action_trace.json,9237a57008c0b04985f7b867f28c75c40264a217946fc2bc7fb166aa64b8867b,/data/vla-forge-artifacts/M02_libero40/registry/runs/20261010T030315-982cacc8515f/episodes/goal_task03_episode00_attempt1/episode.json,bc65cbaed0e4e31ac1748e5f96fd30658a66bd8fb033bd292bcafb6fa275db56,
goal,libero_goal,3,open_the_top_drawer_and_put_the_bowl_inside,open the top drawer and put the bowl inside,1,20261010T030315-982cacc8515f,1,84031,1,complete,True,success,178,300,50,50,relative,31d453f7edd78c839a8bbc39744a292686daf0de,9a9f6413e42c0f332fccbce9a0dc796af2790f82cf002f791cdbf7e01e1afca8,a1aaacb7f6cd6ee5fb43120f673cebb0cfea7dd4,6aba5a609050aacf50101c0227f82dd1b9b38b65b1122943c6b2a1451b26ad6f,"{""observation.images.camera1"": [1, 3, 256, 256], ""observation.images.camera2"": [1, 3, 256, 256], ""observation.language.attention_mask"": [1, 48], ""observation.language.tokens"": [1, 48], ""observation.state"": [1, 8]}",9.444844146067418,2.8558049500000005,332.74295275,39.181098660003045,964068864,1002438656,/data/vla-forge-artifacts/M02_libero40/registry/runs/20261010T030315-982cacc8515f/videos/goal_task03_episode01_attempt1.mp4,3aa642727dbdeb8ef1a6b965a2c8a87ef344c78464d8c25586a505981983a59e,"image:left,image2:right",/data/vla-forge-artifacts/M02_libero40/registry/runs/20261010T030315-982cacc8515f/rollout-31d7c839448f3d47/trajectory.npz,583ccc2d8b7e70bf8ec76a4564fd620fa1744aee1c58135d21cfb8a5ab421997,/data/vla-forge-artifacts/M02_libero40/registry/runs/20261010T030315-982cacc8515f/episodes/goal_task03_episode01_attempt1/action_trace.json,83ff17ce2fa1813c6fecf8da0b943e0f04187c71bbf534bce9feb353e8e83ae3,/data/vla-forge-artifacts/M02_libero40/registry/runs/20261010T030315-982cacc8515f/episodes/goal_task03_episode01_attempt1/episode.json,b93f158b58059e1e57ef1d70ba5ca9cbfa4fdac86be1485dd540ccc5d668cac9,
goal,libero_goal,3,open_the_top_drawer_and_put_the_bowl_inside,open the top drawer and put the bowl inside,2,20261010T030315-982cacc8515f,2,84032,1,complete,True,success,174,300,50,50,relative,31d453f7edd78c839a8bbc39744a292686daf0de,9a9f6413e42c0f332fccbce9a0dc796af2790f82cf002f791cdbf7e01e1afca8,a1aaacb7f6cd6ee5fb43120f673cebb0cfea7dd4,6aba5a609050aacf50101c0227f82dd1b9b38b65b1122943c6b2a1451b26ad6f,"{""observation.images.camera1"": [1, 3, 256, 256], ""observation.images.camera2"": [1, 3, 256, 256], ""observation.language.attention_mask"": [1, 48], ""observation.language.tokens"": [1, 48], ""observation.state"": [1, 8]}",9.231637454022987,3.5325993499999986,311.125718,39.112536619999446,964068864,1002438656,/data/vla-forge-artifacts/M02_libero40/registry/runs/20261010T030315-982cacc8515f/videos/goal_task03_episode02_attempt1.mp4,4b5933a7be6b3827983ac8f418eeacbdf7a19f17ecec2d7f17220967ad8631bf,"image:left,image2:right",/data/vla-forge-artifacts/M02_libero40/registry/runs/20261010T030315-982cacc8515f/rollout-c9baa23b9303cfe0/trajectory.npz,6968ffe23b4380240830b3eb18dc5e7d432e2f6e8dcd21db539e127b81b9f361,/data/vla-forge-artifacts/M02_libero40/registry/runs/20261010T030315-982cacc8515f/episodes/goal_task03_episode02_attempt1/action_trace.json,cdae6ed382514962ef4c4a783be2b6c2ba06b3c16810f59015ff2a529e24eb26,/data/vla-forge-artifacts/M02_libero40/registry/runs/20261010T030315-982cacc8515f/episodes/goal_task03_episode02_attempt1/episode.json,63c5892e891d8222d343fc7d68f22918cf8bef3c5d299ca70ef160b18642dee5,
goal,libero_goal,3,open_the_top_drawer_and_put_the_bowl_inside,open the top drawer and put the bowl inside,3,20261010T030315-982cacc8515f,3,84033,1,complete,True,success,181,300,50,50,relative,31d453f7edd78c839a8bbc39744a292686daf0de,9a9f6413e42c0f332fccbce9a0dc796af2790f82cf002f791cdbf7e01e1afca8,a1aaacb7f6cd6ee5fb43120f673cebb0cfea7dd4,6aba5a609050aacf50101c0227f82dd1b9b38b65b1122943c6b2a1451b26ad6f,"{""observation.images.camera1"": [1, 3, 256, 256], ""observation.images.camera2"": [1, 3, 256, 256], ""observation.language.attention_mask"": [1, 48], ""observation.language.tokens"": [1, 48], ""observation.state"": [1, 8]}",9.560736773480663,2.918471,343.14129475,38.96918313400238,964068864,1002438656,/data/vla-forge-artifacts/M02_libero40/registry/runs/20261010T030315-982cacc8515f/videos/goal_task03_episode03_attempt1.mp4,4e1d90146df18b7cbdd6c2719648c666534f61445b6ff11d50678042d5c17dda,"image:left,image2:right",/data/vla-forge-artifacts/M02_libero40/registry/runs/20261010T030315-982cacc8515f/rollout-76672959efdefc2d/trajectory.npz,06d2815e3d1eccd22bffcc1f202504c6930b21fd1a7ba1618c8b0c1ce4a5d9a8,/data/vla-forge-artifacts/M02_libero40/registry/runs/20261010T030315-982cacc8515f/episodes/goal_task03_episode03_attempt1/action_trace.json,46a46da720edce8a0624b39e657bf4ce1fb8a13c14d2bb066ceb2f7e475587e5,/data/vla-forge-artifacts/M02_libero40/registry/runs/20261010T030315-982cacc8515f/episodes/goal_task03_episode03_attempt1/episode.json,3c52e9e0e65b720cc688856de1173bf1783f73539e8cf156a5685f3ff721000d,
goal,libero_goal,3,open_the_top_drawer_and_put_the_bowl_inside,open the top drawer and put the bowl inside,4,20261010T030315-982cacc8515f,4,84034,1,complete,True,success,181,300,50,50,relative,31d453f7edd78c839a8bbc39744a292686daf0de,9a9f6413e42c0f332fccbce9a0dc796af2790f82cf002f791cdbf7e01e1afca8,a1aaacb7f6cd6ee5fb43120f673cebb0cfea7dd4,6aba5a609050aacf50101c0227f82dd1b9b38b65b1122943c6b2a1451b26ad6f,"{""observation.images.camera1"": [1, 3, 256, 256], ""observation.images.camera2"": [1, 3, 256, 256], ""observation.language.attention_mask"": [1, 48], ""observation.language.tokens"": [1, 48], ""observation.state"": [1, 8]}",8.74576983425414,3.222501,304.93030975,39.61640373300179,964068864,1002438656,/data/vla-forge-artifacts/M02_libero40/registry/runs/20261010T030315-982cacc8515f/videos/goal_task03_episode04_attempt1.mp4,c7581c35b074a39a0d1d298381e56178e4df6714895d796f7bf3789eac7fed01,"image:left,image2:right",/data/vla-forge-artifacts/M02_libero40/registry/runs/20261010T030315-982cacc8515f/rollout-3067e606163ea01b/trajectory.npz,565a425665717d66699f58f6b5b54ef8d957a30dfb2ea0db1072c054a4498362,/data/vla-forge-artifacts/M02_libero40/registry/runs/20261010T030315-982cacc8515f/episodes/goal_task03_episode04_attempt1/action_trace.json,c8d9720f7f2f0dd09adf0ee97a92097f3c2d96ae067e555c5e0303a3104d0c73,/data/vla-forge-artifacts/M02_libero40/registry/runs/20261010T030315-982cacc8515f/episodes/goal_task03_episode04_attempt1/episode.json,e332b42faa95ed663a8172b37df14d49c7169d0dfe47cfa57bea873ec0383ef9,
goal,libero_goal,3,open_the_top_drawer_and_put_the_bowl_inside,open the top drawer and put the bowl inside,5,20261010T030315-982cacc8515f,5,84035,1,complete,False,timeout,300,300,50,50,relative,31d453f7edd78c839a8bbc39744a292686daf0de,9a9f6413e42c0f332fccbce9a0dc796af2790f82cf002f791cdbf7e01e1afca8,a1aaacb7f6cd6ee5fb43120f673cebb0cfea7dd4,6aba5a609050aacf50101c0227f82dd1b9b38b65b1122943c6b2a1451b26ad6f,"{""observation.images.camera1"": [1, 3, 256, 256], ""observation.images.camera2"": [1, 3, 256, 256], ""observation.language.attention_mask"": [1, 48], ""observation.language.tokens"": [1, 48], ""observation.state"": [1, 8]}",8.027150266666665,2.9565144000000005,303.0706758333333,63.76643900600175,964068864,1002438656,/data/vla-forge-artifacts/M02_libero40/registry/runs/20261010T030315-982cacc8515f/videos/goal_task03_episode05_attempt1.mp4,c9bbd9f0d1cda69c7c3895cd59230a9cfd0760021d959811a84520ed2760b330,"image:left,image2:right",/data/vla-forge-artifacts/M02_libero40/registry/runs/20261010T030315-982cacc8515f/rollout-7e506c06dd144e5c/trajectory.npz,0acf1063f94f6b3b5736632f59dbe6741eec299a5f3d23981f54c2420495094d,/data/vla-forge-artifacts/M02_libero40/registry/runs/20261010T030315-982cacc8515f/episodes/goal_task03_episode05_attempt1/action_trace.json,4f18ef34c63088f06d1ca844c68e577c97b0a995b8cc88d47a87e5024da390b1,/data/vla-forge-artifacts/M02_libero40/registry/runs/20261010T030315-982cacc8515f/episodes/goal_task03_episode05_attempt1/episode.json,a139f34f9756205a71504fd431222e31be981e47c29f76227042d4de272fc66e,
goal,libero_goal,3,open_the_top_drawer_and_put_the_bowl_inside,open the top drawer and put the bowl inside,6,20261010T030315-982cacc8515f,6,84036,1,complete,True,success,180,300,50,50,relative,31d453f7edd78c839a8bbc39744a292686daf0de,9a9f6413e42c0f332fccbce9a0dc796af2790f82cf002f791cdbf7e01e1afca8,a1aaacb7f6cd6ee5fb43120f673cebb0cfea7dd4,6aba5a609050aacf50101c0227f82dd1b9b38b65b1122943c6b2a1451b26ad6f,"{""observation.images.camera1"": [1, 3, 256, 256], ""observation.images.camera2"": [1, 3, 256, 256], ""observation.language.attention_mask"": [1, 48], ""observation.language.tokens"": [1, 48], ""observation.state"": [1, 8]}",9.37970055,3.099868249999998,331.4009915,40.090621601004386,964068864,1002438656,/data/vla-forge-artifacts/M02_libero40/registry/runs/20261010T030315-982cacc8515f/videos/goal_task03_episode06_attempt1.mp4,278f80dd62c9c2bf413beff0ed92bca042d23896ae601ae10140b8c9622211ce,"image:left,image2:right",/data/vla-forge-artifacts/M02_libero40/registry/runs/20261010T030315-982cacc8515f/rollout-a2e308e2831231f4/trajectory.npz,b001f10cbbcf490080d3399ba5ee0f7db8469547642f3e92c2e4faa001ecd09c,/data/vla-forge-artifacts/M02_libero40/registry/runs/20261010T030315-982cacc8515f/episodes/goal_task03_episode06_attempt1/action_trace.json,387d1c86eedf162d89da48ee7d029b04e04d4f8d8974c131e42d6016144bc452,/data/vla-forge-artifacts/M02_libero40/registry/runs/20261010T030315-982cacc8515f/episodes/goal_task03_episode06_attempt1/episode.json,229bbb2765ddfc7516a90197214b8e429f20282b348ca12bfb683b44075cfe34,
goal,libero_goal,3,open_the_top_drawer_and_put_the_bowl_inside,open the top drawer and put the bowl inside,7,20261010T030315-982cacc8515f,7,84037,1,complete,False,timeout,300,300,50,50,relative,31d453f7edd78c839a8bbc39744a292686daf0de,9a9f6413e42c0f332fccbce9a0dc796af2790f82cf002f791cdbf7e01e1afca8,a1aaacb7f6cd6ee5fb43120f673cebb0cfea7dd4,6aba5a609050aacf50101c0227f82dd1b9b38b65b1122943c6b2a1451b26ad6f,"{""observation.images.camera1"": [1, 3, 256, 256], ""observation.images.camera2"": [1, 3, 256, 256], ""observation.language.attention_mask"": [1, 48], ""observation.language.tokens"": [1, 48], ""observation.state"": [1, 8]}",8.546147406666668,3.2086399000000005,324.48189099999996,66.55582501100434,964068864,1002438656,/data/vla-forge-artifacts/M02_libero40/registry/runs/20261010T030315-982cacc8515f/videos/goal_task03_episode07_attempt1.mp4,c119654019b1c67f2fedcb929232476946daf21be3ce54eda64466ee73827f63,"image:left,image2:right",/data/vla-forge-artifacts/M02_libero40/registry/runs/20261010T030315-982cacc8515f/rollout-68dbfc89c632853c/trajectory.npz,17fd9075b8aed127f1e7b15fefaee0db81239ca9572be8f08a236aaa52dc3fc4,/data/vla-forge-artifacts/M02_libero40/registry/runs/20261010T030315-982cacc8515f/episodes/goal_task03_episode07_attempt1/action_trace.json,09e851b7688f2434df4404bcfbc59c89bb4a20097b26611b234131f4c863e0a3,/data/vla-forge-artifacts/M02_libero40/registry/runs/20261010T030315-982cacc8515f/episodes/goal_task03_episode07_attempt1/episode.json,bd1604eef5c76c60f89fc37b7a4e2b85e80c28b4e6f48798a3e8b2614e75b18e,
goal,libero_goal,3,open_the_top_drawer_and_put_the_bowl_inside,open the top drawer and put the bowl inside,8,20261010T030315-982cacc8515f,8,84038,1,complete,True,success,184,300,50,50,relative,31d453f7edd78c839a8bbc39744a292686daf0de,9a9f6413e42c0f332fccbce9a0dc796af2790f82cf002f791cdbf7e01e1afca8,a1aaacb7f6cd6ee5fb43120f673cebb0cfea7dd4,6aba5a609050aacf50101c0227f82dd1b9b38b65b1122943c6b2a1451b26ad6f,"{""observation.images.camera1"": [1, 3, 256, 256], ""observation.images.camera2"": [1, 3, 256, 256], ""observation.language.attention_mask"": [1, 48], ""observation.language.tokens"": [1, 48], ""observation.state"": [1, 8]}",9.142251086956522,3.0880661999999997,327.694341,41.12626994099992,964068864,1002438656,/data/vla-forge-artifacts/M02_libero40/registry/runs/20261010T030315-982cacc8515f/videos/goal_task03_episode08_attempt1.mp4,0dc4fcd59fb3be6699dcec5f1a33bb35ef6ba922feaeb154195c7dc5707c50a7,"image:left,image2:right",/data/vla-forge-artifacts/M02_libero40/registry/runs/20261010T030315-982cacc8515f/rollout-f8385dba2a7a6ce8/trajectory.npz,e99579c5cd083a58dd76ed019b1ca416ed0e00d07e657e6a927e0cf9347af361,/data/vla-forge-artifacts/M02_libero40/registry/runs/20261010T030315-982cacc8515f/episodes/goal_task03_episode08_attempt1/action_trace.json,9d1f7ca4955c5cd9a26b09904809397a3e50969c3b10ba2b25094e548c4d1f9e,/data/vla-forge-artifacts/M02_libero40/registry/runs/20261010T030315-982cacc8515f/episodes/goal_task03_episode08_attempt1/episode.json,745639af02242bebf90ffb3e4cf5fa3cb8bfb6cfa934aea0521d38f7d3892133,
goal,libero_goal,3,open_the_top_drawer_and_put_the_bowl_inside,open the top drawer and put the bowl inside,9,20261010T030315-982cacc8515f,9,84039,1,complete,True,success,192,300,50,50,relative,31d453f7edd78c839a8bbc39744a292686daf0de,9a9f6413e42c0f332fccbce9a0dc796af2790f82cf002f791cdbf7e01e1afca8,a1aaacb7f6cd6ee5fb43120f673cebb0cfea7dd4,6aba5a609050aacf50101c0227f82dd1b9b38b65b1122943c6b2a1451b26ad6f,"{""observation.images.camera1"": [1, 3, 256, 256], ""observation.images.camera2"": [1, 3, 256, 256], ""observation.language.attention_mask"": [1, 48], ""observation.language.tokens"": [1, 48], ""observation.state"": [1, 8]}",8.199256916666668,2.8100859499999986,300.93355075,40.010734904004494,964068864,1002438656,/data/vla-forge-artifacts/M02_libero40/registry/runs/20261010T030315-982cacc8515f/videos/goal_task03_episode09_attempt1.mp4,09ba1ee7a616763e303ee4a136e63d5d275b117df9291e9b9f5c323351878c67,"image:left,image2:right",/data/vla-forge-artifacts/M02_libero40/registry/runs/20261010T030315-982cacc8515f/rollout-f2a251217e31eeb8/trajectory.npz,7d4ad86849a33a34f8fe6222321d0811daece545b9259269f24df846e1d5fdd9,/data/vla-forge-artifacts/M02_libero40/registry/runs/20261010T030315-982cacc8515f/episodes/goal_task03_episode09_attempt1/action_trace.json,5db88906dd623b03e1b76daec44f8e02e5f1de0138820ef43a416ae0ece3f348,/data/vla-forge-artifacts/M02_libero40/registry/runs/20261010T030315-982cacc8515f/episodes/goal_task03_episode09_attempt1/episode.json,e0329548627e42727c1e80f47c69342ac536f2b50926b2627b3df462a2006ac3,
goal,libero_goal,4,put_the_bowl_on_top_of_the_cabinet,put the bowl on top of the cabinet,0,20261010T030315-982cacc8515f,0,84040,1,complete,True,success,116,300,50,50,relative,31d453f7edd78c839a8bbc39744a292686daf0de,9a9f6413e42c0f332fccbce9a0dc796af2790f82cf002f791cdbf7e01e1afca8,a1aaacb7f6cd6ee5fb43120f673cebb0cfea7dd4,6aba5a609050aacf50101c0227f82dd1b9b38b65b1122943c6b2a1451b26ad6f,"{""observation.images.camera1"": [1, 3, 256, 256], ""observation.images.camera2"": [1, 3, 256, 256], ""observation.language.attention_mask"": [1, 48], ""observation.language.tokens"": [1, 48], ""observation.state"": [1, 8]}",9.59258804310345,2.6725,296.89760466666667,23.945856539998204,964068864,1002438656,/data/vla-forge-artifacts/M02_libero40/registry/runs/20261010T030315-982cacc8515f/videos/goal_task04_episode00_attempt1.mp4,3c383c3122860a84f75538ea8cbae7c7d8608dd930303e8d41420e0a95038f51,"image:left,image2:right",/data/vla-forge-artifacts/M02_libero40/registry/runs/20261010T030315-982cacc8515f/rollout-c9c01842e4e05a4d/trajectory.npz,ff643ae16afc54ee733d67e8bfe10f6a91413fae418344f3df19272944df6ecc,/data/vla-forge-artifacts/M02_libero40/registry/runs/20261010T030315-982cacc8515f/episodes/goal_task04_episode00_attempt1/action_trace.json,218c93b0a47fc6815293af9a155f2363a4f75c1802056eef159e6b664a791962,/data/vla-forge-artifacts/M02_libero40/registry/runs/20261010T030315-982cacc8515f/episodes/goal_task04_episode00_attempt1/episode.json,619b51a6587720134bead5374f4e9ccdde3e7739a4f5dce9e7f65e319d69be40,
goal,libero_goal,4,put_the_bowl_on_top_of_the_cabinet,put the bowl on top of the cabinet,1,20261010T030315-982cacc8515f,1,84041,1,complete,True,success,83,300,50,50,relative,31d453f7edd78c839a8bbc39744a292686daf0de,9a9f6413e42c0f332fccbce9a0dc796af2790f82cf002f791cdbf7e01e1afca8,a1aaacb7f6cd6ee5fb43120f673cebb0cfea7dd4,6aba5a609050aacf50101c0227f82dd1b9b38b65b1122943c6b2a1451b26ad6f,"{""observation.images.camera1"": [1, 3, 256, 256], ""observation.images.camera2"": [1, 3, 256, 256], ""observation.language.attention_mask"": [1, 48], ""observation.language.tokens"": [1, 48], ""observation.state"": [1, 8]}",9.340739939759036,2.9633299,306.29613900000004,17.407297862999258,964068864,1002438656,/data/vla-forge-artifacts/M02_libero40/registry/runs/20261010T030315-982cacc8515f/videos/goal_task04_episode01_attempt1.mp4,846e8ea233a4eede013da0c7bb96cddf193baedcbb66a772c4e6c8c2ee9c3202,"image:left,image2:right",/data/vla-forge-artifacts/M02_libero40/registry/runs/20261010T030315-982cacc8515f/rollout-e8f296c5bc983522/trajectory.npz,bc74198311230bc096b57037afc19a574e52a3142987e25f830de4acbbbaf938,/data/vla-forge-artifacts/M02_libero40/registry/runs/20261010T030315-982cacc8515f/episodes/goal_task04_episode01_attempt1/action_trace.json,f9e603c711a18011537817f1d167788b8f7e6dedd1ede0684af143774dd85bfa,/data/vla-forge-artifacts/M02_libero40/registry/runs/20261010T030315-982cacc8515f/episodes/goal_task04_episode01_attempt1/episode.json,d4122b900d497c4f04eaf9da116ddb51951e5a67e19619a60eb8f77058849c04,
goal,libero_goal,4,put_the_bowl_on_top_of_the_cabinet,put the bowl on top of the cabinet,2,20261010T030315-982cacc8515f,2,84042,1,complete,True,success,82,300,50,50,relative,31d453f7edd78c839a8bbc39744a292686daf0de,9a9f6413e42c0f332fccbce9a0dc796af2790f82cf002f791cdbf7e01e1afca8,a1aaacb7f6cd6ee5fb43120f673cebb0cfea7dd4,6aba5a609050aacf50101c0227f82dd1b9b38b65b1122943c6b2a1451b26ad6f,"{""observation.images.camera1"": [1, 3, 256, 256], ""observation.images.camera2"": [1, 3, 256, 256], ""observation.language.attention_mask"": [1, 48], ""observation.language.tokens"": [1, 48], ""observation.state"": [1, 8]}",9.341908207317074,2.667745,304.02697650000005,16.836549486994045,964068864,1002438656,/data/vla-forge-artifacts/M02_libero40/registry/runs/20261010T030315-982cacc8515f/videos/goal_task04_episode02_attempt1.mp4,4a14d7f3ae876c13597ac18cf922fc688dc2bc6e25e268f526758c5350a7380e,"image:left,image2:right",/data/vla-forge-artifacts/M02_libero40/registry/runs/20261010T030315-982cacc8515f/rollout-21deb49394704189/trajectory.npz,728540687584ae560e10800fb17d522bd17100b9ba979d21e490dfdaaffee83f,/data/vla-forge-artifacts/M02_libero40/registry/runs/20261010T030315-982cacc8515f/episodes/goal_task04_episode02_attempt1/action_trace.json,dbc7d5b58fdd40cbe4ef736d6063e2b40e0bd167e58b54d14e41cd2bd9412e1a,/data/vla-forge-artifacts/M02_libero40/registry/runs/20261010T030315-982cacc8515f/episodes/goal_task04_episode02_attempt1/episode.json,f53121fbf5eff5e1f663db15da1b26bebb1cc887e77f7e50c38f3bc6df5315c6,
goal,libero_goal,4,put_the_bowl_on_top_of_the_cabinet,put the bowl on top of the cabinet,3,20261010T030315-982cacc8515f,3,84043,1,complete,True,success,87,300,50,50,relative,31d453f7edd78c839a8bbc39744a292686daf0de,9a9f6413e42c0f332fccbce9a0dc796af2790f82cf002f791cdbf7e01e1afca8,a1aaacb7f6cd6ee5fb43120f673cebb0cfea7dd4,6aba5a609050aacf50101c0227f82dd1b9b38b65b1122943c6b2a1451b26ad6f,"{""observation.images.camera1"": [1, 3, 256, 256], ""observation.images.camera2"": [1, 3, 256, 256], ""observation.language.attention_mask"": [1, 48], ""observation.language.tokens"": [1, 48], ""observation.state"": [1, 8]}",8.999764402298851,2.9325698,305.1764895,18.40376259000186,964068864,1002438656,/data/vla-forge-artifacts/M02_libero40/registry/runs/20261010T030315-982cacc8515f/videos/goal_task04_episode03_attempt1.mp4,f6bd281dfd6c9f23ea5c83ce645f112f1e89cf0b403e015bbc1a24862e9d8c74,"image:left,image2:right",/data/vla-forge-artifacts/M02_libero40/registry/runs/20261010T030315-982cacc8515f/rollout-24072353e4cc42ed/trajectory.npz,996f9c45e3f8ed41699bdb5b46c46a10d9a2d9619dabc1f5122beda03abc8b5d,/data/vla-forge-artifacts/M02_libero40/registry/runs/20261010T030315-982cacc8515f/episodes/goal_task04_episode03_attempt1/action_trace.json,8e2bcfd7ea2ed1b4e856bac4fcd04f4e898ef6b08b6538f738758df441b67961,/data/vla-forge-artifacts/M02_libero40/registry/runs/20261010T030315-982cacc8515f/episodes/goal_task04_episode03_attempt1/episode.json,7a91c23fbe7fa73ce9183425f62d515f4bc7df6556487ebc2648d04bea1e48df,
goal,libero_goal,4,put_the_bowl_on_top_of_the_cabinet,put the bowl on top of the cabinet,4,20261010T030315-982cacc8515f,4,84044,1,complete,False,timeout,300,300,50,50,relative,31d453f7edd78c839a8bbc39744a292686daf0de,9a9f6413e42c0f332fccbce9a0dc796af2790f82cf002f791cdbf7e01e1afca8,a1aaacb7f6cd6ee5fb43120f673cebb0cfea7dd4,6aba5a609050aacf50101c0227f82dd1b9b38b65b1122943c6b2a1451b26ad6f,"{""observation.images.camera1"": [1, 3, 256, 256], ""observation.images.camera2"": [1, 3, 256, 256], ""observation.language.attention_mask"": [1, 48], ""observation.language.tokens"": [1, 48], ""observation.state"": [1, 8]}",8.244328586666667,2.6203945500000003,315.74674316666665,63.98443369600136,964068864,1002438656,/data/vla-forge-artifacts/M02_libero40/registry/runs/20261010T030315-982cacc8515f/videos/goal_task04_episode04_attempt1.mp4,114741a7d95a268649542aa9e493d062663b54caf176e12b51f8226e45c48599,"image:left,image2:right",/data/vla-forge-artifacts/M02_libero40/registry/runs/20261010T030315-982cacc8515f/rollout-5d38ad9e7990d66e/trajectory.npz,b6178b8b2df9265d6eb1738bf3145e6e478807381e70d4ce294d708a086c142a,/data/vla-forge-artifacts/M02_libero40/registry/runs/20261010T030315-982cacc8515f/episodes/goal_task04_episode04_attempt1/action_trace.json,eb8db792d52c4be4ad090297a5cb02c0841f688a486eb24e4ee4af3da077e012,/data/vla-forge-artifacts/M02_libero40/registry/runs/20261010T030315-982cacc8515f/episodes/goal_task04_episode04_attempt1/episode.json,b141aa5c4a54496fea4f37cca47c61466f09b534991153f27e440b0bd6811469,
goal,libero_goal,4,put_the_bowl_on_top_of_the_cabinet,put the bowl on top of the cabinet,5,20261010T030315-982cacc8515f,5,84045,1,complete,True,success,84,300,50,50,relative,31d453f7edd78c839a8bbc39744a292686daf0de,9a9f6413e42c0f332fccbce9a0dc796af2790f82cf002f791cdbf7e01e1afca8,a1aaacb7f6cd6ee5fb43120f673cebb0cfea7dd4,6aba5a609050aacf50101c0227f82dd1b9b38b65b1122943c6b2a1451b26ad6f,"{""observation.images.camera1"": [1, 3, 256, 256], ""observation.images.camera2"": [1, 3, 256, 256], ""observation.language.attention_mask"": [1, 48], ""observation.language.tokens"": [1, 48], ""observation.state"": [1, 8]}",9.196395511904761,3.1200135999999987,303.0173535,18.005761018001067,964068864,1002438656,/data/vla-forge-artifacts/M02_libero40/registry/runs/20261010T030315-982cacc8515f/videos/goal_task04_episode05_attempt1.mp4,ecb1b58650227484f9719e9c94cc51d17ea6fcc1a45bf40b0803f563878cfbd7,"image:left,image2:right",/data/vla-forge-artifacts/M02_libero40/registry/runs/20261010T030315-982cacc8515f/rollout-b9de638064f22739/trajectory.npz,ab4c03e11cba639cc4242acab279409b4c4423d4fe9254c681f43a8ce2dd0637,/data/vla-forge-artifacts/M02_libero40/registry/runs/20261010T030315-982cacc8515f/episodes/goal_task04_episode05_attempt1/action_trace.json,766f048ad01ba13aea0eea25ec4b99a24f51b004797f937d8849bade0b904cdf,/data/vla-forge-artifacts/M02_libero40/registry/runs/20261010T030315-982cacc8515f/episodes/goal_task04_episode05_attempt1/episode.json,fe85b7a176f2184d308eff0f600f8dd8ba41265a962e890f6bbb6cca62b752b1,
goal,libero_goal,4,put_the_bowl_on_top_of_the_cabinet,put the bowl on top of the cabinet,6,20261010T030315-982cacc8515f,6,84046,1,complete,True,success,112,300,50,50,relative,31d453f7edd78c839a8bbc39744a292686daf0de,9a9f6413e42c0f332fccbce9a0dc796af2790f82cf002f791cdbf7e01e1afca8,a1aaacb7f6cd6ee5fb43120f673cebb0cfea7dd4,6aba5a609050aacf50101c0227f82dd1b9b38b65b1122943c6b2a1451b26ad6f,"{""observation.images.camera1"": [1, 3, 256, 256], ""observation.images.camera2"": [1, 3, 256, 256], ""observation.language.attention_mask"": [1, 48], ""observation.language.tokens"": [1, 48], ""observation.state"": [1, 8]}",10.351018919642858,3.1013525499999997,312.87075466666664,24.353226692001044,964068864,1002438656,/data/vla-forge-artifacts/M02_libero40/registry/runs/20261010T030315-982cacc8515f/videos/goal_task04_episode06_attempt1.mp4,f13e16c94fc27fc52f8b223e332cc3e84c7c1628e73fec4337656b3692914689,"image:left,image2:right",/data/vla-forge-artifacts/M02_libero40/registry/runs/20261010T030315-982cacc8515f/rollout-e41993a1942371e8/trajectory.npz,4911e003757458f043fbbb34c59ec8780f6fc6879f1c506917e34bbf1cfbaa20,/data/vla-forge-artifacts/M02_libero40/registry/runs/20261010T030315-982cacc8515f/episodes/goal_task04_episode06_attempt1/action_trace.json,99571c75e5b299468d0299d8de749182fef67e98adb251779f4cc943ce52cc3c,/data/vla-forge-artifacts/M02_libero40/registry/runs/20261010T030315-982cacc8515f/episodes/goal_task04_episode06_attempt1/episode.json,2c05be429e1b88d6c3f0409eca812a37e6c88fb6df3a9c9aae40bcce1bce56b4,
goal,libero_goal,4,put_the_bowl_on_top_of_the_cabinet,put the bowl on top of the cabinet,7,20261010T030315-982cacc8515f,7,84047,1,complete,True,success,81,300,50,50,relative,31d453f7edd78c839a8bbc39744a292686daf0de,9a9f6413e42c0f332fccbce9a0dc796af2790f82cf002f791cdbf7e01e1afca8,a1aaacb7f6cd6ee5fb43120f673cebb0cfea7dd4,6aba5a609050aacf50101c0227f82dd1b9b38b65b1122943c6b2a1451b26ad6f,"{""observation.images.camera1"": [1, 3, 256, 256], ""observation.images.camera2"": [1, 3, 256, 256], ""observation.language.attention_mask"": [1, 48], ""observation.language.tokens"": [1, 48], ""observation.state"": [1, 8]}",9.358141,2.286547,301.12678,17.499297474998457,964068864,1002438656,/data/vla-forge-artifacts/M02_libero40/registry/runs/20261010T030315-982cacc8515f/videos/goal_task04_episode07_attempt1.mp4,0551f0c6ce13b376eebdbfa46d96c3ac93fd6b37daac3309e5c5c440c8bcd3e1,"image:left,image2:right",/data/vla-forge-artifacts/M02_libero40/registry/runs/20261010T030315-982cacc8515f/rollout-067800c2b07c6c7b/trajectory.npz,fcff2ecf2828eac140031dfa096d94fed069356713f2cce3a29d1d6141aff386,/data/vla-forge-artifacts/M02_libero40/registry/runs/20261010T030315-982cacc8515f/episodes/goal_task04_episode07_attempt1/action_trace.json,e63fb351eb016d07547c77798149a027c9d90e749b317495bbd721a2ff0d859f,/data/vla-forge-artifacts/M02_libero40/registry/runs/20261010T030315-982cacc8515f/episodes/goal_task04_episode07_attempt1/episode.json,3d4965cc72fa296294342f44fcb4e2f6ae8e4201a919767826f0b06c299d8542,
goal,libero_goal,4,put_the_bowl_on_top_of_the_cabinet,put the bowl on top of the cabinet,8,20261010T030315-982cacc8515f,8,84048,1,complete,True,success,89,300,50,50,relative,31d453f7edd78c839a8bbc39744a292686daf0de,9a9f6413e42c0f332fccbce9a0dc796af2790f82cf002f791cdbf7e01e1afca8,a1aaacb7f6cd6ee5fb43120f673cebb0cfea7dd4,6aba5a609050aacf50101c0227f82dd1b9b38b65b1122943c6b2a1451b26ad6f,"{""observation.images.camera1"": [1, 3, 256, 256], ""observation.images.camera2"": [1, 3, 256, 256], ""observation.language.attention_mask"": [1, 48], ""observation.language.tokens"": [1, 48], ""observation.state"": [1, 8]}",8.62722851685393,2.5962945999999976,298.9189175,18.27078435599833,964068864,1002438656,/data/vla-forge-artifacts/M02_libero40/registry/runs/20261010T030315-982cacc8515f/videos/goal_task04_episode08_attempt1.mp4,bf965fc28eaa907cca3a4709e4f58dce32438f6d57393ce1f0733316ee0dfc74,"image:left,image2:right",/data/vla-forge-artifacts/M02_libero40/registry/runs/20261010T030315-982cacc8515f/rollout-7d4ed2ac9b5e0bfd/trajectory.npz,5a74ff0d28187df7f47ea7c7bd651de8ae37c5f77a952d25eaf4d0290331948b,/data/vla-forge-artifacts/M02_libero40/registry/runs/20261010T030315-982cacc8515f/episodes/goal_task04_episode08_attempt1/action_trace.json,6cccb97f142279212b4661af8f7d10652e23dcbb6ac74a1a915a92a8cbf832e9,/data/vla-forge-artifacts/M02_libero40/registry/runs/20261010T030315-982cacc8515f/episodes/goal_task04_episode08_attempt1/episode.json,53dd840db63120374c4118aef2f637c52b3b1545754f74faafd104848c1c3506,
goal,libero_goal,4,put_the_bowl_on_top_of_the_cabinet,put the bowl on top of the cabinet,9,20261010T030315-982cacc8515f,9,84049,1,complete,True,success,91,300,50,50,relative,31d453f7edd78c839a8bbc39744a292686daf0de,9a9f6413e42c0f332fccbce9a0dc796af2790f82cf002f791cdbf7e01e1afca8,a1aaacb7f6cd6ee5fb43120f673cebb0cfea7dd4,6aba5a609050aacf50101c0227f82dd1b9b38b65b1122943c6b2a1451b26ad6f,"{""observation.images.camera1"": [1, 3, 256, 256], ""observation.images.camera2"": [1, 3, 256, 256], ""observation.language.attention_mask"": [1, 48], ""observation.language.tokens"": [1, 48], ""observation.state"": [1, 8]}",8.665077373626373,2.790366,304.197273,19.475904386003094,964068864,1002438656,/data/vla-forge-artifacts/M02_libero40/registry/runs/20261010T030315-982cacc8515f/videos/goal_task04_episode09_attempt1.mp4,135791a768a4e608b1265e8e59b204cc3eba129bcffcda7e539a964d205b09a8,"image:left,image2:right",/data/vla-forge-artifacts/M02_libero40/registry/runs/20261010T030315-982cacc8515f/rollout-318720f00825fa28/trajectory.npz,44624327d786312408617e1913ee8de54314a203a6d0aa8ff286c5186ff40e96,/data/vla-forge-artifacts/M02_libero40/registry/runs/20261010T030315-982cacc8515f/episodes/goal_task04_episode09_attempt1/action_trace.json,0b95695d9776102fcd267eaf13a77273f3a8cbdb0df9166075748c13603363ea,/data/vla-forge-artifacts/M02_libero40/registry/runs/20261010T030315-982cacc8515f/episodes/goal_task04_episode09_attempt1/episode.json,f9ac987eb64cfc5081a2ac7337c6474e8f4444d4acbee318873404acf6e4b794,
goal,libero_goal,5,push_the_plate_to_the_front_of_the_stove,push the plate to the front of the stove,0,20261010T030315-982cacc8515f,0,84050,1,complete,True,success,129,300,50,50,relative,31d453f7edd78c839a8bbc39744a292686daf0de,9a9f6413e42c0f332fccbce9a0dc796af2790f82cf002f791cdbf7e01e1afca8,a1aaacb7f6cd6ee5fb43120f673cebb0cfea7dd4,6aba5a609050aacf50101c0227f82dd1b9b38b65b1122943c6b2a1451b26ad6f,"{""observation.images.camera1"": [1, 3, 256, 256], ""observation.images.camera2"": [1, 3, 256, 256], ""observation.language.attention_mask"": [1, 48], ""observation.language.tokens"": [1, 48], ""observation.state"": [1, 8]}",9.684592736434109,2.7078497999999995,332.19112133333334,25.378163604000292,964068864,1002438656,/data/vla-forge-artifacts/M02_libero40/registry/runs/20261010T030315-982cacc8515f/videos/goal_task05_episode00_attempt1.mp4,c0b35086da22b9fe2e1710b226c87ef9e72bb969f4ba2ed0c641ad1450fb42b5,"image:left,image2:right",/data/vla-forge-artifacts/M02_libero40/registry/runs/20261010T030315-982cacc8515f/rollout-4171c3f152308f25/trajectory.npz,118c75a986c617144f847c68ea0d6fa2e71375f616d8885b49cf27ed5f0c9830,/data/vla-forge-artifacts/M02_libero40/registry/runs/20261010T030315-982cacc8515f/episodes/goal_task05_episode00_attempt1/action_trace.json,3f47ebdd9225be5bf1607799ee630b4de825a8c1d109f5a34a0216925bd4bc60,/data/vla-forge-artifacts/M02_libero40/registry/runs/20261010T030315-982cacc8515f/episodes/goal_task05_episode00_attempt1/episode.json,ce0471a46217e26242d74e73d0627f6dd9ada06005167a23510ff6243ea865f6,
goal,libero_goal,5,push_the_plate_to_the_front_of_the_stove,push the plate to the front of the stove,1,20261010T030315-982cacc8515f,1,84051,1,complete,True,success,104,300,50,50,relative,31d453f7edd78c839a8bbc39744a292686daf0de,9a9f6413e42c0f332fccbce9a0dc796af2790f82cf002f791cdbf7e01e1afca8,a1aaacb7f6cd6ee5fb43120f673cebb0cfea7dd4,6aba5a609050aacf50101c0227f82dd1b9b38b65b1122943c6b2a1451b26ad6f,"{""observation.images.camera1"": [1, 3, 256, 256], ""observation.images.camera2"": [1, 3, 256, 256], ""observation.language.attention_mask"": [1, 48], ""observation.language.tokens"": [1, 48], ""observation.state"": [1, 8]}",10.690132461538461,2.585335799999999,304.5263483333333,20.529814839996106,964068864,1002438656,/data/vla-forge-artifacts/M02_libero40/registry/runs/20261010T030315-982cacc8515f/videos/goal_task05_episode01_attempt1.mp4,24839daa297466e5014db39afd985a0e5bc6e31f4689c6d8a8ad8732b1aa7884,"image:left,image2:right",/data/vla-forge-artifacts/M02_libero40/registry/runs/20261010T030315-982cacc8515f/rollout-5a0ee55abbf99072/trajectory.npz,4eb495256b8d0c54c004baf0a6c4747afb5da1edc1abc53148f5e273d0156aba,/data/vla-forge-artifacts/M02_libero40/registry/runs/20261010T030315-982cacc8515f/episodes/goal_task05_episode01_attempt1/action_trace.json,75016a35a25030190968f189c3e8b8fdc067ef0c1032d782f4b93a94da6399fb,/data/vla-forge-artifacts/M02_libero40/registry/runs/20261010T030315-982cacc8515f/episodes/goal_task05_episode01_attempt1/episode.json,9a03ff18930b4b836c61f310d64c9a9252936ce59b44f0bc6eb2908b9261ab12,
goal,libero_goal,5,push_the_plate_to_the_front_of_the_stove,push the plate to the front of the stove,2,20261010T030315-982cacc8515f,2,84052,1,complete,True,success,132,300,50,50,relative,31d453f7edd78c839a8bbc39744a292686daf0de,9a9f6413e42c0f332fccbce9a0dc796af2790f82cf002f791cdbf7e01e1afca8,a1aaacb7f6cd6ee5fb43120f673cebb0cfea7dd4,6aba5a609050aacf50101c0227f82dd1b9b38b65b1122943c6b2a1451b26ad6f,"{""observation.images.camera1"": [1, 3, 256, 256], ""observation.images.camera2"": [1, 3, 256, 256], ""observation.language.attention_mask"": [1, 48], ""observation.language.tokens"": [1, 48], ""observation.state"": [1, 8]}",9.338130143939393,2.8634363499999997,324.396267,25.95080292700004,964068864,1002438656,/data/vla-forge-artifacts/M02_libero40/registry/runs/20261010T030315-982cacc8515f/videos/goal_task05_episode02_attempt1.mp4,cb3329dfdf968408a93d4fc9d0bd0811284eb14b60a5aed4d60a10887ee315e5,"image:left,image2:right",/data/vla-forge-artifacts/M02_libero40/registry/runs/20261010T030315-982cacc8515f/rollout-6a76e996aec5ecc3/trajectory.npz,544ef653aeca29e53294d145032d89fef42cb253d87e248a8cf9492aadb54eef,/data/vla-forge-artifacts/M02_libero40/registry/runs/20261010T030315-982cacc8515f/episodes/goal_task05_episode02_attempt1/action_trace.json,8f6083ba9155fb47066c8d411633d59ef70aab8902375d01f62cefc02aadf1ba,/data/vla-forge-artifacts/M02_libero40/registry/runs/20261010T030315-982cacc8515f/episodes/goal_task05_episode02_attempt1/episode.json,a7760797a265fed8453f0045814233e2d120aad04e6fd1662316e569c3b0e177,
goal,libero_goal,5,push_the_plate_to_the_front_of_the_stove,push the plate to the front of the stove,3,20261010T030315-982cacc8515f,3,84053,1,complete,True,success,128,300,50,50,relative,31d453f7edd78c839a8bbc39744a292686daf0de,9a9f6413e42c0f332fccbce9a0dc796af2790f82cf002f791cdbf7e01e1afca8,a1aaacb7f6cd6ee5fb43120f673cebb0cfea7dd4,6aba5a609050aacf50101c0227f82dd1b9b38b65b1122943c6b2a1451b26ad6f,"{""observation.images.camera1"": [1, 3, 256, 256], ""observation.images.camera2"": [1, 3, 256, 256], ""observation.language.attention_mask"": [1, 48], ""observation.language.tokens"": [1, 48], ""observation.state"": [1, 8]}",9.142736234375,2.916797849999999,306.11558133333335,25.385889452998526,964068864,1002438656,/data/vla-forge-artifacts/M02_libero40/registry/runs/20261010T030315-982cacc8515f/videos/goal_task05_episode03_attempt1.mp4,81fd85fc897922b0b38ccfa9c6d8f448fff7979dba3d7495be0041bde20c0a34,"image:left,image2:right",/data/vla-forge-artifacts/M02_libero40/registry/runs/20261010T030315-982cacc8515f/rollout-7849ba7f13cba341/trajectory.npz,eb4429c44ab14c600172ba513d16cec87db8dec1c8d666653ab426d0106efdc4,/data/vla-forge-artifacts/M02_libero40/registry/runs/20261010T030315-982cacc8515f/episodes/goal_task05_episode03_attempt1/action_trace.json,7a5a6c49e9504f3ed8970c545845c73ad2f1889c746c7b11eb035093a5ebed6b,/data/vla-forge-artifacts/M02_libero40/registry/runs/20261010T030315-982cacc8515f/episodes/goal_task05_episode03_attempt1/episode.json,2f1a77c09e3c303a21a3d40bb10494dbfeeae25f7dc9150fa0f6dff061ccacfc,
goal,libero_goal,5,push_the_plate_to_the_front_of_the_stove,push the plate to the front of the stove,4,20261010T030315-982cacc8515f,4,84054,1,complete,True,success,129,300,50,50,relative,31d453f7edd78c839a8bbc39744a292686daf0de,9a9f6413e42c0f332fccbce9a0dc796af2790f82cf002f791cdbf7e01e1afca8,a1aaacb7f6cd6ee5fb43120f673cebb0cfea7dd4,6aba5a609050aacf50101c0227f82dd1b9b38b65b1122943c6b2a1451b26ad6f,"{""observation.images.camera1"": [1, 3, 256, 256], ""observation.images.camera2"": [1, 3, 256, 256], ""observation.language.attention_mask"": [1, 48], ""observation.language.tokens"": [1, 48], ""observation.state"": [1, 8]}",9.102285899224807,2.507131799999998,309.97284666666667,24.864343168999767,964068864,1002438656,/data/vla-forge-artifacts/M02_libero40/registry/runs/20261010T030315-982cacc8515f/videos/goal_task05_episode04_attempt1.mp4,b1fef34e80308ffe81980362ec743f602c4718bc29486b77a02bc933d0fecbff,"image:left,image2:right",/data/vla-forge-artifacts/M02_libero40/registry/runs/20261010T030315-982cacc8515f/rollout-8ff3d5a1feedb0b2/trajectory.npz,cb256f7e1de49a20b6d7f6ed23474e220490eea246ec060a4736b2e3da7e5979,/data/vla-forge-artifacts/M02_libero40/registry/runs/20261010T030315-982cacc8515f/episodes/goal_task05_episode04_attempt1/action_trace.json,fc5559ebbed67c6048d5e534c32c54bf0df7b19df8a298ad6e9cdf05f32fb545,/data/vla-forge-artifacts/M02_libero40/registry/runs/20261010T030315-982cacc8515f/episodes/goal_task05_episode04_attempt1/episode.json,55f906e8da6dee50a4a18b050c8888b9614d1860af2c6be574623d44c30e2368,
goal,libero_goal,5,push_the_plate_to_the_front_of_the_stove,push the plate to the front of the stove,5,20261010T030315-982cacc8515f,5,84055,1,complete,True,success,119,300,50,50,relative,31d453f7edd78c839a8bbc39744a292686daf0de,9a9f6413e42c0f332fccbce9a0dc796af2790f82cf002f791cdbf7e01e1afca8,a1aaacb7f6cd6ee5fb43120f673cebb0cfea7dd4,6aba5a609050aacf50101c0227f82dd1b9b38b65b1122943c6b2a1451b26ad6f,"{""observation.images.camera1"": [1, 3, 256, 256], ""observation.images.camera2"": [1, 3, 256, 256], ""observation.language.attention_mask"": [1, 48], ""observation.language.tokens"": [1, 48], ""observation.state"": [1, 8]}",9.622878915966387,2.6559203999999994,304.800953,23.72991492899746,964068864,1002438656,/data/vla-forge-artifacts/M02_libero40/registry/runs/20261010T030315-982cacc8515f/videos/goal_task05_episode05_attempt1.mp4,48e86c3334223172428fcceabadd0d4648df7518a7f010329c41f6b1c168743f,"image:left,image2:right",/data/vla-forge-artifacts/M02_libero40/registry/runs/20261010T030315-982cacc8515f/rollout-479a1c010481035d/trajectory.npz,283e649076c795c93f5dfd7314c56c97867923e2f52daa23694fdc791f11f5da,/data/vla-forge-artifacts/M02_libero40/registry/runs/20261010T030315-982cacc8515f/episodes/goal_task05_episode05_attempt1/action_trace.json,72da9c9ef31ac921b3fe4b220994f4a2406bea59e321f2213617386dc920b2d6,/data/vla-forge-artifacts/M02_libero40/registry/runs/20261010T030315-982cacc8515f/episodes/goal_task05_episode05_attempt1/episode.json,d543e2a76e1c5be941710eb8c6e9686f467497e9c8b473114c04d5091bf15d47,
goal,libero_goal,5,push_the_plate_to_the_front_of_the_stove,push the plate to the front of the stove,6,20261010T030315-982cacc8515f,6,84056,1,complete,True,success,133,300,50,50,relative,31d453f7edd78c839a8bbc39744a292686daf0de,9a9f6413e42c0f332fccbce9a0dc796af2790f82cf002f791cdbf7e01e1afca8,a1aaacb7f6cd6ee5fb43120f673cebb0cfea7dd4,6aba5a609050aacf50101c0227f82dd1b9b38b65b1122943c6b2a1451b26ad6f,"{""observation.images.camera1"": [1, 3, 256, 256], ""observation.images.camera2"": [1, 3, 256, 256], ""observation.language.attention_mask"": [1, 48], ""observation.language.tokens"": [1, 48], ""observation.state"": [1, 8]}",9.231287218045113,2.2615437999999997,326.11112233333336,26.047361117998662,964068864,1002438656,/data/vla-forge-artifacts/M02_libero40/registry/runs/20261010T030315-982cacc8515f/videos/goal_task05_episode06_attempt1.mp4,f4301082766b5cb496d1327a60327dc5de9d86a37411d6ef475b7222d61505b4,"image:left,image2:right",/data/vla-forge-artifacts/M02_libero40/registry/runs/20261010T030315-982cacc8515f/rollout-e1044bd24b18b66f/trajectory.npz,a9da148e6a14da17cf4ab018c2232a0320bea3b0cfcaa63011f30169b06ef1e7,/data/vla-forge-artifacts/M02_libero40/registry/runs/20261010T030315-982cacc8515f/episodes/goal_task05_episode06_attempt1/action_trace.json,20acfe7de8bab00d31cd64984785a20fe3ea8856e587f023ae4746930ff8fae7,/data/vla-forge-artifacts/M02_libero40/registry/runs/20261010T030315-982cacc8515f/episodes/goal_task05_episode06_attempt1/episode.json,d5ca8eb73e5e28b3c15bfb9c459a1ee01fee26c37c09a6cf9456dc026e96ecc7,
goal,libero_goal,5,push_the_plate_to_the_front_of_the_stove,push the plate to the front of the stove,7,20261010T030315-982cacc8515f,7,84057,1,complete,True,success,126,300,50,50,relative,31d453f7edd78c839a8bbc39744a292686daf0de,9a9f6413e42c0f332fccbce9a0dc796af2790f82cf002f791cdbf7e01e1afca8,a1aaacb7f6cd6ee5fb43120f673cebb0cfea7dd4,6aba5a609050aacf50101c0227f82dd1b9b38b65b1122943c6b2a1451b26ad6f,"{""observation.images.camera1"": [1, 3, 256, 256], ""observation.images.camera2"": [1, 3, 256, 256], ""observation.language.attention_mask"": [1, 48], ""observation.language.tokens"": [1, 48], ""observation.state"": [1, 8]}",10.22757657142857,2.6891615,348.4992423333333,25.384154701001535,964068864,1002438656,/data/vla-forge-artifacts/M02_libero40/registry/runs/20261010T030315-982cacc8515f/videos/goal_task05_episode07_attempt1.mp4,b23b7de59d80119c63ace9ac013a472114454e43ab7845e8c2036689748521e8,"image:left,image2:right",/data/vla-forge-artifacts/M02_libero40/registry/runs/20261010T030315-982cacc8515f/rollout-d860e4708f0c94a0/trajectory.npz,659733bf542597cf08796511ea988438aaea51bf035f0e6c744f76855a4341a5,/data/vla-forge-artifacts/M02_libero40/registry/runs/20261010T030315-982cacc8515f/episodes/goal_task05_episode07_attempt1/action_trace.json,33ed1e0edc6e8f87016f65eb638e7c34d51297bbafa4dd456c72024a0bc23548,/data/vla-forge-artifacts/M02_libero40/registry/runs/20261010T030315-982cacc8515f/episodes/goal_task05_episode07_attempt1/episode.json,c03e2faab37911eb508b5c498fc69109848fb1905e9b612aa21c85cffdbf1379,
goal,libero_goal,5,push_the_plate_to_the_front_of_the_stove,push the plate to the front of the stove,8,20261010T030315-982cacc8515f,8,84058,1,complete,True,success,130,300,50,50,relative,31d453f7edd78c839a8bbc39744a292686daf0de,9a9f6413e42c0f332fccbce9a0dc796af2790f82cf002f791cdbf7e01e1afca8,a1aaacb7f6cd6ee5fb43120f673cebb0cfea7dd4,6aba5a609050aacf50101c0227f82dd1b9b38b65b1122943c6b2a1451b26ad6f,"{""observation.images.camera1"": [1, 3, 256, 256], ""observation.images.camera2"": [1, 3, 256, 256], ""observation.language.attention_mask"": [1, 48], ""observation.language.tokens"": [1, 48], ""observation.state"": [1, 8]}",9.074655299999998,2.9464110999999997,309.60661933333336,25.319876843997918,964068864,1002438656,/data/vla-forge-artifacts/M02_libero40/registry/runs/20261010T030315-982cacc8515f/videos/goal_task05_episode08_attempt1.mp4,ee1c284f6bfc5e81f796f7f9bc726d73e02da6ea373c525b3d62e7886e9144b8,"image:left,image2:right",/data/vla-forge-artifacts/M02_libero40/registry/runs/20261010T030315-982cacc8515f/rollout-497f761490224b9c/trajectory.npz,f600caed4724b47317e5283a1fa17d392f8cf15421060ffa6d79c275e2ea5e40,/data/vla-forge-artifacts/M02_libero40/registry/runs/20261010T030315-982cacc8515f/episodes/goal_task05_episode08_attempt1/action_trace.json,f10fed4e16e1292b199e9761961ce9d019ac4cb4b4a57a765ab906cd5b5668f6,/data/vla-forge-artifacts/M02_libero40/registry/runs/20261010T030315-982cacc8515f/episodes/goal_task05_episode08_attempt1/episode.json,179cf938ee7a961dea85964166321e6b0b268f841e489751fbaddb63b733d4be,
goal,libero_goal,5,push_the_plate_to_the_front_of_the_stove,push the plate to the front of the stove,9,20261010T030315-982cacc8515f,9,84059,1,complete,False,timeout,300,300,50,50,relative,31d453f7edd78c839a8bbc39744a292686daf0de,9a9f6413e42c0f332fccbce9a0dc796af2790f82cf002f791cdbf7e01e1afca8,a1aaacb7f6cd6ee5fb43120f673cebb0cfea7dd4,6aba5a609050aacf50101c0227f82dd1b9b38b65b1122943c6b2a1451b26ad6f,"{""observation.images.camera1"": [1, 3, 256, 256], ""observation.images.camera2"": [1, 3, 256, 256], ""observation.language.attention_mask"": [1, 48], ""observation.language.tokens"": [1, 48], ""observation.state"": [1, 8]}",7.963340926666667,2.6529619,301.378852,58.81366622600035,964068864,1002438656,/data/vla-forge-artifacts/M02_libero40/registry/runs/20261010T030315-982cacc8515f/videos/goal_task05_episode09_attempt1.mp4,2b043f8ce2f66fc792e318eaed552b7a72b3a006d74b0662a9ecb228abd1b891,"image:left,image2:right",/data/vla-forge-artifacts/M02_libero40/registry/runs/20261010T030315-982cacc8515f/rollout-2c9abeaa48feb289/trajectory.npz,2bceafb6b9652e645fc2d6c4ca0729942b5d5365b189ab94292b5c8de772f962,/data/vla-forge-artifacts/M02_libero40/registry/runs/20261010T030315-982cacc8515f/episodes/goal_task05_episode09_attempt1/action_trace.json,30f75cb6bcad0be0f75e2ad7db4d2ccb402f45e8c32da6dd51654b7d1431a049,/data/vla-forge-artifacts/M02_libero40/registry/runs/20261010T030315-982cacc8515f/episodes/goal_task05_episode09_attempt1/episode.json,95bfd79c6790c50c81da5299b25b6b902c58e90d4aa6d748517a3d000d992a0d,
goal,libero_goal,6,put_the_cream_cheese_in_the_bowl,put the cream cheese in the bowl,0,20261010T030315-982cacc8515f,0,84060,1,complete,False,timeout,300,300,50,50,relative,31d453f7edd78c839a8bbc39744a292686daf0de,9a9f6413e42c0f332fccbce9a0dc796af2790f82cf002f791cdbf7e01e1afca8,a1aaacb7f6cd6ee5fb43120f673cebb0cfea7dd4,6aba5a609050aacf50101c0227f82dd1b9b38b65b1122943c6b2a1451b26ad6f,"{""observation.images.camera1"": [1, 3, 256, 256], ""observation.images.camera2"": [1, 3, 256, 256], ""observation.language.attention_mask"": [1, 48], ""observation.language.tokens"": [1, 48], ""observation.state"": [1, 8]}",8.276985503333332,2.732195700000002,315.9124561666667,65.49760120599967,964068864,1002438656,/data/vla-forge-artifacts/M02_libero40/registry/runs/20261010T030315-982cacc8515f/videos/goal_task06_episode00_attempt1.mp4,389bc2602d9d33f1b55499e92b57604355a26c9f1a1fd6d6d15388852ad7e02e,"image:left,image2:right",/data/vla-forge-artifacts/M02_libero40/registry/runs/20261010T030315-982cacc8515f/rollout-625a1ce9ecdaebed/trajectory.npz,a831386a349473e35d867d16f40b03a304af42d2235dfbeded5fc1305c5f4ff6,/data/vla-forge-artifacts/M02_libero40/registry/runs/20261010T030315-982cacc8515f/episodes/goal_task06_episode00_attempt1/action_trace.json,f8d0b37e9efe0eaedb62ea84da40c6fd597b6e90684149a3a73cfa0b6f179796,/data/vla-forge-artifacts/M02_libero40/registry/runs/20261010T030315-982cacc8515f/episodes/goal_task06_episode00_attempt1/episode.json,a89e2698217a137c5ae77b2c9056b52824f97bb1abc549e1143a2d527e29ff25,
goal,libero_goal,6,put_the_cream_cheese_in_the_bowl,put the cream cheese in the bowl,1,20261010T030315-982cacc8515f,1,84061,1,complete,False,timeout,300,300,50,50,relative,31d453f7edd78c839a8bbc39744a292686daf0de,9a9f6413e42c0f332fccbce9a0dc796af2790f82cf002f791cdbf7e01e1afca8,a1aaacb7f6cd6ee5fb43120f673cebb0cfea7dd4,6aba5a609050aacf50101c0227f82dd1b9b38b65b1122943c6b2a1451b26ad6f,"{""observation.images.camera1"": [1, 3, 256, 256], ""observation.images.camera2"": [1, 3, 256, 256], ""observation.language.attention_mask"": [1, 48], ""observation.language.tokens"": [1, 48], ""observation.state"": [1, 8]}",8.105235669999999,2.6629797500000008,309.2036105,62.36152421300358,964068864,1002438656,/data/vla-forge-artifacts/M02_libero40/registry/runs/20261010T030315-982cacc8515f/videos/goal_task06_episode01_attempt1.mp4,a9809ea4ea1d7a1a706533d53eaa059f57fa8195097bdf7b92176387399be036,"image:left,image2:right",/data/vla-forge-artifacts/M02_libero40/registry/runs/20261010T030315-982cacc8515f/rollout-f68dcbb6811eacec/trajectory.npz,c11abcf0e4361e42b390f4e84dab3a7a4646ce3ede90148bcf1d6c8a1cc34c46,/data/vla-forge-artifacts/M02_libero40/registry/runs/20261010T030315-982cacc8515f/episodes/goal_task06_episode01_attempt1/action_trace.json,ef53526d66ad5bd0d597e5657c543cb2961da2057841b8cc508811f7693fc8e4,/data/vla-forge-artifacts/M02_libero40/registry/runs/20261010T030315-982cacc8515f/episodes/goal_task06_episode01_attempt1/episode.json,41173c08b635b9492db048ad9530d7945d181d0465837de732bb3db0f5d8972d,
goal,libero_goal,6,put_the_cream_cheese_in_the_bowl,put the cream cheese in the bowl,2,20261010T030315-982cacc8515f,2,84062,1,complete,False,timeout,300,300,50,50,relative,31d453f7edd78c839a8bbc39744a292686daf0de,9a9f6413e42c0f332fccbce9a0dc796af2790f82cf002f791cdbf7e01e1afca8,a1aaacb7f6cd6ee5fb43120f673cebb0cfea7dd4,6aba5a609050aacf50101c0227f82dd1b9b38b65b1122943c6b2a1451b26ad6f,"{""observation.images.camera1"": [1, 3, 256, 256], ""observation.images.camera2"": [1, 3, 256, 256], ""observation.language.attention_mask"": [1, 48], ""observation.language.tokens"": [1, 48], ""observation.state"": [1, 8]}",7.974225659999999,2.78747415,301.96261466666664,63.41963138400024,964068864,1002438656,/data/vla-forge-artifacts/M02_libero40/registry/runs/20261010T030315-982cacc8515f/videos/goal_task06_episode02_attempt1.mp4,2133f687c8b5d498eee1dbb8510de3532226a7dbf8fa403785b5c70382522d5b,"image:left,image2:right",/data/vla-forge-artifacts/M02_libero40/registry/runs/20261010T030315-982cacc8515f/rollout-9dda6e4132b1346d/trajectory.npz,f1fb98e56ea24c6b4115c196ed93a53d7e30741a37088c4a25ce3c4fe5074ad3,/data/vla-forge-artifacts/M02_libero40/registry/runs/20261010T030315-982cacc8515f/episodes/goal_task06_episode02_attempt1/action_trace.json,dce3935738460430773a44520804d13648a28a68de38e3e6ef0f68d4338eb25c,/data/vla-forge-artifacts/M02_libero40/registry/runs/20261010T030315-982cacc8515f/episodes/goal_task06_episode02_attempt1/episode.json,400044b894517604bd3966e96c56262016380e8c166c9b283112caca48c9e5a9,
goal,libero_goal,6,put_the_cream_cheese_in_the_bowl,put the cream cheese in the bowl,3,20261010T030315-982cacc8515f,3,84063,1,complete,True,success,91,300,50,50,relative,31d453f7edd78c839a8bbc39744a292686daf0de,9a9f6413e42c0f332fccbce9a0dc796af2790f82cf002f791cdbf7e01e1afca8,a1aaacb7f6cd6ee5fb43120f673cebb0cfea7dd4,6aba5a609050aacf50101c0227f82dd1b9b38b65b1122943c6b2a1451b26ad6f,"{""observation.images.camera1"": [1, 3, 256, 256], ""observation.images.camera2"": [1, 3, 256, 256], ""observation.language.attention_mask"": [1, 48], ""observation.language.tokens"": [1, 48], ""observation.state"": [1, 8]}",8.761533571428572,2.7196115,311.23287849999997,19.135183799000515,964068864,1002438656,/data/vla-forge-artifacts/M02_libero40/registry/runs/20261010T030315-982cacc8515f/videos/goal_task06_episode03_attempt1.mp4,ac29a0c7d65c293b26dba1a6808503a6a3db56ccdccf9f6b13cb9d8ba7864f74,"image:left,image2:right",/data/vla-forge-artifacts/M02_libero40/registry/runs/20261010T030315-982cacc8515f/rollout-2393536b4097f4a6/trajectory.npz,705f8b1247a11cddb2601cc8f78fb461e4eb257c19963c9f1f3430e09cf81f9e,/data/vla-forge-artifacts/M02_libero40/registry/runs/20261010T030315-982cacc8515f/episodes/goal_task06_episode03_attempt1/action_trace.json,e4461c0be1f1291ca5982fdd7edc2231896b07ea25cbc4878fcc5dfa36fe4c4c,/data/vla-forge-artifacts/M02_libero40/registry/runs/20261010T030315-982cacc8515f/episodes/goal_task06_episode03_attempt1/episode.json,9a016ea2844ff959c14f9791ef44cb1ae281ef87ac901a20f09fa7171eb40711,
goal,libero_goal,6,put_the_cream_cheese_in_the_bowl,put the cream cheese in the bowl,4,20261010T030315-982cacc8515f,4,84064,1,complete,False,timeout,300,300,50,50,relative,31d453f7edd78c839a8bbc39744a292686daf0de,9a9f6413e42c0f332fccbce9a0dc796af2790f82cf002f791cdbf7e01e1afca8,a1aaacb7f6cd6ee5fb43120f673cebb0cfea7dd4,6aba5a609050aacf50101c0227f82dd1b9b38b65b1122943c6b2a1451b26ad6f,"{""observation.images.camera1"": [1, 3, 256, 256], ""observation.images.camera2"": [1, 3, 256, 256], ""observation.language.attention_mask"": [1, 48], ""observation.language.tokens"": [1, 48], ""observation.state"": [1, 8]}",8.070146946666666,2.811471850000001,306.8674785,63.706896814001084,964068864,1002438656,/data/vla-forge-artifacts/M02_libero40/registry/runs/20261010T030315-982cacc8515f/videos/goal_task06_episode04_attempt1.mp4,84a44b55ba82ef352511c828139a99d835d6e5024d7599d17a7ec2c05603b366,"image:left,image2:right",/data/vla-forge-artifacts/M02_libero40/registry/runs/20261010T030315-982cacc8515f/rollout-de766179e6405f98/trajectory.npz,242d54404b61ec8bfdf3f1d3d7b8dc787a3a06fa21b467e4244c75d3cad2ee91,/data/vla-forge-artifacts/M02_libero40/registry/runs/20261010T030315-982cacc8515f/episodes/goal_task06_episode04_attempt1/action_trace.json,74b336d89a452f4fd1167c64c272859ffa42dd65def3698e1a72ed3399f3ab92,/data/vla-forge-artifacts/M02_libero40/registry/runs/20261010T030315-982cacc8515f/episodes/goal_task06_episode04_attempt1/episode.json,cf096a27020ba715c95e28caec03fe73147070621c624391ffa347699a7a2b9e,
goal,libero_goal,6,put_the_cream_cheese_in_the_bowl,put the cream cheese in the bowl,5,20261010T030315-982cacc8515f,5,84065,1,complete,True,success,97,300,50,50,relative,31d453f7edd78c839a8bbc39744a292686daf0de,9a9f6413e42c0f332fccbce9a0dc796af2790f82cf002f791cdbf7e01e1afca8,a1aaacb7f6cd6ee5fb43120f673cebb0cfea7dd4,6aba5a609050aacf50101c0227f82dd1b9b38b65b1122943c6b2a1451b26ad6f,"{""observation.images.camera1"": [1, 3, 256, 256], ""observation.images.camera2"": [1, 3, 256, 256], ""observation.language.attention_mask"": [1, 48], ""observation.language.tokens"": [1, 48], ""observation.state"": [1, 8]}",8.208734041237115,2.3616255999999956,306.634747,20.343374342999596,964068864,1002438656,/data/vla-forge-artifacts/M02_libero40/registry/runs/20261010T030315-982cacc8515f/videos/goal_task06_episode05_attempt1.mp4,3968b13f569200a9edfac3f6c334d0314245351361160ba62f31d81931ab0730,"image:left,image2:right",/data/vla-forge-artifacts/M02_libero40/registry/runs/20261010T030315-982cacc8515f/rollout-e8f26b8a42e52595/trajectory.npz,216acfbfa4a13c638a7b9ad6e6e29167fc5ffc8311ea47454fa56c91242cdb48,/data/vla-forge-artifacts/M02_libero40/registry/runs/20261010T030315-982cacc8515f/episodes/goal_task06_episode05_attempt1/action_trace.json,cd2cf66cddfb3bf0bf1b0f07eb4d21fae0abc5fb51756ac1084950246f34498a,/data/vla-forge-artifacts/M02_libero40/registry/runs/20261010T030315-982cacc8515f/episodes/goal_task06_episode05_attempt1/episode.json,5e819ea04cd9257eeeea210cfe89821b328ca3d88cc28040b735c0dd2ce4aa38,
goal,libero_goal,6,put_the_cream_cheese_in_the_bowl,put the cream cheese in the bowl,6,20261010T030315-982cacc8515f,6,84066,1,complete,False,timeout,300,300,50,50,relative,31d453f7edd78c839a8bbc39744a292686daf0de,9a9f6413e42c0f332fccbce9a0dc796af2790f82cf002f791cdbf7e01e1afca8,a1aaacb7f6cd6ee5fb43120f673cebb0cfea7dd4,6aba5a609050aacf50101c0227f82dd1b9b38b65b1122943c6b2a1451b26ad6f,"{""observation.images.camera1"": [1, 3, 256, 256], ""observation.images.camera2"": [1, 3, 256, 256], ""observation.language.attention_mask"": [1, 48], ""observation.language.tokens"": [1, 48], ""observation.state"": [1, 8]}",7.945417710000002,2.7837985,302.14590716666663,63.38459013299871,964068864,1002438656,/data/vla-forge-artifacts/M02_libero40/registry/runs/20261010T030315-982cacc8515f/videos/goal_task06_episode06_attempt1.mp4,2293ecc3fe8f28e47e3d74d162554519724ce0dd193756bcd4e03726e9cfa312,"image:left,image2:right",/data/vla-forge-artifacts/M02_libero40/registry/runs/20261010T030315-982cacc8515f/rollout-bad67a74036f9b18/trajectory.npz,c79d2a348709c23f2b7e4908b86d9fe62454c6ec61c4b12b33fdf47b422da853,/data/vla-forge-artifacts/M02_libero40/registry/runs/20261010T030315-982cacc8515f/episodes/goal_task06_episode06_attempt1/action_trace.json,954cae75169430c383433968fc621951e41e5ffa772ea0324f4d60a5190d3d3f,/data/vla-forge-artifacts/M02_libero40/registry/runs/20261010T030315-982cacc8515f/episodes/goal_task06_episode06_attempt1/episode.json,004e6ed9a43d679c8dc3ba077d4a6da708187e8beb87152a48596c8331773b1f,
goal,libero_goal,6,put_the_cream_cheese_in_the_bowl,put the cream cheese in the bowl,7,20261010T030315-982cacc8515f,7,84067,1,complete,False,timeout,300,300,50,50,relative,31d453f7edd78c839a8bbc39744a292686daf0de,9a9f6413e42c0f332fccbce9a0dc796af2790f82cf002f791cdbf7e01e1afca8,a1aaacb7f6cd6ee5fb43120f673cebb0cfea7dd4,6aba5a609050aacf50101c0227f82dd1b9b38b65b1122943c6b2a1451b26ad6f,"{""observation.images.camera1"": [1, 3, 256, 256], ""observation.images.camera2"": [1, 3, 256, 256], ""observation.language.attention_mask"": [1, 48], ""observation.language.tokens"": [1, 48], ""observation.state"": [1, 8]}",8.123607463333334,2.4980076,315.9783568333333,63.18681847499829,964068864,1002438656,/data/vla-forge-artifacts/M02_libero40/registry/runs/20261010T030315-982cacc8515f/videos/goal_task06_episode07_attempt1.mp4,004bd61acb2c3ffe409563e4eed85f4fd05892761a7cc3cefcca375132138ca4,"image:left,image2:right",/data/vla-forge-artifacts/M02_libero40/registry/runs/20261010T030315-982cacc8515f/rollout-c03c758794722074/trajectory.npz,9ade19009cedf948bbee67ca9012165a747dd02ad5cea6b1402aa8081f006a1c,/data/vla-forge-artifacts/M02_libero40/registry/runs/20261010T030315-982cacc8515f/episodes/goal_task06_episode07_attempt1/action_trace.json,2a48d8540239358c04e3523cffae680fa86e2278321992b45ea3f9c32f7bb1a2,/data/vla-forge-artifacts/M02_libero40/registry/runs/20261010T030315-982cacc8515f/episodes/goal_task06_episode07_attempt1/episode.json,ccb8b2e0d18d1c04a7588fbeee8b417b69a1822f376cdf461ced55b76a6170ca,
goal,libero_goal,6,put_the_cream_cheese_in_the_bowl,put the cream cheese in the bowl,8,20261010T030315-982cacc8515f,8,84068,1,complete,True,success,85,300,50,50,relative,31d453f7edd78c839a8bbc39744a292686daf0de,9a9f6413e42c0f332fccbce9a0dc796af2790f82cf002f791cdbf7e01e1afca8,a1aaacb7f6cd6ee5fb43120f673cebb0cfea7dd4,6aba5a609050aacf50101c0227f82dd1b9b38b65b1122943c6b2a1451b26ad6f,"{""observation.images.camera1"": [1, 3, 256, 256], ""observation.images.camera2"": [1, 3, 256, 256], ""observation.language.attention_mask"": [1, 48], ""observation.language.tokens"": [1, 48], ""observation.state"": [1, 8]}",8.835487317647061,2.7292207999999993,297.48145150000005,17.677377303996764,964068864,1002438656,/data/vla-forge-artifacts/M02_libero40/registry/runs/20261010T030315-982cacc8515f/videos/goal_task06_episode08_attempt1.mp4,f43e6b2d608eca05ffc733cfc4f78f025303df76622252e85b48471a03332013,"image:left,image2:right",/data/vla-forge-artifacts/M02_libero40/registry/runs/20261010T030315-982cacc8515f/rollout-1731befe3cb6fcee/trajectory.npz,fd367c5b59985c13294047e1ebd73feda0a968a4ea85cc25ddacdba6e3695091,/data/vla-forge-artifacts/M02_libero40/registry/runs/20261010T030315-982cacc8515f/episodes/goal_task06_episode08_attempt1/action_trace.json,6b890adc5d18f069717dc57a25a517103d6ded659b790fcd86dfaeaac567f2a4,/data/vla-forge-artifacts/M02_libero40/registry/runs/20261010T030315-982cacc8515f/episodes/goal_task06_episode08_attempt1/episode.json,94caf180a6ac8b2dc0cc7b1e8d1d7df84a2e5c89592eb5e734264989450d3f17,
goal,libero_goal,6,put_the_cream_cheese_in_the_bowl,put the cream cheese in the bowl,9,20261010T030315-982cacc8515f,9,84069,1,complete,True,success,83,300,50,50,relative,31d453f7edd78c839a8bbc39744a292686daf0de,9a9f6413e42c0f332fccbce9a0dc796af2790f82cf002f791cdbf7e01e1afca8,a1aaacb7f6cd6ee5fb43120f673cebb0cfea7dd4,6aba5a609050aacf50101c0227f82dd1b9b38b65b1122943c6b2a1451b26ad6f,"{""observation.images.camera1"": [1, 3, 256, 256], ""observation.images.camera2"": [1, 3, 256, 256], ""observation.language.attention_mask"": [1, 48], ""observation.language.tokens"": [1, 48], ""observation.state"": [1, 8]}",9.292724987951807,2.685707699999995,309.923896,17.75554186399677,964068864,1002438656,/data/vla-forge-artifacts/M02_libero40/registry/runs/20261010T030315-982cacc8515f/videos/goal_task06_episode09_attempt1.mp4,80664823eee74ef7c1e61b0aff44ab3bffdb84dbb1c1bc0fe5606a9c8737d5af,"image:left,image2:right",/data/vla-forge-artifacts/M02_libero40/registry/runs/20261010T030315-982cacc8515f/rollout-0c5ef68dcdc01c4e/trajectory.npz,dc839dbcdada4171c0cef959fe91255e473543d97b1a48aacf8cf0de0f711e27,/data/vla-forge-artifacts/M02_libero40/registry/runs/20261010T030315-982cacc8515f/episodes/goal_task06_episode09_attempt1/action_trace.json,5e747227843a404e937848e1c410676bba94a01e94db8056a6e46a8c8dd291da,/data/vla-forge-artifacts/M02_libero40/registry/runs/20261010T030315-982cacc8515f/episodes/goal_task06_episode09_attempt1/episode.json,dda6347ea2d165f2e190459e7b94aa5db3f9820f40d0194aa5d54e0c865fd616,
goal,libero_goal,7,turn_on_the_stove,turn on the stove,0,20261010T030315-982cacc8515f,0,84070,1,complete,True,success,77,300,50,50,relative,31d453f7edd78c839a8bbc39744a292686daf0de,9a9f6413e42c0f332fccbce9a0dc796af2790f82cf002f791cdbf7e01e1afca8,a1aaacb7f6cd6ee5fb43120f673cebb0cfea7dd4,6aba5a609050aacf50101c0227f82dd1b9b38b65b1122943c6b2a1451b26ad6f,"{""observation.images.camera1"": [1, 3, 256, 256], ""observation.images.camera2"": [1, 3, 256, 256], ""observation.language.attention_mask"": [1, 48], ""observation.language.tokens"": [1, 48], ""observation.state"": [1, 8]}",10.484728896103896,2.6091034000000004,331.4586555,16.61367599300138,964068864,1002438656,/data/vla-forge-artifacts/M02_libero40/registry/runs/20261010T030315-982cacc8515f/videos/goal_task07_episode00_attempt1.mp4,89bdf9d0fe9967fe9a0e297c288e2d8eba2b3bb7e75439b17a52f8d83d357ff4,"image:left,image2:right",/data/vla-forge-artifacts/M02_libero40/registry/runs/20261010T030315-982cacc8515f/rollout-2c78dbec44210b57/trajectory.npz,5fcd887751eadae12c15810484b7f858a2e6a353a089861bee62abec2e0d9f6a,/data/vla-forge-artifacts/M02_libero40/registry/runs/20261010T030315-982cacc8515f/episodes/goal_task07_episode00_attempt1/action_trace.json,909d249cc4abaed358ead8462182ad618542728babe5e533945a3ee91c9e9c5c,/data/vla-forge-artifacts/M02_libero40/registry/runs/20261010T030315-982cacc8515f/episodes/goal_task07_episode00_attempt1/episode.json,b8a7818640e3f1079e68fa10b2977ea8a2d7ed5328295dda4983ed28de49a0a0,
goal,libero_goal,7,turn_on_the_stove,turn on the stove,1,20261010T030315-982cacc8515f,1,84071,1,complete,True,success,76,300,50,50,relative,31d453f7edd78c839a8bbc39744a292686daf0de,9a9f6413e42c0f332fccbce9a0dc796af2790f82cf002f791cdbf7e01e1afca8,a1aaacb7f6cd6ee5fb43120f673cebb0cfea7dd4,6aba5a609050aacf50101c0227f82dd1b9b38b65b1122943c6b2a1451b26ad6f,"{""observation.images.camera1"": [1, 3, 256, 256], ""observation.images.camera2"": [1, 3, 256, 256], ""observation.language.attention_mask"": [1, 48], ""observation.language.tokens"": [1, 48], ""observation.state"": [1, 8]}",9.903903644736843,2.37021,306.6248385,15.984029963998182,964068864,1002438656,/data/vla-forge-artifacts/M02_libero40/registry/runs/20261010T030315-982cacc8515f/videos/goal_task07_episode01_attempt1.mp4,004390f1f15bddd8249601b79660c85316f6944307ed6b6f4c83db56f24022d2,"image:left,image2:right",/data/vla-forge-artifacts/M02_libero40/registry/runs/20261010T030315-982cacc8515f/rollout-3061413094082236/trajectory.npz,90e4d3bbce11955cb4b3294978e3ddd52b1e8e68a24c622e267e5edb2d5f04d2,/data/vla-forge-artifacts/M02_libero40/registry/runs/20261010T030315-982cacc8515f/episodes/goal_task07_episode01_attempt1/action_trace.json,d420b370134f6f2c75d1fc9d67e35e1b1e3a5cfc0d16dfefba694895531d6308,/data/vla-forge-artifacts/M02_libero40/registry/runs/20261010T030315-982cacc8515f/episodes/goal_task07_episode01_attempt1/episode.json,3b50ce465f84b9b055a6b1d5040b581b552b31797cf57f795a325f037e80392d,
goal,libero_goal,7,turn_on_the_stove,turn on the stove,2,20261010T030315-982cacc8515f,2,84072,1,complete,False,timeout,300,300,50,50,relative,31d453f7edd78c839a8bbc39744a292686daf0de,9a9f6413e42c0f332fccbce9a0dc796af2790f82cf002f791cdbf7e01e1afca8,a1aaacb7f6cd6ee5fb43120f673cebb0cfea7dd4,6aba5a609050aacf50101c0227f82dd1b9b38b65b1122943c6b2a1451b26ad6f,"{""observation.images.camera1"": [1, 3, 256, 256], ""observation.images.camera2"": [1, 3, 256, 256], ""observation.language.attention_mask"": [1, 48], ""observation.language.tokens"": [1, 48], ""observation.state"": [1, 8]}",7.799514599999999,2.531325750000001,299.0294791666667,61.36034424299578,964068864,1002438656,/data/vla-forge-artifacts/M02_libero40/registry/runs/20261010T030315-982cacc8515f/videos/goal_task07_episode02_attempt1.mp4,18e6071069ff654ed3803003e0414b0f95be0958051616335453b34ca8a5f26e,"image:left,image2:right",/data/vla-forge-artifacts/M02_libero40/registry/runs/20261010T030315-982cacc8515f/rollout-98e6a2746efd398a/trajectory.npz,d9b704df280c1999701b53f92b6f53c3f3cd86ef00edc0416d85dd28079220f7,/data/vla-forge-artifacts/M02_libero40/registry/runs/20261010T030315-982cacc8515f/episodes/goal_task07_episode02_attempt1/action_trace.json,f0267f28c2d42575771704514219595edbab11d8b24b117eb38a7a7c6cc71ecf,/data/vla-forge-artifacts/M02_libero40/registry/runs/20261010T030315-982cacc8515f/episodes/goal_task07_episode02_attempt1/episode.json,9aa8f2f88b90731de38d153e0c0b1bac83379c512c33e4a0ceb347dc905e5a47,
goal,libero_goal,7,turn_on_the_stove,turn on the stove,3,20261010T030315-982cacc8515f,3,84073,1,complete,True,success,77,300,50,50,relative,31d453f7edd78c839a8bbc39744a292686daf0de,9a9f6413e42c0f332fccbce9a0dc796af2790f82cf002f791cdbf7e01e1afca8,a1aaacb7f6cd6ee5fb43120f673cebb0cfea7dd4,6aba5a609050aacf50101c0227f82dd1b9b38b65b1122943c6b2a1451b26ad6f,"{""observation.images.camera1"": [1, 3, 256, 256], ""observation.images.camera2"": [1, 3, 256, 256], ""observation.language.attention_mask"": [1, 48], ""observation.language.tokens"": [1, 48], ""observation.state"": [1, 8]}",9.577800415584415,2.584678200000001,298.8815015,16.196590385006857,964068864,1002438656,/data/vla-forge-artifacts/M02_libero40/registry/runs/20261010T030315-982cacc8515f/videos/goal_task07_episode03_attempt1.mp4,f4898cf785c6ab22d9d87ddd89a4f12cf6070f0586cfdf9dbe3b1f839e3fa62e,"image:left,image2:right",/data/vla-forge-artifacts/M02_libero40/registry/runs/20261010T030315-982cacc8515f/rollout-efbfae1b430e8d30/trajectory.npz,be4633a8b78e3279844628519363f1d8f928dd5b02a5c99984ccb35dd83ff4ca,/data/vla-forge-artifacts/M02_libero40/registry/runs/20261010T030315-982cacc8515f/episodes/goal_task07_episode03_attempt1/action_trace.json,05abe164ddfa9c04a376d04da43515520fa22aecf44a8c015f39fe3a950cdab3,/data/vla-forge-artifacts/M02_libero40/registry/runs/20261010T030315-982cacc8515f/episodes/goal_task07_episode03_attempt1/episode.json,8cacdcb4686aea67edace437835cc4a8d717f534675a6b4c9500aae080abdc1e,
goal,libero_goal,7,turn_on_the_stove,turn on the stove,4,20261010T030315-982cacc8515f,4,84074,1,complete,True,success,72,300,50,50,relative,31d453f7edd78c839a8bbc39744a292686daf0de,9a9f6413e42c0f332fccbce9a0dc796af2790f82cf002f791cdbf7e01e1afca8,a1aaacb7f6cd6ee5fb43120f673cebb0cfea7dd4,6aba5a609050aacf50101c0227f82dd1b9b38b65b1122943c6b2a1451b26ad6f,"{""observation.images.camera1"": [1, 3, 256, 256], ""observation.images.camera2"": [1, 3, 256, 256], ""observation.language.attention_mask"": [1, 48], ""observation.language.tokens"": [1, 48], ""observation.state"": [1, 8]}",11.426670513888888,2.4521706000000014,346.1373725,14.920059010000841,964068864,1002438656,/data/vla-forge-artifacts/M02_libero40/registry/runs/20261010T030315-982cacc8515f/videos/goal_task07_episode04_attempt1.mp4,94421b5e9c3517ec7ba124100b7c46f972f9ddba4462c7d708e9c8925f0f9222,"image:left,image2:right",/data/vla-forge-artifacts/M02_libero40/registry/runs/20261010T030315-982cacc8515f/rollout-9e5dcae12f9db12c/trajectory.npz,dd052d4d0c309fdba0068226ed527fc1d513684c08e4b6fcf5d290d4349c6ef8,/data/vla-forge-artifacts/M02_libero40/registry/runs/20261010T030315-982cacc8515f/episodes/goal_task07_episode04_attempt1/action_trace.json,4f7cb3e5f644e0e98e6f4f21f0d66556d3f3b5dd5a9bc282aa54d59ea2c8522a,/data/vla-forge-artifacts/M02_libero40/registry/runs/20261010T030315-982cacc8515f/episodes/goal_task07_episode04_attempt1/episode.json,eafda6c5b7103fb314bddb303e8dc7e588ad22e20da1f240edf6e53879662f6c,
goal,libero_goal,7,turn_on_the_stove,turn on the stove,5,20261010T030315-982cacc8515f,5,84075,1,complete,True,success,76,300,50,50,relative,31d453f7edd78c839a8bbc39744a292686daf0de,9a9f6413e42c0f332fccbce9a0dc796af2790f82cf002f791cdbf7e01e1afca8,a1aaacb7f6cd6ee5fb43120f673cebb0cfea7dd4,6aba5a609050aacf50101c0227f82dd1b9b38b65b1122943c6b2a1451b26ad6f,"{""observation.images.camera1"": [1, 3, 256, 256], ""observation.images.camera2"": [1, 3, 256, 256], ""observation.language.attention_mask"": [1, 48], ""observation.language.tokens"": [1, 48], ""observation.state"": [1, 8]}",9.752471789473685,2.470651,301.12547,16.11954435199732,964068864,1002438656,/data/vla-forge-artifacts/M02_libero40/registry/runs/20261010T030315-982cacc8515f/videos/goal_task07_episode05_attempt1.mp4,3e8d47f0c8af01214ac4b3507ec4510c7dbb3c888d449f84d54956d2810d3dcd,"image:left,image2:right",/data/vla-forge-artifacts/M02_libero40/registry/runs/20261010T030315-982cacc8515f/rollout-2c75eb0ee7fa0557/trajectory.npz,5c0eae8fd9a37ddc7bcc93b2adc6f1ae20053111c77ded074ea94e7a3cc47ff1,/data/vla-forge-artifacts/M02_libero40/registry/runs/20261010T030315-982cacc8515f/episodes/goal_task07_episode05_attempt1/action_trace.json,929eb22307920320af627c4ddc76393006c03d0ff314f98209399c335c19a793,/data/vla-forge-artifacts/M02_libero40/registry/runs/20261010T030315-982cacc8515f/episodes/goal_task07_episode05_attempt1/episode.json,1f2099bff193fe9174814eae76aaab0d46a44930ab54a3cd85671a3555847c2e,
goal,libero_goal,7,turn_on_the_stove,turn on the stove,6,20261010T030315-982cacc8515f,6,84076,1,complete,True,success,79,300,50,50,relative,31d453f7edd78c839a8bbc39744a292686daf0de,9a9f6413e42c0f332fccbce9a0dc796af2790f82cf002f791cdbf7e01e1afca8,a1aaacb7f6cd6ee5fb43120f673cebb0cfea7dd4,6aba5a609050aacf50101c0227f82dd1b9b38b65b1122943c6b2a1451b26ad6f,"{""observation.images.camera1"": [1, 3, 256, 256], ""observation.images.camera2"": [1, 3, 256, 256], ""observation.language.attention_mask"": [1, 48], ""observation.language.tokens"": [1, 48], ""observation.state"": [1, 8]}",9.460956215189874,2.6083138999999997,300.46705999999995,16.566881651000585,964068864,1002438656,/data/vla-forge-artifacts/M02_libero40/registry/runs/20261010T030315-982cacc8515f/videos/goal_task07_episode06_attempt1.mp4,33ee6916d1f13f0522ed393f7846112c30d647e1316ebbc1724b8af9216b6ecd,"image:left,image2:right",/data/vla-forge-artifacts/M02_libero40/registry/runs/20261010T030315-982cacc8515f/rollout-5924fc546e9167a9/trajectory.npz,055983e727ff49d39e1a427aad4ff427f3c6091a7f5cd424346b8d2e357ecea3,/data/vla-forge-artifacts/M02_libero40/registry/runs/20261010T030315-982cacc8515f/episodes/goal_task07_episode06_attempt1/action_trace.json,ba97ce025240c12ad4285e8c2916b00aeaed80198b69a1398168172fe09c849d,/data/vla-forge-artifacts/M02_libero40/registry/runs/20261010T030315-982cacc8515f/episodes/goal_task07_episode06_attempt1/episode.json,0b35727ab8d5e0db5d5d18f6bdd70189f8dd7dabfc886d5b18f3257d6998034a,
goal,libero_goal,7,turn_on_the_stove,turn on the stove,7,20261010T030315-982cacc8515f,7,84077,1,complete,False,timeout,300,300,50,50,relative,31d453f7edd78c839a8bbc39744a292686daf0de,9a9f6413e42c0f332fccbce9a0dc796af2790f82cf002f791cdbf7e01e1afca8,a1aaacb7f6cd6ee5fb43120f673cebb0cfea7dd4,6aba5a609050aacf50101c0227f82dd1b9b38b65b1122943c6b2a1451b26ad6f,"{""observation.images.camera1"": [1, 3, 256, 256], ""observation.images.camera2"": [1, 3, 256, 256], ""observation.language.attention_mask"": [1, 48], ""observation.language.tokens"": [1, 48], ""observation.state"": [1, 8]}",7.967611953333333,2.4155322500000014,306.7285173333333,63.128275391994976,964068864,1002438656,/data/vla-forge-artifacts/M02_libero40/registry/runs/20261010T030315-982cacc8515f/videos/goal_task07_episode07_attempt1.mp4,8ec664236857a9ff0711add0d8129c578736fa137b876e3539fb6391c9092de3,"image:left,image2:right",/data/vla-forge-artifacts/M02_libero40/registry/runs/20261010T030315-982cacc8515f/rollout-ae5ac0382c228370/trajectory.npz,be8afa065a04e8d0c4c47cb6ee20e8c10ad9c55ed12be666d073311cefdae2f4,/data/vla-forge-artifacts/M02_libero40/registry/runs/20261010T030315-982cacc8515f/episodes/goal_task07_episode07_attempt1/action_trace.json,11365ea25558129df8dd7a22d88e221bf0c8ba491ea71e4dcb57d6fb097040fc,/data/vla-forge-artifacts/M02_libero40/registry/runs/20261010T030315-982cacc8515f/episodes/goal_task07_episode07_attempt1/episode.json,5153a6ce4c46b4922e955bfbaad49130dbcc423bce526c3b2bbb36a3838db473,
goal,libero_goal,7,turn_on_the_stove,turn on the stove,8,20261010T030315-982cacc8515f,8,84078,1,complete,True,success,104,300,50,50,relative,31d453f7edd78c839a8bbc39744a292686daf0de,9a9f6413e42c0f332fccbce9a0dc796af2790f82cf002f791cdbf7e01e1afca8,a1aaacb7f6cd6ee5fb43120f673cebb0cfea7dd4,6aba5a609050aacf50101c0227f82dd1b9b38b65b1122943c6b2a1451b26ad6f,"{""observation.images.camera1"": [1, 3, 256, 256], ""observation.images.camera2"": [1, 3, 256, 256], ""observation.language.attention_mask"": [1, 48], ""observation.language.tokens"": [1, 48], ""observation.state"": [1, 8]}",10.617434298076923,3.014987099999999,302.99791166666665,22.04664475900063,964068864,1002438656,/data/vla-forge-artifacts/M02_libero40/registry/runs/20261010T030315-982cacc8515f/videos/goal_task07_episode08_attempt1.mp4,2fa7d610bbd08cb29f50d3b0251b68142386721ea912779f78d39356a683f04d,"image:left,image2:right",/data/vla-forge-artifacts/M02_libero40/registry/runs/20261010T030315-982cacc8515f/rollout-fe471b4a4031dec2/trajectory.npz,4d3544abddd82f140030bafe92deda55d047e873ec8dff5f34d546b331369c3c,/data/vla-forge-artifacts/M02_libero40/registry/runs/20261010T030315-982cacc8515f/episodes/goal_task07_episode08_attempt1/action_trace.json,7dadfcdc1b9f30b33aa64bd2a68e2b0e5d6d99a57dc4bbfca49b0ab7bebb7eef,/data/vla-forge-artifacts/M02_libero40/registry/runs/20261010T030315-982cacc8515f/episodes/goal_task07_episode08_attempt1/episode.json,4aa8d4c1a163c2a8fe63a78dd136d87e77763d6adf4dafe9520176353c0f8729,
goal,libero_goal,7,turn_on_the_stove,turn on the stove,9,20261010T030315-982cacc8515f,9,84079,1,complete,True,success,68,300,50,50,relative,31d453f7edd78c839a8bbc39744a292686daf0de,9a9f6413e42c0f332fccbce9a0dc796af2790f82cf002f791cdbf7e01e1afca8,a1aaacb7f6cd6ee5fb43120f673cebb0cfea7dd4,6aba5a609050aacf50101c0227f82dd1b9b38b65b1122943c6b2a1451b26ad6f,"{""observation.images.camera1"": [1, 3, 256, 256], ""observation.images.camera2"": [1, 3, 256, 256], ""observation.language.attention_mask"": [1, 48], ""observation.language.tokens"": [1, 48], ""observation.state"": [1, 8]}",10.916873955882352,2.4409918499999996,309.28914699999996,14.179073587001767,964068864,1002438656,/data/vla-forge-artifacts/M02_libero40/registry/runs/20261010T030315-982cacc8515f/videos/goal_task07_episode09_attempt1.mp4,1056edde853ba2946b09f74126dde481be41cbedb6e9e79c4f59c4b5a4b160a0,"image:left,image2:right",/data/vla-forge-artifacts/M02_libero40/registry/runs/20261010T030315-982cacc8515f/rollout-5a94eb0794e0565a/trajectory.npz,469319c78b6f7ebd52080037d234e9ae70b26d5ce7cb02e9ead6053b46abcdae,/data/vla-forge-artifacts/M02_libero40/registry/runs/20261010T030315-982cacc8515f/episodes/goal_task07_episode09_attempt1/action_trace.json,7a87a56a8b4d01513e84a88e9fee4faa6636b74f9469d7d7b261ee8372f7cf9b,/data/vla-forge-artifacts/M02_libero40/registry/runs/20261010T030315-982cacc8515f/episodes/goal_task07_episode09_attempt1/episode.json,285f90ab85ac86f4488ffdb793755df9c9e54e20aedc9a0c64acddc2386aebd8,
goal,libero_goal,8,put_the_bowl_on_the_plate,put the bowl on the plate,0,20261010T030315-982cacc8515f,0,84080,1,complete,True,success,79,300,50,50,relative,31d453f7edd78c839a8bbc39744a292686daf0de,9a9f6413e42c0f332fccbce9a0dc796af2790f82cf002f791cdbf7e01e1afca8,a1aaacb7f6cd6ee5fb43120f673cebb0cfea7dd4,6aba5a609050aacf50101c0227f82dd1b9b38b65b1122943c6b2a1451b26ad6f,"{""observation.images.camera1"": [1, 3, 256, 256], ""observation.images.camera2"": [1, 3, 256, 256], ""observation.language.attention_mask"": [1, 48], ""observation.language.tokens"": [1, 48], ""observation.state"": [1, 8]}",9.365309848101266,2.1864064,299.49202049999997,16.425542386001325,964068864,1002438656,/data/vla-forge-artifacts/M02_libero40/registry/runs/20261010T030315-982cacc8515f/videos/goal_task08_episode00_attempt1.mp4,58d1341a7f01c6c4b23b65d5b63e0d651db49d557593df3a6c5f7c472680632e,"image:left,image2:right",/data/vla-forge-artifacts/M02_libero40/registry/runs/20261010T030315-982cacc8515f/rollout-d9322e14742d0e5c/trajectory.npz,a904de5c0b7ddd4ee1df901c34553f83ee75448f57a26fd23cb923210055e1c4,/data/vla-forge-artifacts/M02_libero40/registry/runs/20261010T030315-982cacc8515f/episodes/goal_task08_episode00_attempt1/action_trace.json,4d4ab441b638efbac2e75faceb1f547ffad017a6411a5d6f0b6c2b503da3aa69,/data/vla-forge-artifacts/M02_libero40/registry/runs/20261010T030315-982cacc8515f/episodes/goal_task08_episode00_attempt1/episode.json,dee729ef1cacebb928e7ab98ad292639688995d9e9631f6fc581070e9c12dc37,
goal,libero_goal,8,put_the_bowl_on_the_plate,put the bowl on the plate,1,20261010T030315-982cacc8515f,1,84081,1,complete,True,success,75,300,50,50,relative,31d453f7edd78c839a8bbc39744a292686daf0de,9a9f6413e42c0f332fccbce9a0dc796af2790f82cf002f791cdbf7e01e1afca8,a1aaacb7f6cd6ee5fb43120f673cebb0cfea7dd4,6aba5a609050aacf50101c0227f82dd1b9b38b65b1122943c6b2a1451b26ad6f,"{""observation.images.camera1"": [1, 3, 256, 256], ""observation.images.camera2"": [1, 3, 256, 256], ""observation.language.attention_mask"": [1, 48], ""observation.language.tokens"": [1, 48], ""observation.state"": [1, 8]}",9.944408146666667,3.027556999999999,302.2497075,15.559132583999599,964068864,1002438656,/data/vla-forge-artifacts/M02_libero40/registry/runs/20261010T030315-982cacc8515f/videos/goal_task08_episode01_attempt1.mp4,9076fcc129e359ac0353017671cc1f99c7052611df502c1f7440e9371d7f4894,"image:left,image2:right",/data/vla-forge-artifacts/M02_libero40/registry/runs/20261010T030315-982cacc8515f/rollout-a32f6d579fbc26a8/trajectory.npz,cdcfa9b214fdc3b04d8c6f401431c26f9bf042039350aa94f8b2726bbe5da24d,/data/vla-forge-artifacts/M02_libero40/registry/runs/20261010T030315-982cacc8515f/episodes/goal_task08_episode01_attempt1/action_trace.json,456dd49018797def321e47818a11f978603ec6a048387a720ed4fd8d9047c7ec,/data/vla-forge-artifacts/M02_libero40/registry/runs/20261010T030315-982cacc8515f/episodes/goal_task08_episode01_attempt1/episode.json,3b7438ac5bf536232f9de40c76994e62730728adaf5dbb1a90bb17417d8ac66f,
goal,libero_goal,8,put_the_bowl_on_the_plate,put the bowl on the plate,2,20261010T030315-982cacc8515f,2,84082,1,complete,False,timeout,300,300,50,50,relative,31d453f7edd78c839a8bbc39744a292686daf0de,9a9f6413e42c0f332fccbce9a0dc796af2790f82cf002f791cdbf7e01e1afca8,a1aaacb7f6cd6ee5fb43120f673cebb0cfea7dd4,6aba5a609050aacf50101c0227f82dd1b9b38b65b1122943c6b2a1451b26ad6f,"{""observation.images.camera1"": [1, 3, 256, 256], ""observation.images.camera2"": [1, 3, 256, 256], ""observation.language.attention_mask"": [1, 48], ""observation.language.tokens"": [1, 48], ""observation.state"": [1, 8]}",7.860726306666667,2.5303819,301.37977850000004,62.44733888299379,964068864,1002438656,/data/vla-forge-artifacts/M02_libero40/registry/runs/20261010T030315-982cacc8515f/videos/goal_task08_episode02_attempt1.mp4,111a46b3399bce2725764ec03f8fd15affe27fcb29164add8295f900c3ea6a3c,"image:left,image2:right",/data/vla-forge-artifacts/M02_libero40/registry/runs/20261010T030315-982cacc8515f/rollout-b9fe4fadf699efeb/trajectory.npz,9e034fa75cd3c0feb126add43400286c8c207a02380326724eb6e8146d2f8fa1,/data/vla-forge-artifacts/M02_libero40/registry/runs/20261010T030315-982cacc8515f/episodes/goal_task08_episode02_attempt1/action_trace.json,7b6e8927988f02241efed780399d3a832f0236857a5526f18d709246c5018ceb,/data/vla-forge-artifacts/M02_libero40/registry/runs/20261010T030315-982cacc8515f/episodes/goal_task08_episode02_attempt1/episode.json,8d887fbc92524ad17395cd213b414209543b7e1cee232820320e577948807ddb,
goal,libero_goal,8,put_the_bowl_on_the_plate,put the bowl on the plate,3,20261010T030315-982cacc8515f,3,84083,1,complete,True,success,76,300,50,50,relative,31d453f7edd78c839a8bbc39744a292686daf0de,9a9f6413e42c0f332fccbce9a0dc796af2790f82cf002f791cdbf7e01e1afca8,a1aaacb7f6cd6ee5fb43120f673cebb0cfea7dd4,6aba5a609050aacf50101c0227f82dd1b9b38b65b1122943c6b2a1451b26ad6f,"{""observation.images.camera1"": [1, 3, 256, 256], ""observation.images.camera2"": [1, 3, 256, 256], ""observation.language.attention_mask"": [1, 48], ""observation.language.tokens"": [1, 48], ""observation.state"": [1, 8]}",9.690862592105262,2.8361650000000003,298.63208399999996,15.567082128996844,964068864,1002438656,/data/vla-forge-artifacts/M02_libero40/registry/runs/20261010T030315-982cacc8515f/videos/goal_task08_episode03_attempt1.mp4,668f9b141198bac977dee1319bb7347d95a09e1cce7ce957f43c7bbb438303fd,"image:left,image2:right",/data/vla-forge-artifacts/M02_libero40/registry/runs/20261010T030315-982cacc8515f/rollout-a09e34b0ae80df5d/trajectory.npz,5b0d209cd47dec1665233f72f20386a44e71379e16276ee21488f38e259ef362,/data/vla-forge-artifacts/M02_libero40/registry/runs/20261010T030315-982cacc8515f/episodes/goal_task08_episode03_attempt1/action_trace.json,66eef31fbc7c67dd168e95653e1155a5110ff8e045777b6a2bb8e7c93bd40597,/data/vla-forge-artifacts/M02_libero40/registry/runs/20261010T030315-982cacc8515f/episodes/goal_task08_episode03_attempt1/episode.json,1169268878bff7f13d080afff2208967efd87e9d2c3404a598c67f5bfeccb517,
goal,libero_goal,8,put_the_bowl_on_the_plate,put the bowl on the plate,4,20261010T030315-982cacc8515f,4,84084,1,complete,True,success,77,300,50,50,relative,31d453f7edd78c839a8bbc39744a292686daf0de,9a9f6413e42c0f332fccbce9a0dc796af2790f82cf002f791cdbf7e01e1afca8,a1aaacb7f6cd6ee5fb43120f673cebb0cfea7dd4,6aba5a609050aacf50101c0227f82dd1b9b38b65b1122943c6b2a1451b26ad6f,"{""observation.images.camera1"": [1, 3, 256, 256], ""observation.images.camera2"": [1, 3, 256, 256], ""observation.language.attention_mask"": [1, 48], ""observation.language.tokens"": [1, 48], ""observation.state"": [1, 8]}",9.501684792207794,2.4952194000000003,296.58659850000004,15.838811567999073,964068864,1002438656,/data/vla-forge-artifacts/M02_libero40/registry/runs/20261010T030315-982cacc8515f/videos/goal_task08_episode04_attempt1.mp4,14ff34f7c00604711c4870305b53af6e6cde8f41a6e54636c14ff4275244837b,"image:left,image2:right",/data/vla-forge-artifacts/M02_libero40/registry/runs/20261010T030315-982cacc8515f/rollout-50e394c63b43502b/trajectory.npz,708c256ffe1a4abb2f6b94039c1f91b934a95c995edbc654f168e605b6cc2624,/data/vla-forge-artifacts/M02_libero40/registry/runs/20261010T030315-982cacc8515f/episodes/goal_task08_episode04_attempt1/action_trace.json,9307b5766e3991a108aa6021d112cc6b3b42ae055048da71c8b6c16ea49dfe8c,/data/vla-forge-artifacts/M02_libero40/registry/runs/20261010T030315-982cacc8515f/episodes/goal_task08_episode04_attempt1/episode.json,29c8a1b123b31d6c9293d13eb277f2e73e045982fce3630fcd06027f9ff2fc2d,
goal,libero_goal,8,put_the_bowl_on_the_plate,put the bowl on the plate,5,20261010T030315-982cacc8515f,5,84085,1,complete,True,success,76,300,50,50,relative,31d453f7edd78c839a8bbc39744a292686daf0de,9a9f6413e42c0f332fccbce9a0dc796af2790f82cf002f791cdbf7e01e1afca8,a1aaacb7f6cd6ee5fb43120f673cebb0cfea7dd4,6aba5a609050aacf50101c0227f82dd1b9b38b65b1122943c6b2a1451b26ad6f,"{""observation.images.camera1"": [1, 3, 256, 256], ""observation.images.camera2"": [1, 3, 256, 256], ""observation.language.attention_mask"": [1, 48], ""observation.language.tokens"": [1, 48], ""observation.state"": [1, 8]}",9.867446907894736,2.3290595,306.281074,15.90361947799829,964068864,1002438656,/data/vla-forge-artifacts/M02_libero40/registry/runs/20261010T030315-982cacc8515f/videos/goal_task08_episode05_attempt1.mp4,ab0746cc548a76f1b19043470a6c3c115da34d2e01e768d78edb90da49c71750,"image:left,image2:right",/data/vla-forge-artifacts/M02_libero40/registry/runs/20261010T030315-982cacc8515f/rollout-89c9c36445cccfe4/trajectory.npz,103c466b08a3195d4a1269225ce3e7ca708eb91b1ae6b7a56466ca781478a8e4,/data/vla-forge-artifacts/M02_libero40/registry/runs/20261010T030315-982cacc8515f/episodes/goal_task08_episode05_attempt1/action_trace.json,38f47214c483bdbf2f2f5f4384b9bc97351f64c546742e81666c9a5d68ee88b2,/data/vla-forge-artifacts/M02_libero40/registry/runs/20261010T030315-982cacc8515f/episodes/goal_task08_episode05_attempt1/episode.json,1749ea4d9118a04f03c0428d21483590d13cfabee06b2f90cc834cfb681665b3,
goal,libero_goal,8,put_the_bowl_on_the_plate,put the bowl on the plate,6,20261010T030315-982cacc8515f,6,84086,1,complete,True,success,78,300,50,50,relative,31d453f7edd78c839a8bbc39744a292686daf0de,9a9f6413e42c0f332fccbce9a0dc796af2790f82cf002f791cdbf7e01e1afca8,a1aaacb7f6cd6ee5fb43120f673cebb0cfea7dd4,6aba5a609050aacf50101c0227f82dd1b9b38b65b1122943c6b2a1451b26ad6f,"{""observation.images.camera1"": [1, 3, 256, 256], ""observation.images.camera2"": [1, 3, 256, 256], ""observation.language.attention_mask"": [1, 48], ""observation.language.tokens"": [1, 48], ""observation.state"": [1, 8]}",9.467530833333333,2.633858399999998,297.6174175,16.164718531006656,964068864,1002438656,/data/vla-forge-artifacts/M02_libero40/registry/runs/20261010T030315-982cacc8515f/videos/goal_task08_episode06_attempt1.mp4,7a677ad78b842b6e69264f6c305436dab2cfcba16694766380912454663e5435,"image:left,image2:right",/data/vla-forge-artifacts/M02_libero40/registry/runs/20261010T030315-982cacc8515f/rollout-f1a69e0add38dfc6/trajectory.npz,63e1da621ca56e1aca1f128a223f220a5fca278e1e1801ed227a093ea09eacd7,/data/vla-forge-artifacts/M02_libero40/registry/runs/20261010T030315-982cacc8515f/episodes/goal_task08_episode06_attempt1/action_trace.json,fdc7021621512a24a061e807ce3fe79cd302593256eb45a708cf43103ab67440,/data/vla-forge-artifacts/M02_libero40/registry/runs/20261010T030315-982cacc8515f/episodes/goal_task08_episode06_attempt1/episode.json,a21e5d6a116093e05f0e9baf1acda4f817b5191e75241284f0b7d7fcdb98a4d0,
goal,libero_goal,8,put_the_bowl_on_the_plate,put the bowl on the plate,7,20261010T030315-982cacc8515f,7,84087,1,complete,False,timeout,300,300,50,50,relative,31d453f7edd78c839a8bbc39744a292686daf0de,9a9f6413e42c0f332fccbce9a0dc796af2790f82cf002f791cdbf7e01e1afca8,a1aaacb7f6cd6ee5fb43120f673cebb0cfea7dd4,6aba5a609050aacf50101c0227f82dd1b9b38b65b1122943c6b2a1451b26ad6f,"{""observation.images.camera1"": [1, 3, 256, 256], ""observation.images.camera2"": [1, 3, 256, 256], ""observation.language.attention_mask"": [1, 48], ""observation.language.tokens"": [1, 48], ""observation.state"": [1, 8]}",7.854681716666668,2.315770350000001,301.98473,62.214714834000915,964068864,1002438656,/data/vla-forge-artifacts/M02_libero40/registry/runs/20261010T030315-982cacc8515f/videos/goal_task08_episode07_attempt1.mp4,0f4921890e6072fc939b8e68f079206a689928fab83683234ecc1ffc55628b28,"image:left,image2:right",/data/vla-forge-artifacts/M02_libero40/registry/runs/20261010T030315-982cacc8515f/rollout-51712f95a8c61809/trajectory.npz,abc7db845a0043cc2efc57d839e9d37ea671138637ec47889813f6c864de1b1d,/data/vla-forge-artifacts/M02_libero40/registry/runs/20261010T030315-982cacc8515f/episodes/goal_task08_episode07_attempt1/action_trace.json,fe9bb18b22a43b87f33e9f26c10cf4aaff4024ba207745f3779339612731a313,/data/vla-forge-artifacts/M02_libero40/registry/runs/20261010T030315-982cacc8515f/episodes/goal_task08_episode07_attempt1/episode.json,0110053c0166f45d216065a8cbc2908278068eddf502262990064cf1b360ce0e,
goal,libero_goal,8,put_the_bowl_on_the_plate,put the bowl on the plate,8,20261010T030315-982cacc8515f,8,84088,1,complete,True,success,83,300,50,50,relative,31d453f7edd78c839a8bbc39744a292686daf0de,9a9f6413e42c0f332fccbce9a0dc796af2790f82cf002f791cdbf7e01e1afca8,a1aaacb7f6cd6ee5fb43120f673cebb0cfea7dd4,6aba5a609050aacf50101c0227f82dd1b9b38b65b1122943c6b2a1451b26ad6f,"{""observation.images.camera1"": [1, 3, 256, 256], ""observation.images.camera2"": [1, 3, 256, 256], ""observation.language.attention_mask"": [1, 48], ""observation.language.tokens"": [1, 48], ""observation.state"": [1, 8]}",9.263760951807228,2.736652999999999,308.771019,17.290621843996632,964068864,1002438656,/data/vla-forge-artifacts/M02_libero40/registry/runs/20261010T030315-982cacc8515f/videos/goal_task08_episode08_attempt1.mp4,03879007ab541bdc9ab59cb4d1217ae962b2526c36cd56876c91b5fa9857cf65,"image:left,image2:right",/data/vla-forge-artifacts/M02_libero40/registry/runs/20261010T030315-982cacc8515f/rollout-545b5646fbee1ff6/trajectory.npz,924c4b4dc2123903bf525895a80867bbf37f11e3f59057519e9386c67c9a999f,/data/vla-forge-artifacts/M02_libero40/registry/runs/20261010T030315-982cacc8515f/episodes/goal_task08_episode08_attempt1/action_trace.json,e05d492f68866d5c94b9310e988998771c35b9896339cb4fbd03a73f58ddfe37,/data/vla-forge-artifacts/M02_libero40/registry/runs/20261010T030315-982cacc8515f/episodes/goal_task08_episode08_attempt1/episode.json,557ab036996b7a528a384b1b27c749ea826d40c1daec901a5d82fcee8994806c,
goal,libero_goal,8,put_the_bowl_on_the_plate,put the bowl on the plate,9,20261010T030315-982cacc8515f,9,84089,1,complete,True,success,79,300,50,50,relative,31d453f7edd78c839a8bbc39744a292686daf0de,9a9f6413e42c0f332fccbce9a0dc796af2790f82cf002f791cdbf7e01e1afca8,a1aaacb7f6cd6ee5fb43120f673cebb0cfea7dd4,6aba5a609050aacf50101c0227f82dd1b9b38b65b1122943c6b2a1451b26ad6f,"{""observation.images.camera1"": [1, 3, 256, 256], ""observation.images.camera2"": [1, 3, 256, 256], ""observation.language.attention_mask"": [1, 48], ""observation.language.tokens"": [1, 48], ""observation.state"": [1, 8]}",9.567950683544302,3.5312983999999936,301.403373,17.059579342996585,964068864,1002438656,/data/vla-forge-artifacts/M02_libero40/registry/runs/20261010T030315-982cacc8515f/videos/goal_task08_episode09_attempt1.mp4,123241a2ab41a047dc281b4f5db79c81c311d8a1c54b0057b55b4197c1e56cc2,"image:left,image2:right",/data/vla-forge-artifacts/M02_libero40/registry/runs/20261010T030315-982cacc8515f/rollout-112351c2b5f4dc40/trajectory.npz,ffa6ef6bb2774866105c7470486683bf0f5684a8469e3bb1abe592010b1482b1,/data/vla-forge-artifacts/M02_libero40/registry/runs/20261010T030315-982cacc8515f/episodes/goal_task08_episode09_attempt1/action_trace.json,960232488d153cc9cc827b4732449429aeadf12b18e50c0fbb76f8de6528beb2,/data/vla-forge-artifacts/M02_libero40/registry/runs/20261010T030315-982cacc8515f/episodes/goal_task08_episode09_attempt1/episode.json,3cce11120d7bdd162002b613aa7bdf62158003b5c6a9d10d244d39620bc29d92,
goal,libero_goal,9,put_the_wine_bottle_on_the_rack,put the wine bottle on the rack,0,20261010T030315-982cacc8515f,0,84090,1,complete,True,success,144,300,50,50,relative,31d453f7edd78c839a8bbc39744a292686daf0de,9a9f6413e42c0f332fccbce9a0dc796af2790f82cf002f791cdbf7e01e1afca8,a1aaacb7f6cd6ee5fb43120f673cebb0cfea7dd4,6aba5a609050aacf50101c0227f82dd1b9b38b65b1122943c6b2a1451b26ad6f,"{""observation.images.camera1"": [1, 3, 256, 256], ""observation.images.camera2"": [1, 3, 256, 256], ""observation.language.attention_mask"": [1, 48], ""observation.language.tokens"": [1, 48], ""observation.state"": [1, 8]}",8.362974381944445,2.5634085499999983,312.387185,29.947087548003765,964068864,1002438656,/data/vla-forge-artifacts/M02_libero40/registry/runs/20261010T030315-982cacc8515f/videos/goal_task09_episode00_attempt1.mp4,9f458f3d1a926274d23726f8d490f2829a944d23b9646892049a5f1b4681e9a2,"image:left,image2:right",/data/vla-forge-artifacts/M02_libero40/registry/runs/20261010T030315-982cacc8515f/rollout-401808ba579005a8/trajectory.npz,96505290b30a761821b68cf92ab24009c500f360ad269e1262e5001c583470d5,/data/vla-forge-artifacts/M02_libero40/registry/runs/20261010T030315-982cacc8515f/episodes/goal_task09_episode00_attempt1/action_trace.json,afc8a44a9e009cb00dea8b995f4843f5feb41089d2c8cb0a6b95ac598f0e720e,/data/vla-forge-artifacts/M02_libero40/registry/runs/20261010T030315-982cacc8515f/episodes/goal_task09_episode00_attempt1/episode.json,405e38706f9f3f0f04bdd5dce189cc6eab52e3a0ec9c5545c0836af6542632fa,
goal,libero_goal,9,put_the_wine_bottle_on_the_rack,put the wine bottle on the rack,1,20261010T030315-982cacc8515f,1,84091,1,complete,True,success,153,300,50,50,relative,31d453f7edd78c839a8bbc39744a292686daf0de,9a9f6413e42c0f332fccbce9a0dc796af2790f82cf002f791cdbf7e01e1afca8,a1aaacb7f6cd6ee5fb43120f673cebb0cfea7dd4,6aba5a609050aacf50101c0227f82dd1b9b38b65b1122943c6b2a1451b26ad6f,"{""observation.images.camera1"": [1, 3, 256, 256], ""observation.images.camera2"": [1, 3, 256, 256], ""observation.language.attention_mask"": [1, 48], ""observation.language.tokens"": [1, 48], ""observation.state"": [1, 8]}",9.878794176470587,2.9277516000000006,305.8014515,32.76439070199558,964068864,1002438656,/data/vla-forge-artifacts/M02_libero40/registry/runs/20261010T030315-982cacc8515f/videos/goal_task09_episode01_attempt1.mp4,765034bbfad40d9e8459268c5561ebfb4c00d7a0e3e6ccc87b6b2c2c1fed078b,"image:left,image2:right",/data/vla-forge-artifacts/M02_libero40/registry/runs/20261010T030315-982cacc8515f/rollout-deb395afbdc43835/trajectory.npz,df961a667f07e64ef580b30f0ddcf0e81170cf0ccc66dbc21d0e3e72b507bf68,/data/vla-forge-artifacts/M02_libero40/registry/runs/20261010T030315-982cacc8515f/episodes/goal_task09_episode01_attempt1/action_trace.json,e96df6b5b79bed8a5acf1ec8a7ab2a5178da75db5be5500e46caea746f474bf9,/data/vla-forge-artifacts/M02_libero40/registry/runs/20261010T030315-982cacc8515f/episodes/goal_task09_episode01_attempt1/episode.json,73f79fb3a0697fab60dc3c86eb9e636068e05c8c2065a461b0e13823489ebcf7,
goal,libero_goal,9,put_the_wine_bottle_on_the_rack,put the wine bottle on the rack,2,20261010T030315-982cacc8515f,2,84092,1,complete,True,success,134,300,50,50,relative,31d453f7edd78c839a8bbc39744a292686daf0de,9a9f6413e42c0f332fccbce9a0dc796af2790f82cf002f791cdbf7e01e1afca8,a1aaacb7f6cd6ee5fb43120f673cebb0cfea7dd4,6aba5a609050aacf50101c0227f82dd1b9b38b65b1122943c6b2a1451b26ad6f,"{""observation.images.camera1"": [1, 3, 256, 256], ""observation.images.camera2"": [1, 3, 256, 256], ""observation.language.attention_mask"": [1, 48], ""observation.language.tokens"": [1, 48], ""observation.state"": [1, 8]}",8.905328947761197,2.6131816999999997,314.077088,28.032808814001328,964068864,1002438656,/data/vla-forge-artifacts/M02_libero40/registry/runs/20261010T030315-982cacc8515f/videos/goal_task09_episode02_attempt1.mp4,163436846f9b8cdc2d066351151d6cd1d18a4cd83813ff27af9a6f0cc932fa6f,"image:left,image2:right",/data/vla-forge-artifacts/M02_libero40/registry/runs/20261010T030315-982cacc8515f/rollout-b6abd3505cec50bf/trajectory.npz,dbb8d76cae4defbb9891c8d35aeb5dd06e42a52bbcdb3221f1dffb6aa2b22199,/data/vla-forge-artifacts/M02_libero40/registry/runs/20261010T030315-982cacc8515f/episodes/goal_task09_episode02_attempt1/action_trace.json,14a7f790fcd8ee061faf536261ed92127dd14ab9581392f8d2897a9b63f0c360,/data/vla-forge-artifacts/M02_libero40/registry/runs/20261010T030315-982cacc8515f/episodes/goal_task09_episode02_attempt1/episode.json,4b5b7c47ebf83c0cb1fb13d281350df15f48f7c3e357843dc9d3e3fee73e9f1e,
goal,libero_goal,9,put_the_wine_bottle_on_the_rack,put the wine bottle on the rack,3,20261010T030315-982cacc8515f,3,84093,1,complete,True,success,123,300,50,50,relative,31d453f7edd78c839a8bbc39744a292686daf0de,9a9f6413e42c0f332fccbce9a0dc796af2790f82cf002f791cdbf7e01e1afca8,a1aaacb7f6cd6ee5fb43120f673cebb0cfea7dd4,6aba5a609050aacf50101c0227f82dd1b9b38b65b1122943c6b2a1451b26ad6f,"{""observation.images.camera1"": [1, 3, 256, 256], ""observation.images.camera2"": [1, 3, 256, 256], ""observation.language.attention_mask"": [1, 48], ""observation.language.tokens"": [1, 48], ""observation.state"": [1, 8]}",9.580782894308946,2.5600947999999994,317.126877,25.12028732500039,964068864,1002438656,/data/vla-forge-artifacts/M02_libero40/registry/runs/20261010T030315-982cacc8515f/videos/goal_task09_episode03_attempt1.mp4,c7f56bf0b08cf9b97ee4e64c4bf2e604b87f85217ace24b49e0ba8165d344b82,"image:left,image2:right",/data/vla-forge-artifacts/M02_libero40/registry/runs/20261010T030315-982cacc8515f/rollout-0cc0e019bcf99728/trajectory.npz,1fae199f831fd5002455314a128499aa55607f0bc0dbee3650a385d0199209fa,/data/vla-forge-artifacts/M02_libero40/registry/runs/20261010T030315-982cacc8515f/episodes/goal_task09_episode03_attempt1/action_trace.json,70b41aefd0624b29e5a452945bb643e1b15277b1153df8bcf263bbb82b112e6f,/data/vla-forge-artifacts/M02_libero40/registry/runs/20261010T030315-982cacc8515f/episodes/goal_task09_episode03_attempt1/episode.json,ec2641f59e03e77be168728439ba5b72d16bd5bd4835388b260e94c52974e4da,
goal,libero_goal,9,put_the_wine_bottle_on_the_rack,put the wine bottle on the rack,4,20261010T030315-982cacc8515f,4,84094,1,complete,True,success,126,300,50,50,relative,31d453f7edd78c839a8bbc39744a292686daf0de,9a9f6413e42c0f332fccbce9a0dc796af2790f82cf002f791cdbf7e01e1afca8,a1aaacb7f6cd6ee5fb43120f673cebb0cfea7dd4,6aba5a609050aacf50101c0227f82dd1b9b38b65b1122943c6b2a1451b26ad6f,"{""observation.images.camera1"": [1, 3, 256, 256], ""observation.images.camera2"": [1, 3, 256, 256], ""observation.language.attention_mask"": [1, 48], ""observation.language.tokens"": [1, 48], ""observation.state"": [1, 8]}",9.070733968253966,2.32908925,304.2333096666667,26.094177414001024,964068864,1002438656,/data/vla-forge-artifacts/M02_libero40/registry/runs/20261010T030315-982cacc8515f/videos/goal_task09_episode04_attempt1.mp4,43308b3b19603bb2c1a2880476601dc7db06cd5a91155651953165e6369b6079,"image:left,image2:right",/data/vla-forge-artifacts/M02_libero40/registry/runs/20261010T030315-982cacc8515f/rollout-9a8607ef0ce434c3/trajectory.npz,3f243f183264df8c521cab26a9a1454cf4505e1eb46a602ae92944dfbf15018e,/data/vla-forge-artifacts/M02_libero40/registry/runs/20261010T030315-982cacc8515f/episodes/goal_task09_episode04_attempt1/action_trace.json,70ad9d44bb6a11bef10517c31b8b213d263deeff99227b8f2cdf41802f725969,/data/vla-forge-artifacts/M02_libero40/registry/runs/20261010T030315-982cacc8515f/episodes/goal_task09_episode04_attempt1/episode.json,438ac8da632cbf189eeb730859b2647852b2fae4a8e5a766321accce8251bfba,
goal,libero_goal,9,put_the_wine_bottle_on_the_rack,put the wine bottle on the rack,5,20261010T030315-982cacc8515f,5,84095,1,complete,True,success,129,300,50,50,relative,31d453f7edd78c839a8bbc39744a292686daf0de,9a9f6413e42c0f332fccbce9a0dc796af2790f82cf002f791cdbf7e01e1afca8,a1aaacb7f6cd6ee5fb43120f673cebb0cfea7dd4,6aba5a609050aacf50101c0227f82dd1b9b38b65b1122943c6b2a1451b26ad6f,"{""observation.images.camera1"": [1, 3, 256, 256], ""observation.images.camera2"": [1, 3, 256, 256], ""observation.language.attention_mask"": [1, 48], ""observation.language.tokens"": [1, 48], ""observation.state"": [1, 8]}",9.083619441860465,2.5695191999999993,309.2953993333333,27.08805784300057,964068864,1002438656,/data/vla-forge-artifacts/M02_libero40/registry/runs/20261010T030315-982cacc8515f/videos/goal_task09_episode05_attempt1.mp4,fa8b414a170d1dcb5cb97eb1ec6846c0a0291525ffeb3630ac1f1132233afcd1,"image:left,image2:right",/data/vla-forge-artifacts/M02_libero40/registry/runs/20261010T030315-982cacc8515f/rollout-68db48df32e70d6d/trajectory.npz,2d809aef461426c2a1647f21bfde60c7db34fe74516c64d57e5b85680c8fd0ab,/data/vla-forge-artifacts/M02_libero40/registry/runs/20261010T030315-982cacc8515f/episodes/goal_task09_episode05_attempt1/action_trace.json,913252ccc540b1fafe7089f08aab9ab9ec1d093a604c66b4afd178cefef794be,/data/vla-forge-artifacts/M02_libero40/registry/runs/20261010T030315-982cacc8515f/episodes/goal_task09_episode05_attempt1/episode.json,d74469494a169f666d934b582d3a1237a8332750b39a3668c577069236f92764,
goal,libero_goal,9,put_the_wine_bottle_on_the_rack,put the wine bottle on the rack,6,20261010T030315-982cacc8515f,6,84096,1,complete,True,success,129,300,50,50,relative,31d453f7edd78c839a8bbc39744a292686daf0de,9a9f6413e42c0f332fccbce9a0dc796af2790f82cf002f791cdbf7e01e1afca8,a1aaacb7f6cd6ee5fb43120f673cebb0cfea7dd4,6aba5a609050aacf50101c0227f82dd1b9b38b65b1122943c6b2a1451b26ad6f,"{""observation.images.camera1"": [1, 3, 256, 256], ""observation.images.camera2"": [1, 3, 256, 256], ""observation.language.attention_mask"": [1, 48], ""observation.language.tokens"": [1, 48], ""observation.state"": [1, 8]}",8.875194395348837,2.7954771999999997,302.441764,25.850081620999845,964068864,1002438656,/data/vla-forge-artifacts/M02_libero40/registry/runs/20261010T030315-982cacc8515f/videos/goal_task09_episode06_attempt1.mp4,77942ff5c7b750f7eb0cf241e31883241757d0118939a3e1d1daaff0f7340df4,"image:left,image2:right",/data/vla-forge-artifacts/M02_libero40/registry/runs/20261010T030315-982cacc8515f/rollout-59e8f834412f43f7/trajectory.npz,f8401bedfc2718fcb89481dc9f823a8941103014d6622cdabbcfaf52b65c1a15,/data/vla-forge-artifacts/M02_libero40/registry/runs/20261010T030315-982cacc8515f/episodes/goal_task09_episode06_attempt1/action_trace.json,20ba6e61a9c2312c22da9aab523f4129948f9820bc09f9d8d0f29de2ce246456,/data/vla-forge-artifacts/M02_libero40/registry/runs/20261010T030315-982cacc8515f/episodes/goal_task09_episode06_attempt1/episode.json,a6f644b43bba8755e9b7876c34385a977a763a461ea2c349c819b54258c315a4,
goal,libero_goal,9,put_the_wine_bottle_on_the_rack,put the wine bottle on the rack,7,20261010T030315-982cacc8515f,7,84097,1,complete,True,success,121,300,50,50,relative,31d453f7edd78c839a8bbc39744a292686daf0de,9a9f6413e42c0f332fccbce9a0dc796af2790f82cf002f791cdbf7e01e1afca8,a1aaacb7f6cd6ee5fb43120f673cebb0cfea7dd4,6aba5a609050aacf50101c0227f82dd1b9b38b65b1122943c6b2a1451b26ad6f,"{""observation.images.camera1"": [1, 3, 256, 256], ""observation.images.camera2"": [1, 3, 256, 256], ""observation.language.attention_mask"": [1, 48], ""observation.language.tokens"": [1, 48], ""observation.state"": [1, 8]}",9.532823157024794,3.061898,309.26749333333333,25.307529666002665,964068864,1002438656,/data/vla-forge-artifacts/M02_libero40/registry/runs/20261010T030315-982cacc8515f/videos/goal_task09_episode07_attempt1.mp4,a66890752675cec069b34a364372ef98bd5ec966c53272ce901628dca458c7c8,"image:left,image2:right",/data/vla-forge-artifacts/M02_libero40/registry/runs/20261010T030315-982cacc8515f/rollout-b64b429ec4c29ffc/trajectory.npz,f4a279d7daaf0fabd139499d996e00ee83e38f6b48f81f0fde3842f129200e35,/data/vla-forge-artifacts/M02_libero40/registry/runs/20261010T030315-982cacc8515f/episodes/goal_task09_episode07_attempt1/action_trace.json,1eb8b5b6477dce10a1a8ff82561f381a98c3bac1ca1cafbc02dbe49d94e6834c,/data/vla-forge-artifacts/M02_libero40/registry/runs/20261010T030315-982cacc8515f/episodes/goal_task09_episode07_attempt1/episode.json,d297a367eff09278a2a2988e86c93c3c5708d76a416d02b4c4495583c63b1d75,
goal,libero_goal,9,put_the_wine_bottle_on_the_rack,put the wine bottle on the rack,8,20261010T030315-982cacc8515f,8,84098,1,complete,True,success,131,300,50,50,relative,31d453f7edd78c839a8bbc39744a292686daf0de,9a9f6413e42c0f332fccbce9a0dc796af2790f82cf002f791cdbf7e01e1afca8,a1aaacb7f6cd6ee5fb43120f673cebb0cfea7dd4,6aba5a609050aacf50101c0227f82dd1b9b38b65b1122943c6b2a1451b26ad6f,"{""observation.images.camera1"": [1, 3, 256, 256], ""observation.images.camera2"": [1, 3, 256, 256], ""observation.language.attention_mask"": [1, 48], ""observation.language.tokens"": [1, 48], ""observation.state"": [1, 8]}",8.934762198473283,2.702153,309.347653,26.401042188001156,964068864,1002438656,/data/vla-forge-artifacts/M02_libero40/registry/runs/20261010T030315-982cacc8515f/videos/goal_task09_episode08_attempt1.mp4,5e5b1f57c5986d4de9d3d888dedaad7291468b92f883720da5f1af09cef5900c,"image:left,image2:right",/data/vla-forge-artifacts/M02_libero40/registry/runs/20261010T030315-982cacc8515f/rollout-c158046675990ac5/trajectory.npz,9dc1d336c54bab188883a52798e5314ceb203848e0fd406e0d53b57faead4254,/data/vla-forge-artifacts/M02_libero40/registry/runs/20261010T030315-982cacc8515f/episodes/goal_task09_episode08_attempt1/action_trace.json,4c550fa5cb2ae5a1e09a2ff888ca7347abc00f1984453af3229f70ef17c47316,/data/vla-forge-artifacts/M02_libero40/registry/runs/20261010T030315-982cacc8515f/episodes/goal_task09_episode08_attempt1/episode.json,6d755ad8eb7e22b5173c3ab4b3c53be0bd8be1e938faa52e6f8cea9d2be22059,
goal,libero_goal,9,put_the_wine_bottle_on_the_rack,put the wine bottle on the rack,9,20261010T030315-982cacc8515f,9,84099,1,complete,True,success,120,300,50,50,relative,31d453f7edd78c839a8bbc39744a292686daf0de,9a9f6413e42c0f332fccbce9a0dc796af2790f82cf002f791cdbf7e01e1afca8,a1aaacb7f6cd6ee5fb43120f673cebb0cfea7dd4,6aba5a609050aacf50101c0227f82dd1b9b38b65b1122943c6b2a1451b26ad6f,"{""observation.images.camera1"": [1, 3, 256, 256], ""observation.images.camera2"": [1, 3, 256, 256], ""observation.language.attention_mask"": [1, 48], ""observation.language.tokens"": [1, 48], ""observation.state"": [1, 8]}",9.384117816666667,2.5293647499999996,302.9812676666666,24.769025579997106,964068864,1002438656,/data/vla-forge-artifacts/M02_libero40/registry/runs/20261010T030315-982cacc8515f/videos/goal_task09_episode09_attempt1.mp4,35088d5a8cf7b043b82d441b8960e06b8adb0d0cf8c5a0c7ba1aab4b1e2c06ca,"image:left,image2:right",/data/vla-forge-artifacts/M02_libero40/registry/runs/20261010T030315-982cacc8515f/rollout-57f246fdecf22d9b/trajectory.npz,fd03952b8400d1ad9a2e31a080684581227689ccd7530f06586ac777a0ed85fd,/data/vla-forge-artifacts/M02_libero40/registry/runs/20261010T030315-982cacc8515f/episodes/goal_task09_episode09_attempt1/action_trace.json,370c6dadacce7d7d225744145cb1d5615a88cf7bc4abcc0a088299c80e843b1d,/data/vla-forge-artifacts/M02_libero40/registry/runs/20261010T030315-982cacc8515f/episodes/goal_task09_episode09_attempt1/episode.json,6813c64349a441d6c2f393b182617e0e17972691f86e778cae76374a6489bd1e,
long,libero_10,0,LIVING_ROOM_SCENE2_put_both_the_alphabet_soup_and_the_tomato_sauce_in_the_basket,put both the alphabet soup and the tomato sauce in the basket,0,20261010T030315-982cacc8515f,0,85000,1,complete,False,timeout,520,520,50,50,relative,31d453f7edd78c839a8bbc39744a292686daf0de,9a9f6413e42c0f332fccbce9a0dc796af2790f82cf002f791cdbf7e01e1afca8,a1aaacb7f6cd6ee5fb43120f673cebb0cfea7dd4,0debc5875349eebbd1949e88af2ad51a3f9165d1e18f7fa65513285b80c695d5,"{""observation.images.camera1"": [1, 3, 256, 256], ""observation.images.camera2"": [1, 3, 256, 256], ""observation.language.attention_mask"": [1, 48], ""observation.language.tokens"": [1, 48], ""observation.state"": [1, 8]}",8.269067371153845,2.6678547499999974,303.2477818181818,84.6921249540028,964068864,1002438656,/data/vla-forge-artifacts/M02_libero40/registry/runs/20261010T030315-982cacc8515f/videos/long_task00_episode00_attempt1.mp4,c13eebaf0cdc1893fa6e8a10c56c5e76da6a9f66eb2efa910c957b1e25a4d1e5,"image:left,image2:right",/data/vla-forge-artifacts/M02_libero40/registry/runs/20261010T030315-982cacc8515f/rollout-aa05643f87603e72/trajectory.npz,4c170943cbd8ef81488ff39cb5c1246be10ff3582de46e92209c8fb475ac37cc,/data/vla-forge-artifacts/M02_libero40/registry/runs/20261010T030315-982cacc8515f/episodes/long_task00_episode00_attempt1/action_trace.json,c952d0690ecfc7bbbb062c434ffe8471f309e4b3faf912bf5f6b309727f68843,/data/vla-forge-artifacts/M02_libero40/registry/runs/20261010T030315-982cacc8515f/episodes/long_task00_episode00_attempt1/episode.json,f711e22192c90bc432a25082d47b0f259e6d18ece901a420260a1434b408a44c,
long,libero_10,0,LIVING_ROOM_SCENE2_put_both_the_alphabet_soup_and_the_tomato_sauce_in_the_basket,put both the alphabet soup and the tomato sauce in the basket,1,20261010T030315-982cacc8515f,1,85001,1,complete,True,success,265,520,50,50,relative,31d453f7edd78c839a8bbc39744a292686daf0de,9a9f6413e42c0f332fccbce9a0dc796af2790f82cf002f791cdbf7e01e1afca8,a1aaacb7f6cd6ee5fb43120f673cebb0cfea7dd4,0debc5875349eebbd1949e88af2ad51a3f9165d1e18f7fa65513285b80c695d5,"{""observation.images.camera1"": [1, 3, 256, 256], ""observation.images.camera2"": [1, 3, 256, 256], ""observation.language.attention_mask"": [1, 48], ""observation.language.tokens"": [1, 48], ""observation.state"": [1, 8]}",8.658000750943396,2.5632837999999953,302.68566733333336,43.79425386599905,964068864,1002438656,/data/vla-forge-artifacts/M02_libero40/registry/runs/20261010T030315-982cacc8515f/videos/long_task00_episode01_attempt1.mp4,0c6ce2759c179c93c98e1854b31700a0184ed315fab1c8fb04603461a0d836ab,"image:left,image2:right",/data/vla-forge-artifacts/M02_libero40/registry/runs/20261010T030315-982cacc8515f/rollout-74cad085f92f34e7/trajectory.npz,2ea0dceada292a020fe54243718f90f33fae378fe972ccc9c6b83da4693dd55f,/data/vla-forge-artifacts/M02_libero40/registry/runs/20261010T030315-982cacc8515f/episodes/long_task00_episode01_attempt1/action_trace.json,8a0ba1de4d982169c24e3b49ad3b766b3f8267ec5822d1cde507ea0c4556c52e,/data/vla-forge-artifacts/M02_libero40/registry/runs/20261010T030315-982cacc8515f/episodes/long_task00_episode01_attempt1/episode.json,f21de1c12a8ba01bb6cc2d41c9164bad4b70b8db86f49996f2f84569e2570c68,
long,libero_10,0,LIVING_ROOM_SCENE2_put_both_the_alphabet_soup_and_the_tomato_sauce_in_the_basket,put both the alphabet soup and the tomato sauce in the basket,2,20261010T030315-982cacc8515f,2,85002,1,complete,False,timeout,520,520,50,50,relative,31d453f7edd78c839a8bbc39744a292686daf0de,9a9f6413e42c0f332fccbce9a0dc796af2790f82cf002f791cdbf7e01e1afca8,a1aaacb7f6cd6ee5fb43120f673cebb0cfea7dd4,0debc5875349eebbd1949e88af2ad51a3f9165d1e18f7fa65513285b80c695d5,"{""observation.images.camera1"": [1, 3, 256, 256], ""observation.images.camera2"": [1, 3, 256, 256], ""observation.language.attention_mask"": [1, 48], ""observation.language.tokens"": [1, 48], ""observation.state"": [1, 8]}",8.153174873076921,2.539344699999998,299.994161,84.4357642479954,964068864,1002438656,/data/vla-forge-artifacts/M02_libero40/registry/runs/20261010T030315-982cacc8515f/videos/long_task00_episode02_attempt1.mp4,2c765a399f5a1b64ff5efae42b34af26f7a8ed17caed9ed2adda850f72ef1a56,"image:left,image2:right",/data/vla-forge-artifacts/M02_libero40/registry/runs/20261010T030315-982cacc8515f/rollout-ff58b01538f47bcb/trajectory.npz,109ebf12022a1b65d7684f0008ad7b7d4b2ad6be03106b85ac539d028b862890,/data/vla-forge-artifacts/M02_libero40/registry/runs/20261010T030315-982cacc8515f/episodes/long_task00_episode02_attempt1/action_trace.json,9f9ed9972b30a06a41f361d651cc781f603e259c0eed175e3cb2f2219ca556b9,/data/vla-forge-artifacts/M02_libero40/registry/runs/20261010T030315-982cacc8515f/episodes/long_task00_episode02_attempt1/episode.json,042b4b65fafaec646f34982afae0da7175a56fbc3ee821270b61a44447851876,
long,libero_10,0,LIVING_ROOM_SCENE2_put_both_the_alphabet_soup_and_the_tomato_sauce_in_the_basket,put both the alphabet soup and the tomato sauce in the basket,3,20261010T030315-982cacc8515f,3,85003,1,complete,True,success,261,520,50,50,relative,31d453f7edd78c839a8bbc39744a292686daf0de,9a9f6413e42c0f332fccbce9a0dc796af2790f82cf002f791cdbf7e01e1afca8,a1aaacb7f6cd6ee5fb43120f673cebb0cfea7dd4,0debc5875349eebbd1949e88af2ad51a3f9165d1e18f7fa65513285b80c695d5,"{""observation.images.camera1"": [1, 3, 256, 256], ""observation.images.camera2"": [1, 3, 256, 256], ""observation.language.attention_mask"": [1, 48], ""observation.language.tokens"": [1, 48], ""observation.state"": [1, 8]}",8.859359218390804,2.510643,305.97590966666667,43.73638843400113,964068864,1002438656,/data/vla-forge-artifacts/M02_libero40/registry/runs/20261010T030315-982cacc8515f/videos/long_task00_episode03_attempt1.mp4,f6a470c93317d027f70f68e38fc32e635056cd2455d5a79fa532576e5bcf3d21,"image:left,image2:right",/data/vla-forge-artifacts/M02_libero40/registry/runs/20261010T030315-982cacc8515f/rollout-83f993ba5ceba6d1/trajectory.npz,7b125e70a2f36912b4925e82d88403fc48c68645d2f5b2ada7a41b7cc97a9af6,/data/vla-forge-artifacts/M02_libero40/registry/runs/20261010T030315-982cacc8515f/episodes/long_task00_episode03_attempt1/action_trace.json,d9f0972705cdae29a149ff0e43aabd25a964ad5ebcc4cb9584a96561884e21b5,/data/vla-forge-artifacts/M02_libero40/registry/runs/20261010T030315-982cacc8515f/episodes/long_task00_episode03_attempt1/episode.json,63922890547b646ebe0e3996505a158ab89cf611eecb0e8ce4d6c1664686dea2,
long,libero_10,0,LIVING_ROOM_SCENE2_put_both_the_alphabet_soup_and_the_tomato_sauce_in_the_basket,put both the alphabet soup and the tomato sauce in the basket,4,20261010T030315-982cacc8515f,4,85004,1,complete,False,timeout,520,520,50,50,relative,31d453f7edd78c839a8bbc39744a292686daf0de,9a9f6413e42c0f332fccbce9a0dc796af2790f82cf002f791cdbf7e01e1afca8,a1aaacb7f6cd6ee5fb43120f673cebb0cfea7dd4,0debc5875349eebbd1949e88af2ad51a3f9165d1e18f7fa65513285b80c695d5,"{""observation.images.camera1"": [1, 3, 256, 256], ""observation.images.camera2"": [1, 3, 256, 256], ""observation.language.attention_mask"": [1, 48], ""observation.language.tokens"": [1, 48], ""observation.state"": [1, 8]}",8.270770273076925,2.5368988,305.08162636363636,85.411587513001,964068864,1002438656,/data/vla-forge-artifacts/M02_libero40/registry/runs/20261010T030315-982cacc8515f/videos/long_task00_episode04_attempt1.mp4,a903b53e9a1dd5c2040a16d828fa38ac2d3f6faba70464ea9e146f596039ab91,"image:left,image2:right",/data/vla-forge-artifacts/M02_libero40/registry/runs/20261010T030315-982cacc8515f/rollout-e95a250fc05bdfb9/trajectory.npz,59a38e0a0b2ddcad7c5c0c65fd04e3a8b2737770d9b33f1620777336ab78a23e,/data/vla-forge-artifacts/M02_libero40/registry/runs/20261010T030315-982cacc8515f/episodes/long_task00_episode04_attempt1/action_trace.json,407493391adcba181f08be8ba86812d5c719aa0fa274c50d695059a78f549e4a,/data/vla-forge-artifacts/M02_libero40/registry/runs/20261010T030315-982cacc8515f/episodes/long_task00_episode04_attempt1/episode.json,b075a1fcb7ce6f2deafcb6e33516ede7c1a5a50a2e4dbabb638547dea7b69f19,
long,libero_10,0,LIVING_ROOM_SCENE2_put_both_the_alphabet_soup_and_the_tomato_sauce_in_the_basket,put both the alphabet soup and the tomato sauce in the basket,5,20261010T030315-982cacc8515f,5,85005,1,complete,False,timeout,520,520,50,50,relative,31d453f7edd78c839a8bbc39744a292686daf0de,9a9f6413e42c0f332fccbce9a0dc796af2790f82cf002f791cdbf7e01e1afca8,a1aaacb7f6cd6ee5fb43120f673cebb0cfea7dd4,0debc5875349eebbd1949e88af2ad51a3f9165d1e18f7fa65513285b80c695d5,"{""observation.images.camera1"": [1, 3, 256, 256], ""observation.images.camera2"": [1, 3, 256, 256], ""observation.language.attention_mask"": [1, 48], ""observation.language.tokens"": [1, 48], ""observation.state"": [1, 8]}",8.329241828846152,2.5214141999999997,307.17806481818184,86.96650082799897,964068864,1002438656,/data/vla-forge-artifacts/M02_libero40/registry/runs/20261010T030315-982cacc8515f/videos/long_task00_episode05_attempt1.mp4,0fc31dc1a1ba03cfa84850402a56fe82474313a91d334f73d47a5726838136b0,"image:left,image2:right",/data/vla-forge-artifacts/M02_libero40/registry/runs/20261010T030315-982cacc8515f/rollout-e14e85141889de83/trajectory.npz,99059b2c348d125d379387eadcd7943be0841ca300d90c739fedb3d58e1307eb,/data/vla-forge-artifacts/M02_libero40/registry/runs/20261010T030315-982cacc8515f/episodes/long_task00_episode05_attempt1/action_trace.json,7a7886263d00c0532eb08a61a4f011b9b6b7d5abc710e47b4746c5b98e3461b0,/data/vla-forge-artifacts/M02_libero40/registry/runs/20261010T030315-982cacc8515f/episodes/long_task00_episode05_attempt1/episode.json,8b611949351e084077e89a31cceaf7fc97c5849ac0db1aea340f580a79f369a1,
long,libero_10,0,LIVING_ROOM_SCENE2_put_both_the_alphabet_soup_and_the_tomato_sauce_in_the_basket,put both the alphabet soup and the tomato sauce in the basket,6,20261010T030315-982cacc8515f,6,85006,1,complete,False,timeout,520,520,50,50,relative,31d453f7edd78c839a8bbc39744a292686daf0de,9a9f6413e42c0f332fccbce9a0dc796af2790f82cf002f791cdbf7e01e1afca8,a1aaacb7f6cd6ee5fb43120f673cebb0cfea7dd4,0debc5875349eebbd1949e88af2ad51a3f9165d1e18f7fa65513285b80c695d5,"{""observation.images.camera1"": [1, 3, 256, 256], ""observation.images.camera2"": [1, 3, 256, 256], ""observation.language.attention_mask"": [1, 48], ""observation.language.tokens"": [1, 48], ""observation.state"": [1, 8]}",8.193504090384616,2.59479885,301.5617669090909,86.05236875499395,964068864,1002438656,/data/vla-forge-artifacts/M02_libero40/registry/runs/20261010T030315-982cacc8515f/videos/long_task00_episode06_attempt1.mp4,a459a4823034c6173c5e65eee85baa49eaa29020348511da17c46f1418901d7e,"image:left,image2:right",/data/vla-forge-artifacts/M02_libero40/registry/runs/20261010T030315-982cacc8515f/rollout-9c0ff9d558643dfa/trajectory.npz,5edad359a4245cb3fe3c7b4f25be786c5eb2f44f97d11e874d1345c8e47fcfc7,/data/vla-forge-artifacts/M02_libero40/registry/runs/20261010T030315-982cacc8515f/episodes/long_task00_episode06_attempt1/action_trace.json,18a0a26551087eb3b7fc1d3fdb384c2f0ddadac6de898802b9d4200ad2e37cba,/data/vla-forge-artifacts/M02_libero40/registry/runs/20261010T030315-982cacc8515f/episodes/long_task00_episode06_attempt1/episode.json,e00d44856590bad8a609916f5d5dfe854f3bee22fb9623b155760fe39a7805e9,
long,libero_10,0,LIVING_ROOM_SCENE2_put_both_the_alphabet_soup_and_the_tomato_sauce_in_the_basket,put both the alphabet soup and the tomato sauce in the basket,7,20261010T030315-982cacc8515f,7,85007,1,complete,False,timeout,520,520,50,50,relative,31d453f7edd78c839a8bbc39744a292686daf0de,9a9f6413e42c0f332fccbce9a0dc796af2790f82cf002f791cdbf7e01e1afca8,a1aaacb7f6cd6ee5fb43120f673cebb0cfea7dd4,0debc5875349eebbd1949e88af2ad51a3f9165d1e18f7fa65513285b80c695d5,"{""observation.images.camera1"": [1, 3, 256, 256], ""observation.images.camera2"": [1, 3, 256, 256], ""observation.language.attention_mask"": [1, 48], ""observation.language.tokens"": [1, 48], ""observation.state"": [1, 8]}",8.282267899999999,2.66850805,303.9753590909091,86.23401955999725,964068864,1002438656,/data/vla-forge-artifacts/M02_libero40/registry/runs/20261010T030315-982cacc8515f/videos/long_task00_episode07_attempt1.mp4,0b650fc756c3151df6d366311a39701b837b6b42d366b04c9f80a863ec4275b8,"image:left,image2:right",/data/vla-forge-artifacts/M02_libero40/registry/runs/20261010T030315-982cacc8515f/rollout-304c55fc006e7a06/trajectory.npz,235289067cf88b78b689993c3821a3351f50428e542374c91e016722858ae243,/data/vla-forge-artifacts/M02_libero40/registry/runs/20261010T030315-982cacc8515f/episodes/long_task00_episode07_attempt1/action_trace.json,781d100789c8703ea8c388705eaaf3240c5b4ceb04ad9813970b7031d7e1247e,/data/vla-forge-artifacts/M02_libero40/registry/runs/20261010T030315-982cacc8515f/episodes/long_task00_episode07_attempt1/episode.json,8bf27355d043534913241f8bbd52bc0359a7337fc7bcf5ce4f468d4584b24d69,
long,libero_10,0,LIVING_ROOM_SCENE2_put_both_the_alphabet_soup_and_the_tomato_sauce_in_the_basket,put both the alphabet soup and the tomato sauce in the basket,8,20261010T030315-982cacc8515f,8,85008,1,complete,False,timeout,520,520,50,50,relative,31d453f7edd78c839a8bbc39744a292686daf0de,9a9f6413e42c0f332fccbce9a0dc796af2790f82cf002f791cdbf7e01e1afca8,a1aaacb7f6cd6ee5fb43120f673cebb0cfea7dd4,0debc5875349eebbd1949e88af2ad51a3f9165d1e18f7fa65513285b80c695d5,"{""observation.images.camera1"": [1, 3, 256, 256], ""observation.images.camera2"": [1, 3, 256, 256], ""observation.language.attention_mask"": [1, 48], ""observation.language.tokens"": [1, 48], ""observation.state"": [1, 8]}",8.43784035576923,2.5196257999999996,312.6814401818182,84.35624440800166,964068864,1002438656,/data/vla-forge-artifacts/M02_libero40/registry/runs/20261010T030315-982cacc8515f/videos/long_task00_episode08_attempt1.mp4,ba9534eb7507e5ad510517f89ff3c4d9fcaa5fd416e93f803a550a4e67ae6f81,"image:left,image2:right",/data/vla-forge-artifacts/M02_libero40/registry/runs/20261010T030315-982cacc8515f/rollout-2b21e3ffab84df66/trajectory.npz,304960d0d33546c330058766980117309d3dd03ab85b59b78f8048466c87a8f3,/data/vla-forge-artifacts/M02_libero40/registry/runs/20261010T030315-982cacc8515f/episodes/long_task00_episode08_attempt1/action_trace.json,b9488a732c7e746929292692a96a2b16b0a64561a1369a60df8b7d15c5157e58,/data/vla-forge-artifacts/M02_libero40/registry/runs/20261010T030315-982cacc8515f/episodes/long_task00_episode08_attempt1/episode.json,9d5aa1cc19ab28fadb3b944b5a99be4d1d5f5621ae468591337b570a49a756e6,
long,libero_10,0,LIVING_ROOM_SCENE2_put_both_the_alphabet_soup_and_the_tomato_sauce_in_the_basket,put both the alphabet soup and the tomato sauce in the basket,9,20261010T030315-982cacc8515f,9,85009,1,complete,False,timeout,520,520,50,50,relative,31d453f7edd78c839a8bbc39744a292686daf0de,9a9f6413e42c0f332fccbce9a0dc796af2790f82cf002f791cdbf7e01e1afca8,a1aaacb7f6cd6ee5fb43120f673cebb0cfea7dd4,0debc5875349eebbd1949e88af2ad51a3f9165d1e18f7fa65513285b80c695d5,"{""observation.images.camera1"": [1, 3, 256, 256], ""observation.images.camera2"": [1, 3, 256, 256], ""observation.language.attention_mask"": [1, 48], ""observation.language.tokens"": [1, 48], ""observation.state"": [1, 8]}",8.200495967307692,2.2395291999999976,301.96695218181816,85.39592527299828,964068864,1002438656,/data/vla-forge-artifacts/M02_libero40/registry/runs/20261010T030315-982cacc8515f/videos/long_task00_episode09_attempt1.mp4,9d478c4c6819177a897e7cb70bfbd98dd6c4efab0b81ab07820aa72efa756638,"image:left,image2:right",/data/vla-forge-artifacts/M02_libero40/registry/runs/20261010T030315-982cacc8515f/rollout-a3fb16e326900411/trajectory.npz,b6d72f2f90924bd0cd66ce5136f72a0acf0903daa6e8fea346e7f875ae72c18b,/data/vla-forge-artifacts/M02_libero40/registry/runs/20261010T030315-982cacc8515f/episodes/long_task00_episode09_attempt1/action_trace.json,df3625d19c1d18c26547ecf3facc11f26ec38d35b54eed351626d09a4aa8dc5f,/data/vla-forge-artifacts/M02_libero40/registry/runs/20261010T030315-982cacc8515f/episodes/long_task00_episode09_attempt1/episode.json,510bc21b86d3c5cb1cff3794d5ed07d55e8fac994d19e42c8f08544072d5b034,
long,libero_10,1,LIVING_ROOM_SCENE2_put_both_the_cream_cheese_box_and_the_butter_in_the_basket,put both the cream cheese box and the butter in the basket,0,20261010T030315-982cacc8515f,0,85010,1,complete,True,success,232,520,50,50,relative,31d453f7edd78c839a8bbc39744a292686daf0de,9a9f6413e42c0f332fccbce9a0dc796af2790f82cf002f791cdbf7e01e1afca8,a1aaacb7f6cd6ee5fb43120f673cebb0cfea7dd4,0debc5875349eebbd1949e88af2ad51a3f9165d1e18f7fa65513285b80c695d5,"{""observation.images.camera1"": [1, 3, 256, 256], ""observation.images.camera2"": [1, 3, 256, 256], ""observation.language.attention_mask"": [1, 48], ""observation.language.tokens"": [1, 48], ""observation.state"": [1, 8]}",8.372331594827585,2.6188183499999997,302.3781406,38.80245863000164,964068864,1002438656,/data/vla-forge-artifacts/M02_libero40/registry/runs/20261010T030315-982cacc8515f/videos/long_task01_episode00_attempt1.mp4,52f7099d2b7f652cfeac81b98d6657a4aa485f1c3667fb55c15653158b68fbcc,"image:left,image2:right",/data/vla-forge-artifacts/M02_libero40/registry/runs/20261010T030315-982cacc8515f/rollout-f63944dc8b6f1358/trajectory.npz,2e48e02e9405c2007e750285424ec663ac3806be1a349cdebe93637342ceafde,/data/vla-forge-artifacts/M02_libero40/registry/runs/20261010T030315-982cacc8515f/episodes/long_task01_episode00_attempt1/action_trace.json,3e5f78afcdb5aa27b1cd4a2fa42163beb83f9361f0b1c6143282c09e6dbca307,/data/vla-forge-artifacts/M02_libero40/registry/runs/20261010T030315-982cacc8515f/episodes/long_task01_episode00_attempt1/episode.json,0aff4bbf18d2a44c18c9cbac423191b47f51ffd323fe9a75fd45481f879c29b4,
long,libero_10,1,LIVING_ROOM_SCENE2_put_both_the_cream_cheese_box_and_the_butter_in_the_basket,put both the cream cheese box and the butter in the basket,1,20261010T030315-982cacc8515f,1,85011,1,complete,False,timeout,520,520,50,50,relative,31d453f7edd78c839a8bbc39744a292686daf0de,9a9f6413e42c0f332fccbce9a0dc796af2790f82cf002f791cdbf7e01e1afca8,a1aaacb7f6cd6ee5fb43120f673cebb0cfea7dd4,0debc5875349eebbd1949e88af2ad51a3f9165d1e18f7fa65513285b80c695d5,"{""observation.images.camera1"": [1, 3, 256, 256], ""observation.images.camera2"": [1, 3, 256, 256], ""observation.language.attention_mask"": [1, 48], ""observation.language.tokens"": [1, 48], ""observation.state"": [1, 8]}",8.495922498076924,2.7053949499999983,314.17147754545454,85.4543367610022,964068864,1002438656,/data/vla-forge-artifacts/M02_libero40/registry/runs/20261010T030315-982cacc8515f/videos/long_task01_episode01_attempt1.mp4,43f736d212686c0ed5ab0a7984519e7aa67db9580ad1333acd31225412f80c5c,"image:left,image2:right",/data/vla-forge-artifacts/M02_libero40/registry/runs/20261010T030315-982cacc8515f/rollout-f05ca67456ef0b43/trajectory.npz,0bf886c543465165040da2d5f0bb6ab55511e0f96550f5c0f47334b6212cb9f0,/data/vla-forge-artifacts/M02_libero40/registry/runs/20261010T030315-982cacc8515f/episodes/long_task01_episode01_attempt1/action_trace.json,0033fdc102faec80dcc3569c3a41c7294aef2dfdc5ef360acd4e3d7fe67cd065,/data/vla-forge-artifacts/M02_libero40/registry/runs/20261010T030315-982cacc8515f/episodes/long_task01_episode01_attempt1/episode.json,51b29aab5e7d0e572b609a397e6fef7545b1ce6828a0b0dc8cc8535edf4977a6,
long,libero_10,1,LIVING_ROOM_SCENE2_put_both_the_cream_cheese_box_and_the_butter_in_the_basket,put both the cream cheese box and the butter in the basket,2,20261010T030315-982cacc8515f,2,85012,1,complete,False,timeout,520,520,50,50,relative,31d453f7edd78c839a8bbc39744a292686daf0de,9a9f6413e42c0f332fccbce9a0dc796af2790f82cf002f791cdbf7e01e1afca8,a1aaacb7f6cd6ee5fb43120f673cebb0cfea7dd4,0debc5875349eebbd1949e88af2ad51a3f9165d1e18f7fa65513285b80c695d5,"{""observation.images.camera1"": [1, 3, 256, 256], ""observation.images.camera2"": [1, 3, 256, 256], ""observation.language.attention_mask"": [1, 48], ""observation.language.tokens"": [1, 48], ""observation.state"": [1, 8]}",8.306687965384615,2.625281949999999,306.0717726363637,89.0119839580002,964068864,1002438656,/data/vla-forge-artifacts/M02_libero40/registry/runs/20261010T030315-982cacc8515f/videos/long_task01_episode02_attempt1.mp4,c74e9cd78680642e675f258f2ebcd39dcb4c078993e97bcdd5871e5cf135ab67,"image:left,image2:right",/data/vla-forge-artifacts/M02_libero40/registry/runs/20261010T030315-982cacc8515f/rollout-64420b8d68f24f69/trajectory.npz,20a8dffb9f03f43aceaef443c43cddf610e77574439bccd11b400ab97e65ddfa,/data/vla-forge-artifacts/M02_libero40/registry/runs/20261010T030315-982cacc8515f/episodes/long_task01_episode02_attempt1/action_trace.json,f9b3432288cd0454af5e4d3e1632086a84a4cc4f1f6cf7fbc5c96121d5a1a234,/data/vla-forge-artifacts/M02_libero40/registry/runs/20261010T030315-982cacc8515f/episodes/long_task01_episode02_attempt1/episode.json,1878c3ac30fe4dd86833a5c8b458992d9dc5ff91036287b0a65ad2db22233fe6,
long,libero_10,1,LIVING_ROOM_SCENE2_put_both_the_cream_cheese_box_and_the_butter_in_the_basket,put both the cream cheese box and the butter in the basket,3,20261010T030315-982cacc8515f,3,85013,1,complete,False,timeout,520,520,50,50,relative,31d453f7edd78c839a8bbc39744a292686daf0de,9a9f6413e42c0f332fccbce9a0dc796af2790f82cf002f791cdbf7e01e1afca8,a1aaacb7f6cd6ee5fb43120f673cebb0cfea7dd4,0debc5875349eebbd1949e88af2ad51a3f9165d1e18f7fa65513285b80c695d5,"{""observation.images.camera1"": [1, 3, 256, 256], ""observation.images.camera2"": [1, 3, 256, 256], ""observation.language.attention_mask"": [1, 48], ""observation.language.tokens"": [1, 48], ""observation.state"": [1, 8]}",8.161490975000001,2.1812123499999996,300.78844709090913,83.94767330800096,964068864,1002438656,/data/vla-forge-artifacts/M02_libero40/registry/runs/20261010T030315-982cacc8515f/videos/long_task01_episode03_attempt1.mp4,08a78167949b5188d0eb6c0e7760d068e028007a9f17a0dce5e4e12f696cbce6,"image:left,image2:right",/data/vla-forge-artifacts/M02_libero40/registry/runs/20261010T030315-982cacc8515f/rollout-a084dfad04fa8a67/trajectory.npz,f006080d7fd38bba66c7134ae06766c97a731af22db00e6fba4c9112dcba6bfc,/data/vla-forge-artifacts/M02_libero40/registry/runs/20261010T030315-982cacc8515f/episodes/long_task01_episode03_attempt1/action_trace.json,32458f4938253e1e93996d4fafacb3881d7cff014afc04650bc1416c84260b8d,/data/vla-forge-artifacts/M02_libero40/registry/runs/20261010T030315-982cacc8515f/episodes/long_task01_episode03_attempt1/episode.json,4d59e90257c4526574ba76b61e20950022a752a961e8f0b6177fdbc4ea214553,
long,libero_10,1,LIVING_ROOM_SCENE2_put_both_the_cream_cheese_box_and_the_butter_in_the_basket,put both the cream cheese box and the butter in the basket,4,20261010T030315-982cacc8515f,4,85014,1,complete,True,success,244,520,50,50,relative,31d453f7edd78c839a8bbc39744a292686daf0de,9a9f6413e42c0f332fccbce9a0dc796af2790f82cf002f791cdbf7e01e1afca8,a1aaacb7f6cd6ee5fb43120f673cebb0cfea7dd4,0debc5875349eebbd1949e88af2ad51a3f9165d1e18f7fa65513285b80c695d5,"{""observation.images.camera1"": [1, 3, 256, 256], ""observation.images.camera2"": [1, 3, 256, 256], ""observation.language.attention_mask"": [1, 48], ""observation.language.tokens"": [1, 48], ""observation.state"": [1, 8]}",9.019660651639345,2.89932665,349.4074846,41.01516286799597,964068864,1002438656,/data/vla-forge-artifacts/M02_libero40/registry/runs/20261010T030315-982cacc8515f/videos/long_task01_episode04_attempt1.mp4,e99f59de2c20a74d7a4b19cd78736f1a4d4f1791dc3fd50e568d013aa68d67a1,"image:left,image2:right",/data/vla-forge-artifacts/M02_libero40/registry/runs/20261010T030315-982cacc8515f/rollout-ee652ac20d2b3526/trajectory.npz,1a3e046a26690aeeddd2029728be66e7133e09c6f441fda82ce2d55b4f6f896b,/data/vla-forge-artifacts/M02_libero40/registry/runs/20261010T030315-982cacc8515f/episodes/long_task01_episode04_attempt1/action_trace.json,4f007b4a398fea6bb4e9f3a2bdd5229740116bfd912dcae6faad0b9413ab11c4,/data/vla-forge-artifacts/M02_libero40/registry/runs/20261010T030315-982cacc8515f/episodes/long_task01_episode04_attempt1/episode.json,916ecbcae0c1547c187e8fe51df389229a49e022deaae77a75c3193da6b764c0,
long,libero_10,1,LIVING_ROOM_SCENE2_put_both_the_cream_cheese_box_and_the_butter_in_the_basket,put both the cream cheese box and the butter in the basket,5,20261010T030315-982cacc8515f,5,85015,1,complete,True,success,285,520,50,50,relative,31d453f7edd78c839a8bbc39744a292686daf0de,9a9f6413e42c0f332fccbce9a0dc796af2790f82cf002f791cdbf7e01e1afca8,a1aaacb7f6cd6ee5fb43120f673cebb0cfea7dd4,0debc5875349eebbd1949e88af2ad51a3f9165d1e18f7fa65513285b80c695d5,"{""observation.images.camera1"": [1, 3, 256, 256], ""observation.images.camera2"": [1, 3, 256, 256], ""observation.language.attention_mask"": [1, 48], ""observation.language.tokens"": [1, 48], ""observation.state"": [1, 8]}",8.459500912280703,2.431745200000002,315.8415313333333,46.96286677400349,964068864,1002438656,/data/vla-forge-artifacts/M02_libero40/registry/runs/20261010T030315-982cacc8515f/videos/long_task01_episode05_attempt1.mp4,3c6fcfed4cf7c72750af8cb437625d1f65910773dd5f58aab7eda9446bfe2f26,"image:left,image2:right",/data/vla-forge-artifacts/M02_libero40/registry/runs/20261010T030315-982cacc8515f/rollout-8792c92a8f49ef4a/trajectory.npz,221c3284f17a99a972d910d29999e1f1746fbce2741c81af8b7e1412b7ed8235,/data/vla-forge-artifacts/M02_libero40/registry/runs/20261010T030315-982cacc8515f/episodes/long_task01_episode05_attempt1/action_trace.json,95f7f9f7712e71e0016179fb8db98d73847a627110731d715b1409db7e14e93f,/data/vla-forge-artifacts/M02_libero40/registry/runs/20261010T030315-982cacc8515f/episodes/long_task01_episode05_attempt1/episode.json,826afc80556e5b33cce15f11c41f63ced5b1d1b738b8c542d06622ef39a44fcd,
long,libero_10,1,LIVING_ROOM_SCENE2_put_both_the_cream_cheese_box_and_the_butter_in_the_basket,put both the cream cheese box and the butter in the basket,6,20261010T030315-982cacc8515f,6,85016,1,complete,True,success,239,520,50,50,relative,31d453f7edd78c839a8bbc39744a292686daf0de,9a9f6413e42c0f332fccbce9a0dc796af2790f82cf002f791cdbf7e01e1afca8,a1aaacb7f6cd6ee5fb43120f673cebb0cfea7dd4,0debc5875349eebbd1949e88af2ad51a3f9165d1e18f7fa65513285b80c695d5,"{""observation.images.camera1"": [1, 3, 256, 256], ""observation.images.camera2"": [1, 3, 256, 256], ""observation.language.attention_mask"": [1, 48], ""observation.language.tokens"": [1, 48], ""observation.state"": [1, 8]}",8.180939828451882,2.5217067999999996,303.7903014,39.34388734000095,964068864,1002438656,/data/vla-forge-artifacts/M02_libero40/registry/runs/20261010T030315-982cacc8515f/videos/long_task01_episode06_attempt1.mp4,689a3cf61bb1793e4740c60d5102d38361e24af65f49d0112f5e38ed2ed544d6,"image:left,image2:right",/data/vla-forge-artifacts/M02_libero40/registry/runs/20261010T030315-982cacc8515f/rollout-02cf3b2fe60fafde/trajectory.npz,4a0e9341758de442f4afd779d0e601d06c319ad64205c9e8f5972118ad9a28d2,/data/vla-forge-artifacts/M02_libero40/registry/runs/20261010T030315-982cacc8515f/episodes/long_task01_episode06_attempt1/action_trace.json,bd76aa6049f65a2e165cdb702e53012f985a422f72df5b9a5290c7186a60d036,/data/vla-forge-artifacts/M02_libero40/registry/runs/20261010T030315-982cacc8515f/episodes/long_task01_episode06_attempt1/episode.json,4331b2866c1200b24093cdf19a999c014eb80a00f110df4c2ba4cd1a4371fdd5,
long,libero_10,1,LIVING_ROOM_SCENE2_put_both_the_cream_cheese_box_and_the_butter_in_the_basket,put both the cream cheese box and the butter in the basket,7,20261010T030315-982cacc8515f,7,85017,1,complete,False,timeout,520,520,50,50,relative,31d453f7edd78c839a8bbc39744a292686daf0de,9a9f6413e42c0f332fccbce9a0dc796af2790f82cf002f791cdbf7e01e1afca8,a1aaacb7f6cd6ee5fb43120f673cebb0cfea7dd4,0debc5875349eebbd1949e88af2ad51a3f9165d1e18f7fa65513285b80c695d5,"{""observation.images.camera1"": [1, 3, 256, 256], ""observation.images.camera2"": [1, 3, 256, 256], ""observation.language.attention_mask"": [1, 48], ""observation.language.tokens"": [1, 48], ""observation.state"": [1, 8]}",8.445129803846154,2.6287105999999985,312.488281,84.64190247900115,964068864,1002438656,/data/vla-forge-artifacts/M02_libero40/registry/runs/20261010T030315-982cacc8515f/videos/long_task01_episode07_attempt1.mp4,e2c64f2d44880d02a2a8bd11e7be643812073f81e4a742213f418fdb79d834b0,"image:left,image2:right",/data/vla-forge-artifacts/M02_libero40/registry/runs/20261010T030315-982cacc8515f/rollout-f1158b211205412f/trajectory.npz,b3e18f221648f41548a7a21eab6c5139c6eec8d920ddbbe4646d7cbb1d93f9e2,/data/vla-forge-artifacts/M02_libero40/registry/runs/20261010T030315-982cacc8515f/episodes/long_task01_episode07_attempt1/action_trace.json,3b7b93857861312ec689bf1947a9ca4510d33ebe66a8a4a7cb51d164381ddbd2,/data/vla-forge-artifacts/M02_libero40/registry/runs/20261010T030315-982cacc8515f/episodes/long_task01_episode07_attempt1/episode.json,74bcaaf91206ca61f844016ee384c7fb7203aa6ddffc7300bd51024ad65f66ef,
long,libero_10,1,LIVING_ROOM_SCENE2_put_both_the_cream_cheese_box_and_the_butter_in_the_basket,put both the cream cheese box and the butter in the basket,8,20261010T030315-982cacc8515f,8,85018,1,complete,False,timeout,520,520,50,50,relative,31d453f7edd78c839a8bbc39744a292686daf0de,9a9f6413e42c0f332fccbce9a0dc796af2790f82cf002f791cdbf7e01e1afca8,a1aaacb7f6cd6ee5fb43120f673cebb0cfea7dd4,0debc5875349eebbd1949e88af2ad51a3f9165d1e18f7fa65513285b80c695d5,"{""observation.images.camera1"": [1, 3, 256, 256], ""observation.images.camera2"": [1, 3, 256, 256], ""observation.language.attention_mask"": [1, 48], ""observation.language.tokens"": [1, 48], ""observation.state"": [1, 8]}",8.179248290384615,2.609706599999999,299.9954810909091,86.04205465600535,964068864,1002438656,/data/vla-forge-artifacts/M02_libero40/registry/runs/20261010T030315-982cacc8515f/videos/long_task01_episode08_attempt1.mp4,9fead07de20fb09b870f1fc59232c90fc5ecfaf6040c0f2c1960cedb3e11e826,"image:left,image2:right",/data/vla-forge-artifacts/M02_libero40/registry/runs/20261010T030315-982cacc8515f/rollout-2b5afbe56ea9fbc1/trajectory.npz,6ae8a9a040653a1db3939198152a230a7106b71b1f4ae7bec75dae62e99769d2,/data/vla-forge-artifacts/M02_libero40/registry/runs/20261010T030315-982cacc8515f/episodes/long_task01_episode08_attempt1/action_trace.json,9190744b07c57b74a2bbcdbb75ae7d8a68e20252097fab30e90773a9228d4feb,/data/vla-forge-artifacts/M02_libero40/registry/runs/20261010T030315-982cacc8515f/episodes/long_task01_episode08_attempt1/episode.json,5e57464a4d2e85cc7f30eb4487b8e9120345d4d10f2c09f0e9da44ed8afd86f9,
long,libero_10,1,LIVING_ROOM_SCENE2_put_both_the_cream_cheese_box_and_the_butter_in_the_basket,put both the cream cheese box and the butter in the basket,9,20261010T030315-982cacc8515f,9,85019,1,complete,True,success,427,520,50,50,relative,31d453f7edd78c839a8bbc39744a292686daf0de,9a9f6413e42c0f332fccbce9a0dc796af2790f82cf002f791cdbf7e01e1afca8,a1aaacb7f6cd6ee5fb43120f673cebb0cfea7dd4,0debc5875349eebbd1949e88af2ad51a3f9165d1e18f7fa65513285b80c695d5,"{""observation.images.camera1"": [1, 3, 256, 256], ""observation.images.camera2"": [1, 3, 256, 256], ""observation.language.attention_mask"": [1, 48], ""observation.language.tokens"": [1, 48], ""observation.state"": [1, 8]}",8.111347004683841,2.2354452,299.6265302222222,70.7199894180012,964068864,1002438656,/data/vla-forge-artifacts/M02_libero40/registry/runs/20261010T030315-982cacc8515f/videos/long_task01_episode09_attempt1.mp4,bf58608d6f667223ee21c17285a8a0222c52a775a8332c7f4b8bac3688372ac3,"image:left,image2:right",/data/vla-forge-artifacts/M02_libero40/registry/runs/20261010T030315-982cacc8515f/rollout-19eef0a519fd3262/trajectory.npz,759930562b83b580e3f352104d54b214547ac40e4b085b7acd059f8884c991f4,/data/vla-forge-artifacts/M02_libero40/registry/runs/20261010T030315-982cacc8515f/episodes/long_task01_episode09_attempt1/action_trace.json,ccd8f624fc91d7ff7d5512481fcfaba3c2ceac4208ae7844437752fd41ac6837,/data/vla-forge-artifacts/M02_libero40/registry/runs/20261010T030315-982cacc8515f/episodes/long_task01_episode09_attempt1/episode.json,03070770af0d02af87ea1a5e30b66c4debbb41bdf346ee83650a2c8096973c05,
long,libero_10,2,KITCHEN_SCENE3_turn_on_the_stove_and_put_the_moka_pot_on_it,turn on the stove and put the moka pot on it,0,20261010T030315-982cacc8515f,0,85020,1,complete,False,timeout,520,520,50,50,relative,31d453f7edd78c839a8bbc39744a292686daf0de,9a9f6413e42c0f332fccbce9a0dc796af2790f82cf002f791cdbf7e01e1afca8,a1aaacb7f6cd6ee5fb43120f673cebb0cfea7dd4,0debc5875349eebbd1949e88af2ad51a3f9165d1e18f7fa65513285b80c695d5,"{""observation.images.camera1"": [1, 3, 256, 256], ""observation.images.camera2"": [1, 3, 256, 256], ""observation.language.attention_mask"": [1, 48], ""observation.language.tokens"": [1, 48], ""observation.state"": [1, 8]}",8.178987715384615,2.462984099999998,300.80971536363637,116.0975945350001,964068864,1002438656,/data/vla-forge-artifacts/M02_libero40/registry/runs/20261010T030315-982cacc8515f/videos/long_task02_episode00_attempt1.mp4,10b80d00a70fc1bc72c5909e9d61714bb9d0cd358a6caa6dd6b54d291ff7d4d9,"image:left,image2:right",/data/vla-forge-artifacts/M02_libero40/registry/runs/20261010T030315-982cacc8515f/rollout-4c5d2f24910109ba/trajectory.npz,341ec3be135a27cd5a7eecef2e5547af66efd5b9b9f3ad3e906bb2a5b3d43459,/data/vla-forge-artifacts/M02_libero40/registry/runs/20261010T030315-982cacc8515f/episodes/long_task02_episode00_attempt1/action_trace.json,1dda315024b52f0fcf60f4aad755cb23e8e5c7dc6607fbb08ee2a12fc5cf5952,/data/vla-forge-artifacts/M02_libero40/registry/runs/20261010T030315-982cacc8515f/episodes/long_task02_episode00_attempt1/episode.json,81c3695473451232bdcacef38338d2c586c6976e18b27cb7ae7c2ea7b0729273,
long,libero_10,2,KITCHEN_SCENE3_turn_on_the_stove_and_put_the_moka_pot_on_it,turn on the stove and put the moka pot on it,1,20261010T030315-982cacc8515f,1,85021,1,complete,False,timeout,520,520,50,50,relative,31d453f7edd78c839a8bbc39744a292686daf0de,9a9f6413e42c0f332fccbce9a0dc796af2790f82cf002f791cdbf7e01e1afca8,a1aaacb7f6cd6ee5fb43120f673cebb0cfea7dd4,0debc5875349eebbd1949e88af2ad51a3f9165d1e18f7fa65513285b80c695d5,"{""observation.images.camera1"": [1, 3, 256, 256], ""observation.images.camera2"": [1, 3, 256, 256], ""observation.language.attention_mask"": [1, 48], ""observation.language.tokens"": [1, 48], ""observation.state"": [1, 8]}",8.128324125,2.315590449999999,298.8367344545455,115.05796387800365,964068864,1002438656,/data/vla-forge-artifacts/M02_libero40/registry/runs/20261010T030315-982cacc8515f/videos/long_task02_episode01_attempt1.mp4,b4ba93b2c8789ab178cf4d31d6f6054bff2ca0ddde9ecc456a2345cfb7de5378,"image:left,image2:right",/data/vla-forge-artifacts/M02_libero40/registry/runs/20261010T030315-982cacc8515f/rollout-1e2e925dacecf3ad/trajectory.npz,3add0f4dfeb12fa3b82562059d130ba12ec5aff0c4ace3d6482294ac115638dc,/data/vla-forge-artifacts/M02_libero40/registry/runs/20261010T030315-982cacc8515f/episodes/long_task02_episode01_attempt1/action_trace.json,f835c5258ad481fbe1b25e899b36fdf77900f916173ce0cb8aacdcd59dd559c3,/data/vla-forge-artifacts/M02_libero40/registry/runs/20261010T030315-982cacc8515f/episodes/long_task02_episode01_attempt1/episode.json,f7b2f2b2a927f5cc24fab67ad1beecbc0f88a30fb5bf1d2b25096aa36e06468b,
long,libero_10,2,KITCHEN_SCENE3_turn_on_the_stove_and_put_the_moka_pot_on_it,turn on the stove and put the moka pot on it,2,20261010T030315-982cacc8515f,2,85022,1,complete,False,timeout,520,520,50,50,relative,31d453f7edd78c839a8bbc39744a292686daf0de,9a9f6413e42c0f332fccbce9a0dc796af2790f82cf002f791cdbf7e01e1afca8,a1aaacb7f6cd6ee5fb43120f673cebb0cfea7dd4,0debc5875349eebbd1949e88af2ad51a3f9165d1e18f7fa65513285b80c695d5,"{""observation.images.camera1"": [1, 3, 256, 256], ""observation.images.camera2"": [1, 3, 256, 256], ""observation.language.attention_mask"": [1, 48], ""observation.language.tokens"": [1, 48], ""observation.state"": [1, 8]}",8.17913530576923,2.2222562,301.65960181818184,113.85879738399672,964068864,1002438656,/data/vla-forge-artifacts/M02_libero40/registry/runs/20261010T030315-982cacc8515f/videos/long_task02_episode02_attempt1.mp4,d763bacf037917fd3afacc3c0bb6b6ab8302c59a9bd0a878f7dac08e50e1c869,"image:left,image2:right",/data/vla-forge-artifacts/M02_libero40/registry/runs/20261010T030315-982cacc8515f/rollout-a075efe9ac8514ea/trajectory.npz,02229c420421fb0eadc2fd84aeedbde5b6a6c5a44c4ef22fdf566a81a5eece3c,/data/vla-forge-artifacts/M02_libero40/registry/runs/20261010T030315-982cacc8515f/episodes/long_task02_episode02_attempt1/action_trace.json,e85467bf282a059ff43bbd5d39eb0b5b7f9a844bfda7fbbc12285a4b43f982f5,/data/vla-forge-artifacts/M02_libero40/registry/runs/20261010T030315-982cacc8515f/episodes/long_task02_episode02_attempt1/episode.json,d3a2c8a5d3d8e6001611fb8aa5cccd4b3517cbaf7cebe08bb6bb72aec43c9231,
long,libero_10,2,KITCHEN_SCENE3_turn_on_the_stove_and_put_the_moka_pot_on_it,turn on the stove and put the moka pot on it,3,20261010T030315-982cacc8515f,3,85023,1,complete,True,success,249,520,50,50,relative,31d453f7edd78c839a8bbc39744a292686daf0de,9a9f6413e42c0f332fccbce9a0dc796af2790f82cf002f791cdbf7e01e1afca8,a1aaacb7f6cd6ee5fb43120f673cebb0cfea7dd4,0debc5875349eebbd1949e88af2ad51a3f9165d1e18f7fa65513285b80c695d5,"{""observation.images.camera1"": [1, 3, 256, 256], ""observation.images.camera2"": [1, 3, 256, 256], ""observation.language.attention_mask"": [1, 48], ""observation.language.tokens"": [1, 48], ""observation.state"": [1, 8]}",7.906799759036145,2.2863369999999996,304.2805786,55.08772978399793,964068864,1002438656,/data/vla-forge-artifacts/M02_libero40/registry/runs/20261010T030315-982cacc8515f/videos/long_task02_episode03_attempt1.mp4,b6801ee71f8026b5a4eae04ad9a43f8c6fa7b193302f313517b3d9b2d4b0b76f,"image:left,image2:right",/data/vla-forge-artifacts/M02_libero40/registry/runs/20261010T030315-982cacc8515f/rollout-d62b74049dd93e1a/trajectory.npz,f2f50beee5feed1041d5927810d4ed4ae4a2f6c2d2f5deb25e4e38ba055abdee,/data/vla-forge-artifacts/M02_libero40/registry/runs/20261010T030315-982cacc8515f/episodes/long_task02_episode03_attempt1/action_trace.json,db89e9ff4cb97c30fd3ffd7637d21f48a0ab6971722ed3e7d132052de93cd4e0,/data/vla-forge-artifacts/M02_libero40/registry/runs/20261010T030315-982cacc8515f/episodes/long_task02_episode03_attempt1/episode.json,5aadbff23ee86fb18c9a53a7ce18ce211d1e0c61358725ab315c47057d0ce345,
long,libero_10,2,KITCHEN_SCENE3_turn_on_the_stove_and_put_the_moka_pot_on_it,turn on the stove and put the moka pot on it,4,20261010T030315-982cacc8515f,4,85024,1,complete,True,success,396,520,50,50,relative,31d453f7edd78c839a8bbc39744a292686daf0de,9a9f6413e42c0f332fccbce9a0dc796af2790f82cf002f791cdbf7e01e1afca8,a1aaacb7f6cd6ee5fb43120f673cebb0cfea7dd4,0debc5875349eebbd1949e88af2ad51a3f9165d1e18f7fa65513285b80c695d5,"{""observation.images.camera1"": [1, 3, 256, 256], ""observation.images.camera2"": [1, 3, 256, 256], ""observation.language.attention_mask"": [1, 48], ""observation.language.tokens"": [1, 48], ""observation.state"": [1, 8]}",8.02352502020202,2.5929765,306.187394125,88.02059904199996,964068864,1002438656,/data/vla-forge-artifacts/M02_libero40/registry/runs/20261010T030315-982cacc8515f/videos/long_task02_episode04_attempt1.mp4,769ddc87cbf0a084d297705690614c0b1d875a2d5c4d22e36be8c3743594d38d,"image:left,image2:right",/data/vla-forge-artifacts/M02_libero40/registry/runs/20261010T030315-982cacc8515f/rollout-653c0057c8fd05e3/trajectory.npz,4d45f2acf957326758a3d59608647343b96d191f204cb4ccef38058dfd447579,/data/vla-forge-artifacts/M02_libero40/registry/runs/20261010T030315-982cacc8515f/episodes/long_task02_episode04_attempt1/action_trace.json,65b3aea425cea175bde7a6b91eefec177bd4290ec5cd99d8121a8d78ff61fe9c,/data/vla-forge-artifacts/M02_libero40/registry/runs/20261010T030315-982cacc8515f/episodes/long_task02_episode04_attempt1/episode.json,570653db4248276b36baf825b498f17954a28a34ca37ff8b06692826d6df4957,
long,libero_10,2,KITCHEN_SCENE3_turn_on_the_stove_and_put_the_moka_pot_on_it,turn on the stove and put the moka pot on it,5,20261010T030315-982cacc8515f,5,85025,1,complete,False,timeout,520,520,50,50,relative,31d453f7edd78c839a8bbc39744a292686daf0de,9a9f6413e42c0f332fccbce9a0dc796af2790f82cf002f791cdbf7e01e1afca8,a1aaacb7f6cd6ee5fb43120f673cebb0cfea7dd4,0debc5875349eebbd1949e88af2ad51a3f9165d1e18f7fa65513285b80c695d5,"{""observation.images.camera1"": [1, 3, 256, 256], ""observation.images.camera2"": [1, 3, 256, 256], ""observation.language.attention_mask"": [1, 48], ""observation.language.tokens"": [1, 48], ""observation.state"": [1, 8]}",8.349914396153846,2.4456502999999996,308.52675154545454,115.98143166299997,964068864,1002438656,/data/vla-forge-artifacts/M02_libero40/registry/runs/20261010T030315-982cacc8515f/videos/long_task02_episode05_attempt1.mp4,aca8423054a81e7ec0aed1601c7abafd69d9fb65512bc7094bc7bc0014455090,"image:left,image2:right",/data/vla-forge-artifacts/M02_libero40/registry/runs/20261010T030315-982cacc8515f/rollout-039526b0f3a7b483/trajectory.npz,531afc95f7e834e791c898909870fc3e6f72709a7d79b69a69f0aeca8889e11a,/data/vla-forge-artifacts/M02_libero40/registry/runs/20261010T030315-982cacc8515f/episodes/long_task02_episode05_attempt1/action_trace.json,54e41c366a50597229eee22a8475e642b659fabf3fa59d7e38b5ae12671630fe,/data/vla-forge-artifacts/M02_libero40/registry/runs/20261010T030315-982cacc8515f/episodes/long_task02_episode05_attempt1/episode.json,3d24f20e1adbfa34458589674db1303cec6a2a4a9dd0cc3fb997a12c8ab7f5e2,
long,libero_10,2,KITCHEN_SCENE3_turn_on_the_stove_and_put_the_moka_pot_on_it,turn on the stove and put the moka pot on it,6,20261010T030315-982cacc8515f,6,85026,1,complete,False,timeout,520,520,50,50,relative,31d453f7edd78c839a8bbc39744a292686daf0de,9a9f6413e42c0f332fccbce9a0dc796af2790f82cf002f791cdbf7e01e1afca8,a1aaacb7f6cd6ee5fb43120f673cebb0cfea7dd4,0debc5875349eebbd1949e88af2ad51a3f9165d1e18f7fa65513285b80c695d5,"{""observation.images.camera1"": [1, 3, 256, 256], ""observation.images.camera2"": [1, 3, 256, 256], ""observation.language.attention_mask"": [1, 48], ""observation.language.tokens"": [1, 48], ""observation.state"": [1, 8]}",8.191495948076922,2.469394999999998,301.453263,114.27544832400599,964068864,1002438656,/data/vla-forge-artifacts/M02_libero40/registry/runs/20261010T030315-982cacc8515f/videos/long_task02_episode06_attempt1.mp4,dff06f97aff6852f3632e93bb265f615dc4b61d145d62dc40b3b777c1751ac25,"image:left,image2:right",/data/vla-forge-artifacts/M02_libero40/registry/runs/20261010T030315-982cacc8515f/rollout-09b113ac966f5c2f/trajectory.npz,011245c870c6181b5a877abba26dd9f92d4dc650d6b5a9d0ff7023e133799d07,/data/vla-forge-artifacts/M02_libero40/registry/runs/20261010T030315-982cacc8515f/episodes/long_task02_episode06_attempt1/action_trace.json,cd4f01340d051215b40badb91e4be22df86db3a1625151b2b18fdc4fd30d4528,/data/vla-forge-artifacts/M02_libero40/registry/runs/20261010T030315-982cacc8515f/episodes/long_task02_episode06_attempt1/episode.json,1acdd8470ea3849df2a2ba9961fc72eb7853d409f8e68c9d8203f175f1daafc8,
long,libero_10,2,KITCHEN_SCENE3_turn_on_the_stove_and_put_the_moka_pot_on_it,turn on the stove and put the moka pot on it,7,20261010T030315-982cacc8515f,7,85027,1,complete,True,success,249,520,50,50,relative,31d453f7edd78c839a8bbc39744a292686daf0de,9a9f6413e42c0f332fccbce9a0dc796af2790f82cf002f791cdbf7e01e1afca8,a1aaacb7f6cd6ee5fb43120f673cebb0cfea7dd4,0debc5875349eebbd1949e88af2ad51a3f9165d1e18f7fa65513285b80c695d5,"{""observation.images.camera1"": [1, 3, 256, 256], ""observation.images.camera2"": [1, 3, 256, 256], ""observation.language.attention_mask"": [1, 48], ""observation.language.tokens"": [1, 48], ""observation.state"": [1, 8]}",8.023398285140562,2.5199105999999993,307.8389374,55.97719051999593,964068864,1002438656,/data/vla-forge-artifacts/M02_libero40/registry/runs/20261010T030315-982cacc8515f/videos/long_task02_episode07_attempt1.mp4,291dec10b766ebb2cff3107e9b6dc6d27f074d8c815957094090eebf466ae92e,"image:left,image2:right",/data/vla-forge-artifacts/M02_libero40/registry/runs/20261010T030315-982cacc8515f/rollout-076978265c41d75f/trajectory.npz,562b255241681db0dfbd6ed54409e4e44f4c88f30ff151c19fb276ba5ec621ec,/data/vla-forge-artifacts/M02_libero40/registry/runs/20261010T030315-982cacc8515f/episodes/long_task02_episode07_attempt1/action_trace.json,b5b83b36a2176b4e02653b19c966a39ccaefa02ce9fa23f05cf8c5885ae19ac5,/data/vla-forge-artifacts/M02_libero40/registry/runs/20261010T030315-982cacc8515f/episodes/long_task02_episode07_attempt1/episode.json,c76420d84816bcda4378580c1cb47ab1f93783d795072e0b73d11c875087f96f,
long,libero_10,2,KITCHEN_SCENE3_turn_on_the_stove_and_put_the_moka_pot_on_it,turn on the stove and put the moka pot on it,8,20261010T030315-982cacc8515f,8,85028,1,complete,True,success,243,520,50,50,relative,31d453f7edd78c839a8bbc39744a292686daf0de,9a9f6413e42c0f332fccbce9a0dc796af2790f82cf002f791cdbf7e01e1afca8,a1aaacb7f6cd6ee5fb43120f673cebb0cfea7dd4,0debc5875349eebbd1949e88af2ad51a3f9165d1e18f7fa65513285b80c695d5,"{""observation.images.camera1"": [1, 3, 256, 256], ""observation.images.camera2"": [1, 3, 256, 256], ""observation.language.attention_mask"": [1, 48], ""observation.language.tokens"": [1, 48], ""observation.state"": [1, 8]}",8.025108094650207,2.2392117,302.4695104,53.80750375500065,964068864,1002438656,/data/vla-forge-artifacts/M02_libero40/registry/runs/20261010T030315-982cacc8515f/videos/long_task02_episode08_attempt1.mp4,0150f2a65366bcdff96e14c36b79db8d9d26f882859436512c80f4fb2bd8b0f2,"image:left,image2:right",/data/vla-forge-artifacts/M02_libero40/registry/runs/20261010T030315-982cacc8515f/rollout-15d16bb54f5b3ebf/trajectory.npz,c2ed5b12a6a969fabaf843ee6ce9187ee7892ff22fd5df541e72820777038bb9,/data/vla-forge-artifacts/M02_libero40/registry/runs/20261010T030315-982cacc8515f/episodes/long_task02_episode08_attempt1/action_trace.json,d9cdeb34307ca9433435c786fb22ba022e38dcb979bdaa6a52cef59aac8871c8,/data/vla-forge-artifacts/M02_libero40/registry/runs/20261010T030315-982cacc8515f/episodes/long_task02_episode08_attempt1/episode.json,d6ae64110d8276965b29c6d26de84f82c2ff9347aaa32a700f1d8820a7462f92,
long,libero_10,2,KITCHEN_SCENE3_turn_on_the_stove_and_put_the_moka_pot_on_it,turn on the stove and put the moka pot on it,9,20261010T030315-982cacc8515f,9,85029,1,complete,True,success,266,520,50,50,relative,31d453f7edd78c839a8bbc39744a292686daf0de,9a9f6413e42c0f332fccbce9a0dc796af2790f82cf002f791cdbf7e01e1afca8,a1aaacb7f6cd6ee5fb43120f673cebb0cfea7dd4,0debc5875349eebbd1949e88af2ad51a3f9165d1e18f7fa65513285b80c695d5,"{""observation.images.camera1"": [1, 3, 256, 256], ""observation.images.camera2"": [1, 3, 256, 256], ""observation.language.attention_mask"": [1, 48], ""observation.language.tokens"": [1, 48], ""observation.state"": [1, 8]}",8.88311667669173,2.6995430000000002,310.752138,61.02467092000006,964068864,1002438656,/data/vla-forge-artifacts/M02_libero40/registry/runs/20261010T030315-982cacc8515f/videos/long_task02_episode09_attempt1.mp4,25969192320522a25bee3097f60958b6c6f256fba82e56464c54f555684ade8f,"image:left,image2:right",/data/vla-forge-artifacts/M02_libero40/registry/runs/20261010T030315-982cacc8515f/rollout-05fae9d93e44bdf2/trajectory.npz,404aa58b882ce2d7c58239b08eddb784bbfbdb3297e631f9d7f524c0057a74a9,/data/vla-forge-artifacts/M02_libero40/registry/runs/20261010T030315-982cacc8515f/episodes/long_task02_episode09_attempt1/action_trace.json,b73e4c87a9b5f3d7c0658f160f6a9abae22fa2b7e78d0ca81c281fb99f696973,/data/vla-forge-artifacts/M02_libero40/registry/runs/20261010T030315-982cacc8515f/episodes/long_task02_episode09_attempt1/episode.json,eaf6a9bbece76655218f8284bd829ccf9c0c538e3160722b090d71d7248aa234,
long,libero_10,3,KITCHEN_SCENE4_put_the_black_bowl_in_the_bottom_drawer_of_the_cabinet_and_close_it,put the black bowl in the bottom drawer of the cabinet and close it,0,20261010T030315-982cacc8515f,0,85030,1,complete,True,success,214,520,50,50,relative,31d453f7edd78c839a8bbc39744a292686daf0de,9a9f6413e42c0f332fccbce9a0dc796af2790f82cf002f791cdbf7e01e1afca8,a1aaacb7f6cd6ee5fb43120f673cebb0cfea7dd4,0debc5875349eebbd1949e88af2ad51a3f9165d1e18f7fa65513285b80c695d5,"{""observation.images.camera1"": [1, 3, 256, 256], ""observation.images.camera2"": [1, 3, 256, 256], ""observation.language.attention_mask"": [1, 48], ""observation.language.tokens"": [1, 48], ""observation.state"": [1, 8]}",9.746278257009346,2.4576339999999997,338.1247142,33.25908335600252,964068864,1002438656,/data/vla-forge-artifacts/M02_libero40/registry/runs/20261010T030315-982cacc8515f/videos/long_task03_episode00_attempt1.mp4,f877693759e9ec0e55547f9fc311525e523cec9b45679dac7ba749507123fd35,"image:left,image2:right",/data/vla-forge-artifacts/M02_libero40/registry/runs/20261010T030315-982cacc8515f/rollout-84a0ba1645c8fc75/trajectory.npz,64c72f54302c1666c6342d9edcb52e0f46f082bd4989412f618a3949201505b8,/data/vla-forge-artifacts/M02_libero40/registry/runs/20261010T030315-982cacc8515f/episodes/long_task03_episode00_attempt1/action_trace.json,b0ff95387a63499953f1089359960b6a11ddf6d20f34e3b62317e4f81b6bc3ea,/data/vla-forge-artifacts/M02_libero40/registry/runs/20261010T030315-982cacc8515f/episodes/long_task03_episode00_attempt1/episode.json,ab317625f675f43dc8e7e8f0086d997827cf8765976cb8aeff63205c5aba104d,
long,libero_10,3,KITCHEN_SCENE4_put_the_black_bowl_in_the_bottom_drawer_of_the_cabinet_and_close_it,put the black bowl in the bottom drawer of the cabinet and close it,1,20261010T030315-982cacc8515f,1,85031,1,complete,False,timeout,520,520,50,50,relative,31d453f7edd78c839a8bbc39744a292686daf0de,9a9f6413e42c0f332fccbce9a0dc796af2790f82cf002f791cdbf7e01e1afca8,a1aaacb7f6cd6ee5fb43120f673cebb0cfea7dd4,0debc5875349eebbd1949e88af2ad51a3f9165d1e18f7fa65513285b80c695d5,"{""observation.images.camera1"": [1, 3, 256, 256], ""observation.images.camera2"": [1, 3, 256, 256], ""observation.language.attention_mask"": [1, 48], ""observation.language.tokens"": [1, 48], ""observation.state"": [1, 8]}",8.420588896153847,2.700775099999997,309.1008817272727,82.80204850799782,964068864,1002438656,/data/vla-forge-artifacts/M02_libero40/registry/runs/20261010T030315-982cacc8515f/videos/long_task03_episode01_attempt1.mp4,b2a2bf515bb3f6ebd348e0d33560c4e15526f02c47ce943aa0def5c96edb11d4,"image:left,image2:right",/data/vla-forge-artifacts/M02_libero40/registry/runs/20261010T030315-982cacc8515f/rollout-9b854fcce6aefe58/trajectory.npz,b18bb2c33044fdd761632d9c41cbd578985f86484b8920aa6ff83690e41a738f,/data/vla-forge-artifacts/M02_libero40/registry/runs/20261010T030315-982cacc8515f/episodes/long_task03_episode01_attempt1/action_trace.json,3480f68658b0713da201009e5d310c418390f89b0106c7ead74a2befa7fe56fb,/data/vla-forge-artifacts/M02_libero40/registry/runs/20261010T030315-982cacc8515f/episodes/long_task03_episode01_attempt1/episode.json,b7e9955eda8899edaff3bde32b1c17ae2d2dfcf9ac0a80523fd4e5acab94c2b5,
long,libero_10,3,KITCHEN_SCENE4_put_the_black_bowl_in_the_bottom_drawer_of_the_cabinet_and_close_it,put the black bowl in the bottom drawer of the cabinet and close it,2,20261010T030315-982cacc8515f,2,85032,1,complete,True,success,359,520,50,50,relative,31d453f7edd78c839a8bbc39744a292686daf0de,9a9f6413e42c0f332fccbce9a0dc796af2790f82cf002f791cdbf7e01e1afca8,a1aaacb7f6cd6ee5fb43120f673cebb0cfea7dd4,0debc5875349eebbd1949e88af2ad51a3f9165d1e18f7fa65513285b80c695d5,"{""observation.images.camera1"": [1, 3, 256, 256], ""observation.images.camera2"": [1, 3, 256, 256], ""observation.language.attention_mask"": [1, 48], ""observation.language.tokens"": [1, 48], ""observation.state"": [1, 8]}",8.633238236768802,2.6050842999999984,305.516142,55.57718145599938,964068864,1002438656,/data/vla-forge-artifacts/M02_libero40/registry/runs/20261010T030315-982cacc8515f/videos/long_task03_episode02_attempt1.mp4,6fa7d88649471441db923f1e5592f5457fd996d986c4a1ad9af647c2ad660c1f,"image:left,image2:right",/data/vla-forge-artifacts/M02_libero40/registry/runs/20261010T030315-982cacc8515f/rollout-7e756a172f82ac75/trajectory.npz,e0a969e84ca7c46b92e04f816dedf4de35ff479d978038e3092e61feaf0861f0,/data/vla-forge-artifacts/M02_libero40/registry/runs/20261010T030315-982cacc8515f/episodes/long_task03_episode02_attempt1/action_trace.json,77291dfe02f97e1c8f5fee20c9072ad01b61da5e82868a39d8c39e7d44c9472b,/data/vla-forge-artifacts/M02_libero40/registry/runs/20261010T030315-982cacc8515f/episodes/long_task03_episode02_attempt1/episode.json,8475a979f54ddb03c9c4455fb3efed483593c1564e5c63c556ecad31e18ecbcc,
long,libero_10,3,KITCHEN_SCENE4_put_the_black_bowl_in_the_bottom_drawer_of_the_cabinet_and_close_it,put the black bowl in the bottom drawer of the cabinet and close it,3,20261010T030315-982cacc8515f,3,85033,1,complete,True,success,234,520,50,50,relative,31d453f7edd78c839a8bbc39744a292686daf0de,9a9f6413e42c0f332fccbce9a0dc796af2790f82cf002f791cdbf7e01e1afca8,a1aaacb7f6cd6ee5fb43120f673cebb0cfea7dd4,0debc5875349eebbd1949e88af2ad51a3f9165d1e18f7fa65513285b80c695d5,"{""observation.images.camera1"": [1, 3, 256, 256], ""observation.images.camera2"": [1, 3, 256, 256], ""observation.language.attention_mask"": [1, 48], ""observation.language.tokens"": [1, 48], ""observation.state"": [1, 8]}",8.275338944444442,2.8135942999999997,300.5734134,36.46973028299544,964068864,1002438656,/data/vla-forge-artifacts/M02_libero40/registry/runs/20261010T030315-982cacc8515f/videos/long_task03_episode03_attempt1.mp4,12d46323c4e669c3c99ca57583c00fd48aa954f6a5e54fe8b6198e9bc166f306,"image:left,image2:right",/data/vla-forge-artifacts/M02_libero40/registry/runs/20261010T030315-982cacc8515f/rollout-82c0ac6df93cbda4/trajectory.npz,f5e317dc66b40624084cb05fd65eb1234f9f3623a82c1d59cea8d1cfae684c0b,/data/vla-forge-artifacts/M02_libero40/registry/runs/20261010T030315-982cacc8515f/episodes/long_task03_episode03_attempt1/action_trace.json,c694910c23d433f6d455845b3524e9819b9b39a97c26379b13289f928ce250a2,/data/vla-forge-artifacts/M02_libero40/registry/runs/20261010T030315-982cacc8515f/episodes/long_task03_episode03_attempt1/episode.json,52a37389fd7fb2044a0d2d818813d39f92a37f9e859b675a773a4bb2046f0feb,
long,libero_10,3,KITCHEN_SCENE4_put_the_black_bowl_in_the_bottom_drawer_of_the_cabinet_and_close_it,put the black bowl in the bottom drawer of the cabinet and close it,4,20261010T030315-982cacc8515f,4,85034,1,complete,True,success,223,520,50,50,relative,31d453f7edd78c839a8bbc39744a292686daf0de,9a9f6413e42c0f332fccbce9a0dc796af2790f82cf002f791cdbf7e01e1afca8,a1aaacb7f6cd6ee5fb43120f673cebb0cfea7dd4,0debc5875349eebbd1949e88af2ad51a3f9165d1e18f7fa65513285b80c695d5,"{""observation.images.camera1"": [1, 3, 256, 256], ""observation.images.camera2"": [1, 3, 256, 256], ""observation.language.attention_mask"": [1, 48], ""observation.language.tokens"": [1, 48], ""observation.state"": [1, 8]}",9.012481914798208,2.9032715999999996,316.4981052,36.02695413100446,964068864,1002438656,/data/vla-forge-artifacts/M02_libero40/registry/runs/20261010T030315-982cacc8515f/videos/long_task03_episode04_attempt1.mp4,29a8927bb5574f3e28aa39d67c8e43a967ad6ba4778162892f07afe89d982f24,"image:left,image2:right",/data/vla-forge-artifacts/M02_libero40/registry/runs/20261010T030315-982cacc8515f/rollout-1be43a9ca9bfb70c/trajectory.npz,2ae6d0107f31df310629fc9991194695d498f2d385b655f9f35a603f9ccad8c6,/data/vla-forge-artifacts/M02_libero40/registry/runs/20261010T030315-982cacc8515f/episodes/long_task03_episode04_attempt1/action_trace.json,672ddf21b9c37147ba9f1b913c1268fe22bc57bff4e51c47f19581e8b41b2db9,/data/vla-forge-artifacts/M02_libero40/registry/runs/20261010T030315-982cacc8515f/episodes/long_task03_episode04_attempt1/episode.json,bcf8234b5041abbfef419753a1b9732655eb24bb5bfa54fc8705c840a646245d,
long,libero_10,3,KITCHEN_SCENE4_put_the_black_bowl_in_the_bottom_drawer_of_the_cabinet_and_close_it,put the black bowl in the bottom drawer of the cabinet and close it,5,20261010T030315-982cacc8515f,5,85035,1,complete,True,success,216,520,50,50,relative,31d453f7edd78c839a8bbc39744a292686daf0de,9a9f6413e42c0f332fccbce9a0dc796af2790f82cf002f791cdbf7e01e1afca8,a1aaacb7f6cd6ee5fb43120f673cebb0cfea7dd4,0debc5875349eebbd1949e88af2ad51a3f9165d1e18f7fa65513285b80c695d5,"{""observation.images.camera1"": [1, 3, 256, 256], ""observation.images.camera2"": [1, 3, 256, 256], ""observation.language.attention_mask"": [1, 48], ""observation.language.tokens"": [1, 48], ""observation.state"": [1, 8]}",8.914303745370372,2.77761375,303.95353880000005,33.80528679800045,964068864,1002438656,/data/vla-forge-artifacts/M02_libero40/registry/runs/20261010T030315-982cacc8515f/videos/long_task03_episode05_attempt1.mp4,0e5cc2cbe76e09a617443b1573173bc6a9f9b1d981994a2d66dd0cbb1400d227,"image:left,image2:right",/data/vla-forge-artifacts/M02_libero40/registry/runs/20261010T030315-982cacc8515f/rollout-2c490611ba7c34b6/trajectory.npz,3031edb67acf6f82b67bb93e30acc48d9e4ccdaadc1eeef7915868e484ac5d34,/data/vla-forge-artifacts/M02_libero40/registry/runs/20261010T030315-982cacc8515f/episodes/long_task03_episode05_attempt1/action_trace.json,95c37c7d9c6974008f6767d61ea25441e6a51deba50eaec41924a9361fc5cf0c,/data/vla-forge-artifacts/M02_libero40/registry/runs/20261010T030315-982cacc8515f/episodes/long_task03_episode05_attempt1/episode.json,6b9bc7678fdd65818072666e66da2ce8ae3f1d06d37ea4eafa27634ac4b47cfd,
long,libero_10,3,KITCHEN_SCENE4_put_the_black_bowl_in_the_bottom_drawer_of_the_cabinet_and_close_it,put the black bowl in the bottom drawer of the cabinet and close it,6,20261010T030315-982cacc8515f,6,85036,1,complete,True,success,214,520,50,50,relative,31d453f7edd78c839a8bbc39744a292686daf0de,9a9f6413e42c0f332fccbce9a0dc796af2790f82cf002f791cdbf7e01e1afca8,a1aaacb7f6cd6ee5fb43120f673cebb0cfea7dd4,0debc5875349eebbd1949e88af2ad51a3f9165d1e18f7fa65513285b80c695d5,"{""observation.images.camera1"": [1, 3, 256, 256], ""observation.images.camera2"": [1, 3, 256, 256], ""observation.language.attention_mask"": [1, 48], ""observation.language.tokens"": [1, 48], ""observation.state"": [1, 8]}",8.922433794392523,2.4400945,303.7442526,33.164484597997216,964068864,1002438656,/data/vla-forge-artifacts/M02_libero40/registry/runs/20261010T030315-982cacc8515f/videos/long_task03_episode06_attempt1.mp4,bc1b0c3fe0a7fa9164dd279b8e63c0927f0df487ae9d2c4e6ecca6649e364d37,"image:left,image2:right",/data/vla-forge-artifacts/M02_libero40/registry/runs/20261010T030315-982cacc8515f/rollout-1ff0334d3eb0a678/trajectory.npz,8c15d8c84de210958490964a6bae0510766b352b934cc22676c4ef22cba60dd5,/data/vla-forge-artifacts/M02_libero40/registry/runs/20261010T030315-982cacc8515f/episodes/long_task03_episode06_attempt1/action_trace.json,64b9f6fa0c48a496a92d492004f5448d635cd50d76e58eebe61b44fc44c82fe2,/data/vla-forge-artifacts/M02_libero40/registry/runs/20261010T030315-982cacc8515f/episodes/long_task03_episode06_attempt1/episode.json,3c2176860fb0609f9123f1876b9ba9068a9bab2afd386a605afb265ad5fdbe4c,
long,libero_10,3,KITCHEN_SCENE4_put_the_black_bowl_in_the_bottom_drawer_of_the_cabinet_and_close_it,put the black bowl in the bottom drawer of the cabinet and close it,7,20261010T030315-982cacc8515f,7,85037,1,complete,True,success,216,520,50,50,relative,31d453f7edd78c839a8bbc39744a292686daf0de,9a9f6413e42c0f332fccbce9a0dc796af2790f82cf002f791cdbf7e01e1afca8,a1aaacb7f6cd6ee5fb43120f673cebb0cfea7dd4,0debc5875349eebbd1949e88af2ad51a3f9165d1e18f7fa65513285b80c695d5,"{""observation.images.camera1"": [1, 3, 256, 256], ""observation.images.camera2"": [1, 3, 256, 256], ""observation.language.attention_mask"": [1, 48], ""observation.language.tokens"": [1, 48], ""observation.state"": [1, 8]}",9.078736337962962,2.74666075,312.0425118,34.37967664399912,964068864,1002438656,/data/vla-forge-artifacts/M02_libero40/registry/runs/20261010T030315-982cacc8515f/videos/long_task03_episode07_attempt1.mp4,d754f7dae1039ceccb2494204f0a2b59674d6b39262cb350d04ed80aa46b4d4a,"image:left,image2:right",/data/vla-forge-artifacts/M02_libero40/registry/runs/20261010T030315-982cacc8515f/rollout-6a329cba94fce56f/trajectory.npz,ef3c4b0cb99b4615f4810bcde75484e9a4d0b906acf46cdbf9fb2856dadf9274,/data/vla-forge-artifacts/M02_libero40/registry/runs/20261010T030315-982cacc8515f/episodes/long_task03_episode07_attempt1/action_trace.json,de92bb8f461ac6126f1edcfd2452350072cedf459acd30953cde28f5e0dfc958,/data/vla-forge-artifacts/M02_libero40/registry/runs/20261010T030315-982cacc8515f/episodes/long_task03_episode07_attempt1/episode.json,c828bf1dd776e31a2def977aa4beefacb9cde5e6661405df9d314e8c3856cb28,
long,libero_10,3,KITCHEN_SCENE4_put_the_black_bowl_in_the_bottom_drawer_of_the_cabinet_and_close_it,put the black bowl in the bottom drawer of the cabinet and close it,8,20261010T030315-982cacc8515f,8,85038,1,complete,True,success,237,520,50,50,relative,31d453f7edd78c839a8bbc39744a292686daf0de,9a9f6413e42c0f332fccbce9a0dc796af2790f82cf002f791cdbf7e01e1afca8,a1aaacb7f6cd6ee5fb43120f673cebb0cfea7dd4,0debc5875349eebbd1949e88af2ad51a3f9165d1e18f7fa65513285b80c695d5,"{""observation.images.camera1"": [1, 3, 256, 256], ""observation.images.camera2"": [1, 3, 256, 256], ""observation.language.attention_mask"": [1, 48], ""observation.language.tokens"": [1, 48], ""observation.state"": [1, 8]}",8.221125345991561,2.2819503999999986,303.98708,36.35733430900291,964068864,1002438656,/data/vla-forge-artifacts/M02_libero40/registry/runs/20261010T030315-982cacc8515f/videos/long_task03_episode08_attempt1.mp4,06c55aa4121efb705007e3685cb83e5788073ad4ce62664531271e92ea741c7c,"image:left,image2:right",/data/vla-forge-artifacts/M02_libero40/registry/runs/20261010T030315-982cacc8515f/rollout-faf0294700f584e7/trajectory.npz,3dbab28f0cea4ae55f2921c1d271384fcddd103af56b0190458a297c05838ac4,/data/vla-forge-artifacts/M02_libero40/registry/runs/20261010T030315-982cacc8515f/episodes/long_task03_episode08_attempt1/action_trace.json,5e83fa733e3dd62951e0af3d4edf43342af3551355e8868a0f9469015eb1098b,/data/vla-forge-artifacts/M02_libero40/registry/runs/20261010T030315-982cacc8515f/episodes/long_task03_episode08_attempt1/episode.json,c9e5a1fcdb1c8cffd3e7f485925ae3e6bcbe9464256354c37cd6bec7dae912e9,
long,libero_10,3,KITCHEN_SCENE4_put_the_black_bowl_in_the_bottom_drawer_of_the_cabinet_and_close_it,put the black bowl in the bottom drawer of the cabinet and close it,9,20261010T030315-982cacc8515f,9,85039,1,complete,True,success,224,520,50,50,relative,31d453f7edd78c839a8bbc39744a292686daf0de,9a9f6413e42c0f332fccbce9a0dc796af2790f82cf002f791cdbf7e01e1afca8,a1aaacb7f6cd6ee5fb43120f673cebb0cfea7dd4,0debc5875349eebbd1949e88af2ad51a3f9165d1e18f7fa65513285b80c695d5,"{""observation.images.camera1"": [1, 3, 256, 256], ""observation.images.camera2"": [1, 3, 256, 256], ""observation.language.attention_mask"": [1, 48], ""observation.language.tokens"": [1, 48], ""observation.state"": [1, 8]}",8.9053106875,3.0348377499999994,315.1163172,34.83627428099862,964068864,1002438656,/data/vla-forge-artifacts/M02_libero40/registry/runs/20261010T030315-982cacc8515f/videos/long_task03_episode09_attempt1.mp4,fe1f88bf82837393766c046a57f08b09ed50c5099841cd642d7be78e5af89ca0,"image:left,image2:right",/data/vla-forge-artifacts/M02_libero40/registry/runs/20261010T030315-982cacc8515f/rollout-1a0cec96504b66c8/trajectory.npz,ef4e73a2c2b46b2089ebe49034ca7042ec52b3c4922a54b7fdbff259fa992054,/data/vla-forge-artifacts/M02_libero40/registry/runs/20261010T030315-982cacc8515f/episodes/long_task03_episode09_attempt1/action_trace.json,6a7534146a042631ba2f03eabfbd3b1c163f2d95b85be0306009b857a4a1127b,/data/vla-forge-artifacts/M02_libero40/registry/runs/20261010T030315-982cacc8515f/episodes/long_task03_episode09_attempt1/episode.json,409d191fb2a6d571b670aad54964d43a7ab7da2d53f1735c92f31f5d1eb28067,
long,libero_10,4,LIVING_ROOM_SCENE5_put_the_white_mug_on_the_left_plate_and_put_the_yellow_and_white_mug_on_the_right_plate,put the white mug on the left plate and put the yellow and white mug on the right plate,0,20261010T030315-982cacc8515f,0,85040,1,complete,False,timeout,520,520,50,50,relative,31d453f7edd78c839a8bbc39744a292686daf0de,9a9f6413e42c0f332fccbce9a0dc796af2790f82cf002f791cdbf7e01e1afca8,a1aaacb7f6cd6ee5fb43120f673cebb0cfea7dd4,0debc5875349eebbd1949e88af2ad51a3f9165d1e18f7fa65513285b80c695d5,"{""observation.images.camera1"": [1, 3, 256, 256], ""observation.images.camera2"": [1, 3, 256, 256], ""observation.language.attention_mask"": [1, 48], ""observation.language.tokens"": [1, 48], ""observation.state"": [1, 8]}",8.277788767307692,2.703402849999997,302.6585541818182,58.17809171000408,964068864,1002438656,/data/vla-forge-artifacts/M02_libero40/registry/runs/20261010T030315-982cacc8515f/videos/long_task04_episode00_attempt1.mp4,5725c713b051328f7ea99667d77619bfe29a74dc6540016d860086f1fe7e14d3,"image:left,image2:right",/data/vla-forge-artifacts/M02_libero40/registry/runs/20261010T030315-982cacc8515f/rollout-7624186824975a57/trajectory.npz,959d6c573204671996ea430c544b000f1b15c1835bfeac60a8c9b6f85100515c,/data/vla-forge-artifacts/M02_libero40/registry/runs/20261010T030315-982cacc8515f/episodes/long_task04_episode00_attempt1/action_trace.json,a2bec3892daad9d325ffafb4279f0e82e669348d6514973d8b3c29b3ae07ae28,/data/vla-forge-artifacts/M02_libero40/registry/runs/20261010T030315-982cacc8515f/episodes/long_task04_episode00_attempt1/episode.json,b4a260a79cc0c968802ad656b9f9ed5c455d3b0da91e78061ab88a564a4479b2,
long,libero_10,4,LIVING_ROOM_SCENE5_put_the_white_mug_on_the_left_plate_and_put_the_yellow_and_white_mug_on_the_right_plate,put the white mug on the left plate and put the yellow and white mug on the right plate,1,20261010T030315-982cacc8515f,1,85041,1,complete,False,timeout,520,520,50,50,relative,31d453f7edd78c839a8bbc39744a292686daf0de,9a9f6413e42c0f332fccbce9a0dc796af2790f82cf002f791cdbf7e01e1afca8,a1aaacb7f6cd6ee5fb43120f673cebb0cfea7dd4,0debc5875349eebbd1949e88af2ad51a3f9165d1e18f7fa65513285b80c695d5,"{""observation.images.camera1"": [1, 3, 256, 256], ""observation.images.camera2"": [1, 3, 256, 256], ""observation.language.attention_mask"": [1, 48], ""observation.language.tokens"": [1, 48], ""observation.state"": [1, 8]}",8.77990808076923,2.92080035,325.1709445454545,58.41227659400465,964068864,1002438656,/data/vla-forge-artifacts/M02_libero40/registry/runs/20261010T030315-982cacc8515f/videos/long_task04_episode01_attempt1.mp4,ddb7f5487d33cbbd1e58104dd174cb0f84fd9153b361bedf2f7cb9d657b17f93,"image:left,image2:right",/data/vla-forge-artifacts/M02_libero40/registry/runs/20261010T030315-982cacc8515f/rollout-725a44818eafdb64/trajectory.npz,549775e8a1422c1494f7cfda64065ab396108c3621e0fcb21a364ccd67b792fb,/data/vla-forge-artifacts/M02_libero40/registry/runs/20261010T030315-982cacc8515f/episodes/long_task04_episode01_attempt1/action_trace.json,d7fd0b500d1d5dffd13f36391c4754904d388b1091934d2afa417d3ec6640a9d,/data/vla-forge-artifacts/M02_libero40/registry/runs/20261010T030315-982cacc8515f/episodes/long_task04_episode01_attempt1/episode.json,0e631735eed99b390ce8d6cf43e41b136ce6b49d10f40dbc2bc85c7d60d23b61,
long,libero_10,4,LIVING_ROOM_SCENE5_put_the_white_mug_on_the_left_plate_and_put_the_yellow_and_white_mug_on_the_right_plate,put the white mug on the left plate and put the yellow and white mug on the right plate,2,20261010T030315-982cacc8515f,2,85042,1,complete,False,timeout,520,520,50,50,relative,31d453f7edd78c839a8bbc39744a292686daf0de,9a9f6413e42c0f332fccbce9a0dc796af2790f82cf002f791cdbf7e01e1afca8,a1aaacb7f6cd6ee5fb43120f673cebb0cfea7dd4,0debc5875349eebbd1949e88af2ad51a3f9165d1e18f7fa65513285b80c695d5,"{""observation.images.camera1"": [1, 3, 256, 256], ""observation.images.camera2"": [1, 3, 256, 256], ""observation.language.attention_mask"": [1, 48], ""observation.language.tokens"": [1, 48], ""observation.state"": [1, 8]}",8.576335794230769,2.6476049999999995,316.91895200000005,56.67426617399906,964068864,1002438656,/data/vla-forge-artifacts/M02_libero40/registry/runs/20261010T030315-982cacc8515f/videos/long_task04_episode02_attempt1.mp4,c0fa739298c031618468ceeff9511d1f5cd2b4a18c24abd607a07df86979add3,"image:left,image2:right",/data/vla-forge-artifacts/M02_libero40/registry/runs/20261010T030315-982cacc8515f/rollout-68e460f41d66e9a8/trajectory.npz,4af4555ef1267ca9335f0aaee4bb64b3a956b848188ac702de4de28221d91a62,/data/vla-forge-artifacts/M02_libero40/registry/runs/20261010T030315-982cacc8515f/episodes/long_task04_episode02_attempt1/action_trace.json,f590d03da761706040ec2d58aeff2677517e8831a395b45ffef041199f7f8a95,/data/vla-forge-artifacts/M02_libero40/registry/runs/20261010T030315-982cacc8515f/episodes/long_task04_episode02_attempt1/episode.json,254408d8231d46f2de165c7c8b89635c201965ac5b17e0d469a2eab31a781eca,
long,libero_10,4,LIVING_ROOM_SCENE5_put_the_white_mug_on_the_left_plate_and_put_the_yellow_and_white_mug_on_the_right_plate,put the white mug on the left plate and put the yellow and white mug on the right plate,3,20261010T030315-982cacc8515f,3,85043,1,complete,False,timeout,520,520,50,50,relative,31d453f7edd78c839a8bbc39744a292686daf0de,9a9f6413e42c0f332fccbce9a0dc796af2790f82cf002f791cdbf7e01e1afca8,a1aaacb7f6cd6ee5fb43120f673cebb0cfea7dd4,0debc5875349eebbd1949e88af2ad51a3f9165d1e18f7fa65513285b80c695d5,"{""observation.images.camera1"": [1, 3, 256, 256], ""observation.images.camera2"": [1, 3, 256, 256], ""observation.language.attention_mask"": [1, 48], ""observation.language.tokens"": [1, 48], ""observation.state"": [1, 8]}",8.469640963461538,2.58484635,312.7548060909091,56.92043442100112,964068864,1002438656,/data/vla-forge-artifacts/M02_libero40/registry/runs/20261010T030315-982cacc8515f/videos/long_task04_episode03_attempt1.mp4,3b761d730026b9a126f690c3b71e8f2ab782af41f138152958f2f50c9c08ca24,"image:left,image2:right",/data/vla-forge-artifacts/M02_libero40/registry/runs/20261010T030315-982cacc8515f/rollout-a81bff1b4f1e138d/trajectory.npz,5baf69d4541991cfb6793bccd2c890c623f6ec036a4b71328e8657562873defe,/data/vla-forge-artifacts/M02_libero40/registry/runs/20261010T030315-982cacc8515f/episodes/long_task04_episode03_attempt1/action_trace.json,3f5d5b44487fec6b78db2420ce2327eda58f63786790cc71b5ab28b83658584d,/data/vla-forge-artifacts/M02_libero40/registry/runs/20261010T030315-982cacc8515f/episodes/long_task04_episode03_attempt1/episode.json,8d316a172b73bfa3b6d1180453d05637946d4e0383bdafbe256fe6f8ce77861f,
long,libero_10,4,LIVING_ROOM_SCENE5_put_the_white_mug_on_the_left_plate_and_put_the_yellow_and_white_mug_on_the_right_plate,put the white mug on the left plate and put the yellow and white mug on the right plate,4,20261010T030315-982cacc8515f,4,85044,1,complete,True,success,227,520,50,50,relative,31d453f7edd78c839a8bbc39744a292686daf0de,9a9f6413e42c0f332fccbce9a0dc796af2790f82cf002f791cdbf7e01e1afca8,a1aaacb7f6cd6ee5fb43120f673cebb0cfea7dd4,0debc5875349eebbd1949e88af2ad51a3f9165d1e18f7fa65513285b80c695d5,"{""observation.images.camera1"": [1, 3, 256, 256], ""observation.images.camera2"": [1, 3, 256, 256], ""observation.language.attention_mask"": [1, 48], ""observation.language.tokens"": [1, 48], ""observation.state"": [1, 8]}",8.402556775330394,2.7831699999999993,299.0588836,24.96931211899937,964068864,1002438656,/data/vla-forge-artifacts/M02_libero40/registry/runs/20261010T030315-982cacc8515f/videos/long_task04_episode04_attempt1.mp4,c314ae371d57623c39183663c2a689a1937bcc68199a0c3c4bea8dcea484f50c,"image:left,image2:right",/data/vla-forge-artifacts/M02_libero40/registry/runs/20261010T030315-982cacc8515f/rollout-8e46d25d8d16411a/trajectory.npz,6ddeeb63fd1f49fecc1bc7df28f06199e9b6404bb9138e3e2f0be443b0dc4497,/data/vla-forge-artifacts/M02_libero40/registry/runs/20261010T030315-982cacc8515f/episodes/long_task04_episode04_attempt1/action_trace.json,ee3fca28dd4a6c9658fb3edf95ec7eda9949eeb560abc9dc93a6659495056f9c,/data/vla-forge-artifacts/M02_libero40/registry/runs/20261010T030315-982cacc8515f/episodes/long_task04_episode04_attempt1/episode.json,263481a05a1cbdfd6ce59cac6f40b60cd5ffb5b12a38796afaa0ad996fd82ff0,
long,libero_10,4,LIVING_ROOM_SCENE5_put_the_white_mug_on_the_left_plate_and_put_the_yellow_and_white_mug_on_the_right_plate,put the white mug on the left plate and put the yellow and white mug on the right plate,5,20261010T030315-982cacc8515f,5,85045,1,complete,False,timeout,520,520,50,50,relative,31d453f7edd78c839a8bbc39744a292686daf0de,9a9f6413e42c0f332fccbce9a0dc796af2790f82cf002f791cdbf7e01e1afca8,a1aaacb7f6cd6ee5fb43120f673cebb0cfea7dd4,0debc5875349eebbd1949e88af2ad51a3f9165d1e18f7fa65513285b80c695d5,"{""observation.images.camera1"": [1, 3, 256, 256], ""observation.images.camera2"": [1, 3, 256, 256], ""observation.language.attention_mask"": [1, 48], ""observation.language.tokens"": [1, 48], ""observation.state"": [1, 8]}",8.309376717307693,2.634146799999999,306.00611836363635,55.77877270300087,964068864,1002438656,/data/vla-forge-artifacts/M02_libero40/registry/runs/20261010T030315-982cacc8515f/videos/long_task04_episode05_attempt1.mp4,100c0bb39ba53841476dd7f6129f3709e8adcdeaca477bb498459a974b181b23,"image:left,image2:right",/data/vla-forge-artifacts/M02_libero40/registry/runs/20261010T030315-982cacc8515f/rollout-eacd3434f0a88c21/trajectory.npz,545fdda725a5f557db41905b546af7866ab665b7bc7aa2a79392b0d5d7752ba7,/data/vla-forge-artifacts/M02_libero40/registry/runs/20261010T030315-982cacc8515f/episodes/long_task04_episode05_attempt1/action_trace.json,db52270520543dbd717e0f6515f6016776a05f33d795349e082b3a49a11c4613,/data/vla-forge-artifacts/M02_libero40/registry/runs/20261010T030315-982cacc8515f/episodes/long_task04_episode05_attempt1/episode.json,2f9fb8025d2d40c882a6ee914d252ac00bc0ff90ffd55ff1cdd9e7d606d19a13,
long,libero_10,4,LIVING_ROOM_SCENE5_put_the_white_mug_on_the_left_plate_and_put_the_yellow_and_white_mug_on_the_right_plate,put the white mug on the left plate and put the yellow and white mug on the right plate,6,20261010T030315-982cacc8515f,6,85046,1,complete,False,timeout,520,520,50,50,relative,31d453f7edd78c839a8bbc39744a292686daf0de,9a9f6413e42c0f332fccbce9a0dc796af2790f82cf002f791cdbf7e01e1afca8,a1aaacb7f6cd6ee5fb43120f673cebb0cfea7dd4,0debc5875349eebbd1949e88af2ad51a3f9165d1e18f7fa65513285b80c695d5,"{""observation.images.camera1"": [1, 3, 256, 256], ""observation.images.camera2"": [1, 3, 256, 256], ""observation.language.attention_mask"": [1, 48], ""observation.language.tokens"": [1, 48], ""observation.state"": [1, 8]}",8.291960119230769,2.4382417499999995,306.4757380909091,54.736987844000396,964068864,1002438656,/data/vla-forge-artifacts/M02_libero40/registry/runs/20261010T030315-982cacc8515f/videos/long_task04_episode06_attempt1.mp4,fd1c130604247291baad4631a91705994098c97114617733e3bacdda2daa0552,"image:left,image2:right",/data/vla-forge-artifacts/M02_libero40/registry/runs/20261010T030315-982cacc8515f/rollout-e68a70f53c864784/trajectory.npz,246dcccac66a9e8f5c52316008ff31ffca254d996f9d3bd33e45341105d542db,/data/vla-forge-artifacts/M02_libero40/registry/runs/20261010T030315-982cacc8515f/episodes/long_task04_episode06_attempt1/action_trace.json,7ae4c541736eebd8241647b69067fbd280cebe34c37732811a1d648895ad0e55,/data/vla-forge-artifacts/M02_libero40/registry/runs/20261010T030315-982cacc8515f/episodes/long_task04_episode06_attempt1/episode.json,c09ffd3f10501987d48a4a27c128bddadb709eba10b92a2fd133c19285502b6c,
long,libero_10,4,LIVING_ROOM_SCENE5_put_the_white_mug_on_the_left_plate_and_put_the_yellow_and_white_mug_on_the_right_plate,put the white mug on the left plate and put the yellow and white mug on the right plate,7,20261010T030315-982cacc8515f,7,85047,1,complete,False,timeout,520,520,50,50,relative,31d453f7edd78c839a8bbc39744a292686daf0de,9a9f6413e42c0f332fccbce9a0dc796af2790f82cf002f791cdbf7e01e1afca8,a1aaacb7f6cd6ee5fb43120f673cebb0cfea7dd4,0debc5875349eebbd1949e88af2ad51a3f9165d1e18f7fa65513285b80c695d5,"{""observation.images.camera1"": [1, 3, 256, 256], ""observation.images.camera2"": [1, 3, 256, 256], ""observation.language.attention_mask"": [1, 48], ""observation.language.tokens"": [1, 48], ""observation.state"": [1, 8]}",8.381008061538463,2.897632449999997,308.7964303636364,56.373946337000234,964068864,1002438656,/data/vla-forge-artifacts/M02_libero40/registry/runs/20261010T030315-982cacc8515f/videos/long_task04_episode07_attempt1.mp4,8aafa8a2b40386fc02a550a28c0f6e4097f049f93928a9d80e303e2e7491cd8f,"image:left,image2:right",/data/vla-forge-artifacts/M02_libero40/registry/runs/20261010T030315-982cacc8515f/rollout-a79b204698116760/trajectory.npz,70761a6490b68f834f8ab168a7787e565bd5296fe11c488270cc03fc20fb8b8c,/data/vla-forge-artifacts/M02_libero40/registry/runs/20261010T030315-982cacc8515f/episodes/long_task04_episode07_attempt1/action_trace.json,317126d65d36c5ae1c67f90125e989c491fddffd24ac41eb52a770e9940e9fd8,/data/vla-forge-artifacts/M02_libero40/registry/runs/20261010T030315-982cacc8515f/episodes/long_task04_episode07_attempt1/episode.json,5c0b4cd6b470c07a34ca0ce1867c3ed16608c3e3b47e469aaed65466a8ba172f,
long,libero_10,4,LIVING_ROOM_SCENE5_put_the_white_mug_on_the_left_plate_and_put_the_yellow_and_white_mug_on_the_right_plate,put the white mug on the left plate and put the yellow and white mug on the right plate,8,20261010T030315-982cacc8515f,8,85048,1,complete,True,success,240,520,50,50,relative,31d453f7edd78c839a8bbc39744a292686daf0de,9a9f6413e42c0f332fccbce9a0dc796af2790f82cf002f791cdbf7e01e1afca8,a1aaacb7f6cd6ee5fb43120f673cebb0cfea7dd4,0debc5875349eebbd1949e88af2ad51a3f9165d1e18f7fa65513285b80c695d5,"{""observation.images.camera1"": [1, 3, 256, 256], ""observation.images.camera2"": [1, 3, 256, 256], ""observation.language.attention_mask"": [1, 48], ""observation.language.tokens"": [1, 48], ""observation.state"": [1, 8]}",8.783775441666668,3.006994499999998,328.8068784,27.80834109299758,964068864,1002438656,/data/vla-forge-artifacts/M02_libero40/registry/runs/20261010T030315-982cacc8515f/videos/long_task04_episode08_attempt1.mp4,595ad9679a94a623f73fb6bb8cdb715bd71095b74ca2c23504bca7a8e3e6bfdb,"image:left,image2:right",/data/vla-forge-artifacts/M02_libero40/registry/runs/20261010T030315-982cacc8515f/rollout-c5681987ebe12881/trajectory.npz,3c9402ff2dcb6a6f397b46f0fb44a0a73dfe9f67664d2733528f9dd7a70d7dcb,/data/vla-forge-artifacts/M02_libero40/registry/runs/20261010T030315-982cacc8515f/episodes/long_task04_episode08_attempt1/action_trace.json,8330f55e7224c19335ca1e3109d19b1a91643b2e59f469caa36978123cc510ea,/data/vla-forge-artifacts/M02_libero40/registry/runs/20261010T030315-982cacc8515f/episodes/long_task04_episode08_attempt1/episode.json,d3862f67d891f62ae1447dc0f83f327e0897908dd06e39dd89887da398258fcb,
long,libero_10,4,LIVING_ROOM_SCENE5_put_the_white_mug_on_the_left_plate_and_put_the_yellow_and_white_mug_on_the_right_plate,put the white mug on the left plate and put the yellow and white mug on the right plate,9,20261010T030315-982cacc8515f,9,85049,1,complete,True,success,218,520,50,50,relative,31d453f7edd78c839a8bbc39744a292686daf0de,9a9f6413e42c0f332fccbce9a0dc796af2790f82cf002f791cdbf7e01e1afca8,a1aaacb7f6cd6ee5fb43120f673cebb0cfea7dd4,0debc5875349eebbd1949e88af2ad51a3f9165d1e18f7fa65513285b80c695d5,"{""observation.images.camera1"": [1, 3, 256, 256], ""observation.images.camera2"": [1, 3, 256, 256], ""observation.language.attention_mask"": [1, 48], ""observation.language.tokens"": [1, 48], ""observation.state"": [1, 8]}",8.893925114678899,2.410263449999999,304.9668602,24.918659548995493,964068864,1002438656,/data/vla-forge-artifacts/M02_libero40/registry/runs/20261010T030315-982cacc8515f/videos/long_task04_episode09_attempt1.mp4,0e76ec0de2d5cb944bd0846afc18a78285270a49375f315ac3961d24809f1ace,"image:left,image2:right",/data/vla-forge-artifacts/M02_libero40/registry/runs/20261010T030315-982cacc8515f/rollout-74ee6bd7d8015f9c/trajectory.npz,5650f76a9dd8dea9e109bca698bb78745c795e3b1f74554ef3b79311986fee3a,/data/vla-forge-artifacts/M02_libero40/registry/runs/20261010T030315-982cacc8515f/episodes/long_task04_episode09_attempt1/action_trace.json,4dba4471dae820f8efcc464995d912ef4b9b12eccc94da445fe8f96b7bc99020,/data/vla-forge-artifacts/M02_libero40/registry/runs/20261010T030315-982cacc8515f/episodes/long_task04_episode09_attempt1/episode.json,62ba046bbb5134db965559d05024ae7998ef3247ef6dafcf7c92073c92b56148,
long,libero_10,5,STUDY_SCENE1_pick_up_the_book_and_place_it_in_the_back_compartment_of_the_caddy,pick up the book and place it in the back compartment of the caddy,0,20261010T030315-982cacc8515f,0,85050,1,complete,True,success,164,520,50,50,relative,31d453f7edd78c839a8bbc39744a292686daf0de,9a9f6413e42c0f332fccbce9a0dc796af2790f82cf002f791cdbf7e01e1afca8,a1aaacb7f6cd6ee5fb43120f673cebb0cfea7dd4,0debc5875349eebbd1949e88af2ad51a3f9165d1e18f7fa65513285b80c695d5,"{""observation.images.camera1"": [1, 3, 256, 256], ""observation.images.camera2"": [1, 3, 256, 256], ""observation.language.attention_mask"": [1, 48], ""observation.language.tokens"": [1, 48], ""observation.state"": [1, 8]}",9.259450274390243,2.6149744999999993,304.34117425,19.854988351005886,964068864,1002438656,/data/vla-forge-artifacts/M02_libero40/registry/runs/20261010T030315-982cacc8515f/videos/long_task05_episode00_attempt1.mp4,b0f0c8cc1470b5acab7589197a3c25b7876c8cb52ca1f3a5c221238defc03b88,"image:left,image2:right",/data/vla-forge-artifacts/M02_libero40/registry/runs/20261010T030315-982cacc8515f/rollout-25c458bd3b2c2565/trajectory.npz,05d0a95c28d06f08d0fdd523e376ff6ac1b366636375fa9b691490c3d636bef6,/data/vla-forge-artifacts/M02_libero40/registry/runs/20261010T030315-982cacc8515f/episodes/long_task05_episode00_attempt1/action_trace.json,ed99d33851006a6be6a325924b09157a99f9267d8ae534e6df5a6e84cdcdad6c,/data/vla-forge-artifacts/M02_libero40/registry/runs/20261010T030315-982cacc8515f/episodes/long_task05_episode00_attempt1/episode.json,69478b9226ddbf1f447c16425d91c67bf878e60ad44fbae952014aae14945933,
long,libero_10,5,STUDY_SCENE1_pick_up_the_book_and_place_it_in_the_back_compartment_of_the_caddy,pick up the book and place it in the back compartment of the caddy,1,20261010T030315-982cacc8515f,1,85051,1,complete,True,success,178,520,50,50,relative,31d453f7edd78c839a8bbc39744a292686daf0de,9a9f6413e42c0f332fccbce9a0dc796af2790f82cf002f791cdbf7e01e1afca8,a1aaacb7f6cd6ee5fb43120f673cebb0cfea7dd4,0debc5875349eebbd1949e88af2ad51a3f9165d1e18f7fa65513285b80c695d5,"{""observation.images.camera1"": [1, 3, 256, 256], ""observation.images.camera2"": [1, 3, 256, 256], ""observation.language.attention_mask"": [1, 48], ""observation.language.tokens"": [1, 48], ""observation.state"": [1, 8]}",8.96921520786517,2.12514225,318.8981075,21.38052110800345,964068864,1002438656,/data/vla-forge-artifacts/M02_libero40/registry/runs/20261010T030315-982cacc8515f/videos/long_task05_episode01_attempt1.mp4,9f3a7653a8aaf18b99a1c061b658d625ad146c42bf74de9c8d5685d8a61cd16b,"image:left,image2:right",/data/vla-forge-artifacts/M02_libero40/registry/runs/20261010T030315-982cacc8515f/rollout-396c7c0c95f8118d/trajectory.npz,b611b6d7c65e7e153f55778310447702f1b57d75e170e53daa515bf8869d4d9a,/data/vla-forge-artifacts/M02_libero40/registry/runs/20261010T030315-982cacc8515f/episodes/long_task05_episode01_attempt1/action_trace.json,632df70b202ed1572ad5539367badbf45f7a97662d8c5e553d7c0878058c5072,/data/vla-forge-artifacts/M02_libero40/registry/runs/20261010T030315-982cacc8515f/episodes/long_task05_episode01_attempt1/episode.json,a9950e82f24e3b26521fce9d408708979083d6990b73be0587b79dabf7e816c5,
long,libero_10,5,STUDY_SCENE1_pick_up_the_book_and_place_it_in_the_back_compartment_of_the_caddy,pick up the book and place it in the back compartment of the caddy,2,20261010T030315-982cacc8515f,2,85052,1,complete,True,success,221,520,50,50,relative,31d453f7edd78c839a8bbc39744a292686daf0de,9a9f6413e42c0f332fccbce9a0dc796af2790f82cf002f791cdbf7e01e1afca8,a1aaacb7f6cd6ee5fb43120f673cebb0cfea7dd4,0debc5875349eebbd1949e88af2ad51a3f9165d1e18f7fa65513285b80c695d5,"{""observation.images.camera1"": [1, 3, 256, 256], ""observation.images.camera2"": [1, 3, 256, 256], ""observation.language.attention_mask"": [1, 48], ""observation.language.tokens"": [1, 48], ""observation.state"": [1, 8]}",8.423528819004526,2.435746,292.1720774,26.589783855997666,964068864,1002438656,/data/vla-forge-artifacts/M02_libero40/registry/runs/20261010T030315-982cacc8515f/videos/long_task05_episode02_attempt1.mp4,2ad0718884599c22ecba3b3d6fbcd80220078dc3c0821a398533f1c7a8955a62,"image:left,image2:right",/data/vla-forge-artifacts/M02_libero40/registry/runs/20261010T030315-982cacc8515f/rollout-0a973e57471d7c26/trajectory.npz,a9dbe3b98259fa7b156a830a95fc56d3ecfc307c4cb50d793288e3895e337f8f,/data/vla-forge-artifacts/M02_libero40/registry/runs/20261010T030315-982cacc8515f/episodes/long_task05_episode02_attempt1/action_trace.json,3cbd628f04140d6dd97cdf3d21651c6e82b0020eea35eda25eff8ecb93b1d546,/data/vla-forge-artifacts/M02_libero40/registry/runs/20261010T030315-982cacc8515f/episodes/long_task05_episode02_attempt1/episode.json,58365a52f77cd055f2002f09172204b355d5e9975ed0b90490e376befbc336a1,
long,libero_10,5,STUDY_SCENE1_pick_up_the_book_and_place_it_in_the_back_compartment_of_the_caddy,pick up the book and place it in the back compartment of the caddy,3,20261010T030315-982cacc8515f,3,85053,1,complete,True,success,183,520,50,50,relative,31d453f7edd78c839a8bbc39744a292686daf0de,9a9f6413e42c0f332fccbce9a0dc796af2790f82cf002f791cdbf7e01e1afca8,a1aaacb7f6cd6ee5fb43120f673cebb0cfea7dd4,0debc5875349eebbd1949e88af2ad51a3f9165d1e18f7fa65513285b80c695d5,"{""observation.images.camera1"": [1, 3, 256, 256], ""observation.images.camera2"": [1, 3, 256, 256], ""observation.language.attention_mask"": [1, 48], ""observation.language.tokens"": [1, 48], ""observation.state"": [1, 8]}",8.384966928961747,2.4393289000000014,300.93393275,21.901027398002043,964068864,1002438656,/data/vla-forge-artifacts/M02_libero40/registry/runs/20261010T030315-982cacc8515f/videos/long_task05_episode03_attempt1.mp4,e899cbf18ccc85f6317b880ca223d482040cd54c78b6da8fde16f8791a7c85fa,"image:left,image2:right",/data/vla-forge-artifacts/M02_libero40/registry/runs/20261010T030315-982cacc8515f/rollout-64035fd223eb10a2/trajectory.npz,8e7e771b169bb43327b5c7f901b1b40311f20630503bb8373d00a7a0b9554a2e,/data/vla-forge-artifacts/M02_libero40/registry/runs/20261010T030315-982cacc8515f/episodes/long_task05_episode03_attempt1/action_trace.json,e2789571e9d5a4390ba196430d1c04a886848c603b8702baa55363930f73f075,/data/vla-forge-artifacts/M02_libero40/registry/runs/20261010T030315-982cacc8515f/episodes/long_task05_episode03_attempt1/episode.json,0f7ec14edea7ec029560864986e15c312a9259a57f0d4bfd58d52c0e974a1f40,
long,libero_10,5,STUDY_SCENE1_pick_up_the_book_and_place_it_in_the_back_compartment_of_the_caddy,pick up the book and place it in the back compartment of the caddy,4,20261010T030315-982cacc8515f,4,85054,1,complete,False,timeout,520,520,50,50,relative,31d453f7edd78c839a8bbc39744a292686daf0de,9a9f6413e42c0f332fccbce9a0dc796af2790f82cf002f791cdbf7e01e1afca8,a1aaacb7f6cd6ee5fb43120f673cebb0cfea7dd4,0debc5875349eebbd1949e88af2ad51a3f9165d1e18f7fa65513285b80c695d5,"{""observation.images.camera1"": [1, 3, 256, 256], ""observation.images.camera2"": [1, 3, 256, 256], ""observation.language.attention_mask"": [1, 48], ""observation.language.tokens"": [1, 48], ""observation.state"": [1, 8]}",8.47175359423077,2.8447461499999998,311.05421218181823,63.778548494999995,964068864,1002438656,/data/vla-forge-artifacts/M02_libero40/registry/runs/20261010T030315-982cacc8515f/videos/long_task05_episode04_attempt1.mp4,2b744cffba220c65d9928114b61ecfae63103317ee3aa157d680d1e62a8e6fda,"image:left,image2:right",/data/vla-forge-artifacts/M02_libero40/registry/runs/20261010T030315-982cacc8515f/rollout-9137cb015a0eb8f9/trajectory.npz,d27e73a3ce258b02dfcaf30d2eee4226dc2472ec237a7e3649af983afd951238,/data/vla-forge-artifacts/M02_libero40/registry/runs/20261010T030315-982cacc8515f/episodes/long_task05_episode04_attempt1/action_trace.json,a359e788d60cbd7051f128838e13c3645d524f5edf1c546184ffc2119fe868e3,/data/vla-forge-artifacts/M02_libero40/registry/runs/20261010T030315-982cacc8515f/episodes/long_task05_episode04_attempt1/episode.json,3914b6d4fe30b26ae7316ee7f45310f054ea362cca727a9a3f53c9694cbe36ec,
long,libero_10,5,STUDY_SCENE1_pick_up_the_book_and_place_it_in_the_back_compartment_of_the_caddy,pick up the book and place it in the back compartment of the caddy,5,20261010T030315-982cacc8515f,5,85055,1,complete,True,success,177,520,50,50,relative,31d453f7edd78c839a8bbc39744a292686daf0de,9a9f6413e42c0f332fccbce9a0dc796af2790f82cf002f791cdbf7e01e1afca8,a1aaacb7f6cd6ee5fb43120f673cebb0cfea7dd4,0debc5875349eebbd1949e88af2ad51a3f9165d1e18f7fa65513285b80c695d5,"{""observation.images.camera1"": [1, 3, 256, 256], ""observation.images.camera2"": [1, 3, 256, 256], ""observation.language.attention_mask"": [1, 48], ""observation.language.tokens"": [1, 48], ""observation.state"": [1, 8]}",8.735745615819209,2.4855391999999994,306.6659465,21.697273842997674,964068864,1002438656,/data/vla-forge-artifacts/M02_libero40/registry/runs/20261010T030315-982cacc8515f/videos/long_task05_episode05_attempt1.mp4,e9d13067358c7059cbe007f379cb496e0454a694dd12c0962b1264009f9409c0,"image:left,image2:right",/data/vla-forge-artifacts/M02_libero40/registry/runs/20261010T030315-982cacc8515f/rollout-d6811c737fe3df13/trajectory.npz,ffd109336d33a72328470e47ccba3591c5fdb137e635fa25456e7396f28a3cda,/data/vla-forge-artifacts/M02_libero40/registry/runs/20261010T030315-982cacc8515f/episodes/long_task05_episode05_attempt1/action_trace.json,0288528461527b7e3394a015dfe5eed6093480f91048f3676bfcce0053452e5c,/data/vla-forge-artifacts/M02_libero40/registry/runs/20261010T030315-982cacc8515f/episodes/long_task05_episode05_attempt1/episode.json,907a20cc06d35dcca935a0aa92fcddb429299488a0cc42e032ae26f4657aa805,
long,libero_10,5,STUDY_SCENE1_pick_up_the_book_and_place_it_in_the_back_compartment_of_the_caddy,pick up the book and place it in the back compartment of the caddy,6,20261010T030315-982cacc8515f,6,85056,1,complete,True,success,156,520,50,50,relative,31d453f7edd78c839a8bbc39744a292686daf0de,9a9f6413e42c0f332fccbce9a0dc796af2790f82cf002f791cdbf7e01e1afca8,a1aaacb7f6cd6ee5fb43120f673cebb0cfea7dd4,0debc5875349eebbd1949e88af2ad51a3f9165d1e18f7fa65513285b80c695d5,"{""observation.images.camera1"": [1, 3, 256, 256], ""observation.images.camera2"": [1, 3, 256, 256], ""observation.language.attention_mask"": [1, 48], ""observation.language.tokens"": [1, 48], ""observation.state"": [1, 8]}",10.226403916666667,3.0896324999999996,325.87851425,18.851858378999168,964068864,1002438656,/data/vla-forge-artifacts/M02_libero40/registry/runs/20261010T030315-982cacc8515f/videos/long_task05_episode06_attempt1.mp4,755c8ccd649dcbefbbb03589005fae9b3c59772cba858d61d21332a33119c8e7,"image:left,image2:right",/data/vla-forge-artifacts/M02_libero40/registry/runs/20261010T030315-982cacc8515f/rollout-d4951f03872e79af/trajectory.npz,09cf4aac2e4ea5a6efd35126db8d447af2869c9c8a0a5c407b4b1b08bcdd8a0c,/data/vla-forge-artifacts/M02_libero40/registry/runs/20261010T030315-982cacc8515f/episodes/long_task05_episode06_attempt1/action_trace.json,b0d074489c4a77f749a47d374fd14add0b9322561e38fe41c63e36e0539eb201,/data/vla-forge-artifacts/M02_libero40/registry/runs/20261010T030315-982cacc8515f/episodes/long_task05_episode06_attempt1/episode.json,61e1184684616520624f33f7714cac8747d2369a2e5d1ffebb227a4870118a12,
long,libero_10,5,STUDY_SCENE1_pick_up_the_book_and_place_it_in_the_back_compartment_of_the_caddy,pick up the book and place it in the back compartment of the caddy,7,20261010T030315-982cacc8515f,7,85057,1,complete,True,success,168,520,50,50,relative,31d453f7edd78c839a8bbc39744a292686daf0de,9a9f6413e42c0f332fccbce9a0dc796af2790f82cf002f791cdbf7e01e1afca8,a1aaacb7f6cd6ee5fb43120f673cebb0cfea7dd4,0debc5875349eebbd1949e88af2ad51a3f9165d1e18f7fa65513285b80c695d5,"{""observation.images.camera1"": [1, 3, 256, 256], ""observation.images.camera2"": [1, 3, 256, 256], ""observation.language.attention_mask"": [1, 48], ""observation.language.tokens"": [1, 48], ""observation.state"": [1, 8]}",9.604483559523809,2.8215376,322.533637,20.90843821100134,964068864,1002438656,/data/vla-forge-artifacts/M02_libero40/registry/runs/20261010T030315-982cacc8515f/videos/long_task05_episode07_attempt1.mp4,46fffb2bf6ccd8a5632377c6d70ede0f3de2822045883844c3734b29d027e982,"image:left,image2:right",/data/vla-forge-artifacts/M02_libero40/registry/runs/20261010T030315-982cacc8515f/rollout-88f8172dd4dd1cb1/trajectory.npz,d1daaeba99cb0bb40f9fc32432572a304414a109bfeb874855390fe418fec845,/data/vla-forge-artifacts/M02_libero40/registry/runs/20261010T030315-982cacc8515f/episodes/long_task05_episode07_attempt1/action_trace.json,402b94c463b929de854b8f8138898ef5afc8b210da60ecbd8854a34a8e0726d6,/data/vla-forge-artifacts/M02_libero40/registry/runs/20261010T030315-982cacc8515f/episodes/long_task05_episode07_attempt1/episode.json,71d812e4cb22b098c38dd36b777303e4aa8486ed23a1f6e4134b16d74cafa0b3,
long,libero_10,5,STUDY_SCENE1_pick_up_the_book_and_place_it_in_the_back_compartment_of_the_caddy,pick up the book and place it in the back compartment of the caddy,8,20261010T030315-982cacc8515f,8,85058,1,complete,True,success,164,520,50,50,relative,31d453f7edd78c839a8bbc39744a292686daf0de,9a9f6413e42c0f332fccbce9a0dc796af2790f82cf002f791cdbf7e01e1afca8,a1aaacb7f6cd6ee5fb43120f673cebb0cfea7dd4,0debc5875349eebbd1949e88af2ad51a3f9165d1e18f7fa65513285b80c695d5,"{""observation.images.camera1"": [1, 3, 256, 256], ""observation.images.camera2"": [1, 3, 256, 256], ""observation.language.attention_mask"": [1, 48], ""observation.language.tokens"": [1, 48], ""observation.state"": [1, 8]}",9.998021926829269,2.5457101,334.25127325,20.170081677999406,964068864,1002438656,/data/vla-forge-artifacts/M02_libero40/registry/runs/20261010T030315-982cacc8515f/videos/long_task05_episode08_attempt1.mp4,a107b45d2396c8e68cdb48b71cb96b07f7f09727ab38bcebafc3be4169b5c99e,"image:left,image2:right",/data/vla-forge-artifacts/M02_libero40/registry/runs/20261010T030315-982cacc8515f/rollout-54765ec17dd3a926/trajectory.npz,ffc0b41ecd84e9e1caa4977e5b44ea3a9987c468db9e25b6286ed7b5d5dbddad,/data/vla-forge-artifacts/M02_libero40/registry/runs/20261010T030315-982cacc8515f/episodes/long_task05_episode08_attempt1/action_trace.json,14d5de6df071555846a763f783b63d35af1a5f0fdb6ea203895eaacf5f7cd153,/data/vla-forge-artifacts/M02_libero40/registry/runs/20261010T030315-982cacc8515f/episodes/long_task05_episode08_attempt1/episode.json,e6cd284f753b987783a48584ac15cf1badcf8f150bf6cd2ee0816fe4612cb71b,
long,libero_10,5,STUDY_SCENE1_pick_up_the_book_and_place_it_in_the_back_compartment_of_the_caddy,pick up the book and place it in the back compartment of the caddy,9,20261010T030315-982cacc8515f,9,85059,1,complete,True,success,169,520,50,50,relative,31d453f7edd78c839a8bbc39744a292686daf0de,9a9f6413e42c0f332fccbce9a0dc796af2790f82cf002f791cdbf7e01e1afca8,a1aaacb7f6cd6ee5fb43120f673cebb0cfea7dd4,0debc5875349eebbd1949e88af2ad51a3f9165d1e18f7fa65513285b80c695d5,"{""observation.images.camera1"": [1, 3, 256, 256], ""observation.images.camera2"": [1, 3, 256, 256], ""observation.language.attention_mask"": [1, 48], ""observation.language.tokens"": [1, 48], ""observation.state"": [1, 8]}",9.001687609467456,2.8787727999999997,301.27774,20.89270007899904,964068864,1002438656,/data/vla-forge-artifacts/M02_libero40/registry/runs/20261010T030315-982cacc8515f/videos/long_task05_episode09_attempt1.mp4,ad4f5bc345d94f18521420ce5ed0c45cff035b0b1c6058b0204c4aac2f543149,"image:left,image2:right",/data/vla-forge-artifacts/M02_libero40/registry/runs/20261010T030315-982cacc8515f/rollout-44eb4d0586c38cd5/trajectory.npz,7ffa4d5fb4cf4b2afbe6aee8c22c2fd279ec79674154a20dadf69334d8697bb6,/data/vla-forge-artifacts/M02_libero40/registry/runs/20261010T030315-982cacc8515f/episodes/long_task05_episode09_attempt1/action_trace.json,896099b47d2ea5ce78f605e423026d77363509bc8f094da32ea93347c27ad636,/data/vla-forge-artifacts/M02_libero40/registry/runs/20261010T030315-982cacc8515f/episodes/long_task05_episode09_attempt1/episode.json,4b9f9779e075ba6decc25dcc0147e6910d0719a63ba68fa8118999892744a0fc,
long,libero_10,6,LIVING_ROOM_SCENE6_put_the_white_mug_on_the_plate_and_put_the_chocolate_pudding_to_the_right_of_the_plate,put the white mug on the plate and put the chocolate pudding to the right of the plate,0,20261010T030315-982cacc8515f,0,85060,1,complete,True,success,258,520,50,50,relative,31d453f7edd78c839a8bbc39744a292686daf0de,9a9f6413e42c0f332fccbce9a0dc796af2790f82cf002f791cdbf7e01e1afca8,a1aaacb7f6cd6ee5fb43120f673cebb0cfea7dd4,0debc5875349eebbd1949e88af2ad51a3f9165d1e18f7fa65513285b80c695d5,"{""observation.images.camera1"": [1, 3, 256, 256], ""observation.images.camera2"": [1, 3, 256, 256], ""observation.language.attention_mask"": [1, 48], ""observation.language.tokens"": [1, 48], ""observation.state"": [1, 8]}",9.242289472868217,2.4802608499999934,316.89361633333334,30.697004483001365,964068864,1002438656,/data/vla-forge-artifacts/M02_libero40/registry/runs/20261010T030315-982cacc8515f/videos/long_task06_episode00_attempt1.mp4,f74d20715c9deaf1e488d20b10e3ec9e229f4737eabc2094f552fe8445261a45,"image:left,image2:right",/data/vla-forge-artifacts/M02_libero40/registry/runs/20261010T030315-982cacc8515f/rollout-4ad08443f1b100d0/trajectory.npz,a030cd18d98e1fdd485095e7c6fa1b602d329a941d26f4e657392952b5247995,/data/vla-forge-artifacts/M02_libero40/registry/runs/20261010T030315-982cacc8515f/episodes/long_task06_episode00_attempt1/action_trace.json,168b09baebf050b340a99e018d9c548c8a5617c47d1850caeb4f6e8fa4a4e7a7,/data/vla-forge-artifacts/M02_libero40/registry/runs/20261010T030315-982cacc8515f/episodes/long_task06_episode00_attempt1/episode.json,0a485bb3c1c2832c10ac630b74e1eb3f1d00d700e2f72bc4c438e4034601ef35,
long,libero_10,6,LIVING_ROOM_SCENE6_put_the_white_mug_on_the_plate_and_put_the_chocolate_pudding_to_the_right_of_the_plate,put the white mug on the plate and put the chocolate pudding to the right of the plate,1,20261010T030315-982cacc8515f,1,85061,1,complete,False,timeout,520,520,50,50,relative,31d453f7edd78c839a8bbc39744a292686daf0de,9a9f6413e42c0f332fccbce9a0dc796af2790f82cf002f791cdbf7e01e1afca8,a1aaacb7f6cd6ee5fb43120f673cebb0cfea7dd4,0debc5875349eebbd1949e88af2ad51a3f9165d1e18f7fa65513285b80c695d5,"{""observation.images.camera1"": [1, 3, 256, 256], ""observation.images.camera2"": [1, 3, 256, 256], ""observation.language.attention_mask"": [1, 48], ""observation.language.tokens"": [1, 48], ""observation.state"": [1, 8]}",8.441107455769231,2.7256727999999963,312.1674957272727,61.19947393199982,964068864,1002438656,/data/vla-forge-artifacts/M02_libero40/registry/runs/20261010T030315-982cacc8515f/videos/long_task06_episode01_attempt1.mp4,7be2eb5c74bba525775fb0775c98502f14c427ac1636bb1f6db75a57983f9747,"image:left,image2:right",/data/vla-forge-artifacts/M02_libero40/registry/runs/20261010T030315-982cacc8515f/rollout-9868d75e738ac0d8/trajectory.npz,4f57e9d04d60bc2f1b2a0a6fe1e2a6ddeb8ea8ef4ed1c6376ad94fae15f1b9c5,/data/vla-forge-artifacts/M02_libero40/registry/runs/20261010T030315-982cacc8515f/episodes/long_task06_episode01_attempt1/action_trace.json,13a2ab4d01882942b09db8538f4f7cf4299be570ca9f82c0956868ce591d5443,/data/vla-forge-artifacts/M02_libero40/registry/runs/20261010T030315-982cacc8515f/episodes/long_task06_episode01_attempt1/episode.json,0c084c4aabe7c412a49d3afc9f1b520a0159c8b89f3039a9479988056dbdaeb6,
long,libero_10,6,LIVING_ROOM_SCENE6_put_the_white_mug_on_the_plate_and_put_the_chocolate_pudding_to_the_right_of_the_plate,put the white mug on the plate and put the chocolate pudding to the right of the plate,2,20261010T030315-982cacc8515f,2,85062,1,complete,True,success,216,520,50,50,relative,31d453f7edd78c839a8bbc39744a292686daf0de,9a9f6413e42c0f332fccbce9a0dc796af2790f82cf002f791cdbf7e01e1afca8,a1aaacb7f6cd6ee5fb43120f673cebb0cfea7dd4,0debc5875349eebbd1949e88af2ad51a3f9165d1e18f7fa65513285b80c695d5,"{""observation.images.camera1"": [1, 3, 256, 256], ""observation.images.camera2"": [1, 3, 256, 256], ""observation.language.attention_mask"": [1, 48], ""observation.language.tokens"": [1, 48], ""observation.state"": [1, 8]}",8.733788,2.58029125,297.67106,24.86705983399588,964068864,1002438656,/data/vla-forge-artifacts/M02_libero40/registry/runs/20261010T030315-982cacc8515f/videos/long_task06_episode02_attempt1.mp4,8b19023b52b5a180eb5b94abff74bdb32f6b6140549a27251fa81b03c712e76b,"image:left,image2:right",/data/vla-forge-artifacts/M02_libero40/registry/runs/20261010T030315-982cacc8515f/rollout-c2d14d26352f3a64/trajectory.npz,4fd91be4ac7f04dc71925006d70c442014cef4b2b8bd600b31c8af73a3544c5a,/data/vla-forge-artifacts/M02_libero40/registry/runs/20261010T030315-982cacc8515f/episodes/long_task06_episode02_attempt1/action_trace.json,220228bd4ab36b3aeee35785b105b7e68a687063d75bdea3cc8532f123c27138,/data/vla-forge-artifacts/M02_libero40/registry/runs/20261010T030315-982cacc8515f/episodes/long_task06_episode02_attempt1/episode.json,b976301bdfd478522ef141a67b6a27fa2aeea2736e38252efb59212f8c1ce671,
long,libero_10,6,LIVING_ROOM_SCENE6_put_the_white_mug_on_the_plate_and_put_the_chocolate_pudding_to_the_right_of_the_plate,put the white mug on the plate and put the chocolate pudding to the right of the plate,3,20261010T030315-982cacc8515f,3,85063,1,complete,True,success,222,520,50,50,relative,31d453f7edd78c839a8bbc39744a292686daf0de,9a9f6413e42c0f332fccbce9a0dc796af2790f82cf002f791cdbf7e01e1afca8,a1aaacb7f6cd6ee5fb43120f673cebb0cfea7dd4,0debc5875349eebbd1949e88af2ad51a3f9165d1e18f7fa65513285b80c695d5,"{""observation.images.camera1"": [1, 3, 256, 256], ""observation.images.camera2"": [1, 3, 256, 256], ""observation.language.attention_mask"": [1, 48], ""observation.language.tokens"": [1, 48], ""observation.state"": [1, 8]}",8.8253085990991,2.831857799999999,309.3572686,26.48637080199842,964068864,1002438656,/data/vla-forge-artifacts/M02_libero40/registry/runs/20261010T030315-982cacc8515f/videos/long_task06_episode03_attempt1.mp4,cbbf4aef2a9042d5795899dee8f872d1d67dc79db41492347dd816ba7611b1ae,"image:left,image2:right",/data/vla-forge-artifacts/M02_libero40/registry/runs/20261010T030315-982cacc8515f/rollout-8595c71287602df6/trajectory.npz,23a463037b96b6377425745c1be2c93454411758f052621fde2b2c7a23207027,/data/vla-forge-artifacts/M02_libero40/registry/runs/20261010T030315-982cacc8515f/episodes/long_task06_episode03_attempt1/action_trace.json,a2cc185eb2737a2f2fbab9c670a647b9169daae9eb2be6c262f682f1f3831de9,/data/vla-forge-artifacts/M02_libero40/registry/runs/20261010T030315-982cacc8515f/episodes/long_task06_episode03_attempt1/episode.json,810be5a9f9ede690e26581b6c595733132161b465fb8000d4c642d1309563a14,
long,libero_10,6,LIVING_ROOM_SCENE6_put_the_white_mug_on_the_plate_and_put_the_chocolate_pudding_to_the_right_of_the_plate,put the white mug on the plate and put the chocolate pudding to the right of the plate,4,20261010T030315-982cacc8515f,4,85064,1,complete,False,timeout,520,520,50,50,relative,31d453f7edd78c839a8bbc39744a292686daf0de,9a9f6413e42c0f332fccbce9a0dc796af2790f82cf002f791cdbf7e01e1afca8,a1aaacb7f6cd6ee5fb43120f673cebb0cfea7dd4,0debc5875349eebbd1949e88af2ad51a3f9165d1e18f7fa65513285b80c695d5,"{""observation.images.camera1"": [1, 3, 256, 256], ""observation.images.camera2"": [1, 3, 256, 256], ""observation.language.attention_mask"": [1, 48], ""observation.language.tokens"": [1, 48], ""observation.state"": [1, 8]}",8.240453076923075,2.82226285,301.298322,59.04926803700073,964068864,1002438656,/data/vla-forge-artifacts/M02_libero40/registry/runs/20261010T030315-982cacc8515f/videos/long_task06_episode04_attempt1.mp4,7188eef7988eec2ff27241f851ee7cb0385baae9650d29ee99ef8d1b56f632dd,"image:left,image2:right",/data/vla-forge-artifacts/M02_libero40/registry/runs/20261010T030315-982cacc8515f/rollout-cbbb211292f64cdd/trajectory.npz,40021507bbfedd8ddb0002d8643a7d3e65be46130e21991a6a6571150699308f,/data/vla-forge-artifacts/M02_libero40/registry/runs/20261010T030315-982cacc8515f/episodes/long_task06_episode04_attempt1/action_trace.json,bce38d34617b3c6809e6ad1262a62a25f71e43d1c5664e5d37a541c681317b7b,/data/vla-forge-artifacts/M02_libero40/registry/runs/20261010T030315-982cacc8515f/episodes/long_task06_episode04_attempt1/episode.json,c9d50360b4c73ad1574adab4915eadf8a8031f7211946b86b4045d7e1e527287,
long,libero_10,6,LIVING_ROOM_SCENE6_put_the_white_mug_on_the_plate_and_put_the_chocolate_pudding_to_the_right_of_the_plate,put the white mug on the plate and put the chocolate pudding to the right of the plate,5,20261010T030315-982cacc8515f,5,85065,1,complete,False,timeout,520,520,50,50,relative,31d453f7edd78c839a8bbc39744a292686daf0de,9a9f6413e42c0f332fccbce9a0dc796af2790f82cf002f791cdbf7e01e1afca8,a1aaacb7f6cd6ee5fb43120f673cebb0cfea7dd4,0debc5875349eebbd1949e88af2ad51a3f9165d1e18f7fa65513285b80c695d5,"{""observation.images.camera1"": [1, 3, 256, 256], ""observation.images.camera2"": [1, 3, 256, 256], ""observation.language.attention_mask"": [1, 48], ""observation.language.tokens"": [1, 48], ""observation.state"": [1, 8]}",8.310645273076922,2.7557517999999988,305.4734041818182,60.51694642700022,964068864,1002438656,/data/vla-forge-artifacts/M02_libero40/registry/runs/20261010T030315-982cacc8515f/videos/long_task06_episode05_attempt1.mp4,87b2f5cdd74ffd42336cd8cbef8b27cf8503cb5818631274998a0e97fdcbb95d,"image:left,image2:right",/data/vla-forge-artifacts/M02_libero40/registry/runs/20261010T030315-982cacc8515f/rollout-f66bf1c19b4cb247/trajectory.npz,e697ad7ba7a96f80c894897c483070295cb5626cb69968d54c2e8506422f471c,/data/vla-forge-artifacts/M02_libero40/registry/runs/20261010T030315-982cacc8515f/episodes/long_task06_episode05_attempt1/action_trace.json,fb56480921827bb2840588ad660d16f36eb633e9ccc12b1460ab8470483213ba,/data/vla-forge-artifacts/M02_libero40/registry/runs/20261010T030315-982cacc8515f/episodes/long_task06_episode05_attempt1/episode.json,ea18075d6368836372d9b23d2562a006b178fd0610badde11056a3fc144d9459,
long,libero_10,6,LIVING_ROOM_SCENE6_put_the_white_mug_on_the_plate_and_put_the_chocolate_pudding_to_the_right_of_the_plate,put the white mug on the plate and put the chocolate pudding to the right of the plate,6,20261010T030315-982cacc8515f,6,85066,1,complete,False,timeout,520,520,50,50,relative,31d453f7edd78c839a8bbc39744a292686daf0de,9a9f6413e42c0f332fccbce9a0dc796af2790f82cf002f791cdbf7e01e1afca8,a1aaacb7f6cd6ee5fb43120f673cebb0cfea7dd4,0debc5875349eebbd1949e88af2ad51a3f9165d1e18f7fa65513285b80c695d5,"{""observation.images.camera1"": [1, 3, 256, 256], ""observation.images.camera2"": [1, 3, 256, 256], ""observation.language.attention_mask"": [1, 48], ""observation.language.tokens"": [1, 48], ""observation.state"": [1, 8]}",8.138715434615385,2.5480342999999936,298.23738745454546,59.00564889499947,964068864,1002438656,/data/vla-forge-artifacts/M02_libero40/registry/runs/20261010T030315-982cacc8515f/videos/long_task06_episode06_attempt1.mp4,7a691cfa51cc7ccb05d1e44960b599bc93384e90999279ed4267c5efddf91c2b,"image:left,image2:right",/data/vla-forge-artifacts/M02_libero40/registry/runs/20261010T030315-982cacc8515f/rollout-0bbe092349bea777/trajectory.npz,b5e0da550618475bedca71c69ef5b2d88faa08bfefee92e8d53f387052c63883,/data/vla-forge-artifacts/M02_libero40/registry/runs/20261010T030315-982cacc8515f/episodes/long_task06_episode06_attempt1/action_trace.json,633b1dde311d42d11f80c5e0af4bf08696b8d09b1d4b1a24018edd1825b5b6f2,/data/vla-forge-artifacts/M02_libero40/registry/runs/20261010T030315-982cacc8515f/episodes/long_task06_episode06_attempt1/episode.json,69a3a3dd4387a8364896e76400b25edaaec8b17b219fc14fb7d0376f340ca39d,
long,libero_10,6,LIVING_ROOM_SCENE6_put_the_white_mug_on_the_plate_and_put_the_chocolate_pudding_to_the_right_of_the_plate,put the white mug on the plate and put the chocolate pudding to the right of the plate,7,20261010T030315-982cacc8515f,7,85067,1,complete,True,success,208,520,50,50,relative,31d453f7edd78c839a8bbc39744a292686daf0de,9a9f6413e42c0f332fccbce9a0dc796af2790f82cf002f791cdbf7e01e1afca8,a1aaacb7f6cd6ee5fb43120f673cebb0cfea7dd4,0debc5875349eebbd1949e88af2ad51a3f9165d1e18f7fa65513285b80c695d5,"{""observation.images.camera1"": [1, 3, 256, 256], ""observation.images.camera2"": [1, 3, 256, 256], ""observation.language.attention_mask"": [1, 48], ""observation.language.tokens"": [1, 48], ""observation.state"": [1, 8]}",9.085052043269231,2.631561199999999,302.24965280000004,24.447325047003687,964068864,1002438656,/data/vla-forge-artifacts/M02_libero40/registry/runs/20261010T030315-982cacc8515f/videos/long_task06_episode07_attempt1.mp4,e38e51a47df9e5bdf585835ca0f278c452440bdf785adb51849c2443ff0c2b79,"image:left,image2:right",/data/vla-forge-artifacts/M02_libero40/registry/runs/20261010T030315-982cacc8515f/rollout-9097897bf50c9f6d/trajectory.npz,f76ea122173f4382f4ba82fd241c83596595b883c3f950b79592386ca7a87ec4,/data/vla-forge-artifacts/M02_libero40/registry/runs/20261010T030315-982cacc8515f/episodes/long_task06_episode07_attempt1/action_trace.json,340a7a27fb2d2fb273283bf1ba2de16f840435ed303cbd37aada611be24d934e,/data/vla-forge-artifacts/M02_libero40/registry/runs/20261010T030315-982cacc8515f/episodes/long_task06_episode07_attempt1/episode.json,0dedc1ae33a998d0912caab57a4dd93053907275edf3a1f446fb2756237f26c0,
long,libero_10,6,LIVING_ROOM_SCENE6_put_the_white_mug_on_the_plate_and_put_the_chocolate_pudding_to_the_right_of_the_plate,put the white mug on the plate and put the chocolate pudding to the right of the plate,8,20261010T030315-982cacc8515f,8,85068,1,complete,False,timeout,520,520,50,50,relative,31d453f7edd78c839a8bbc39744a292686daf0de,9a9f6413e42c0f332fccbce9a0dc796af2790f82cf002f791cdbf7e01e1afca8,a1aaacb7f6cd6ee5fb43120f673cebb0cfea7dd4,0debc5875349eebbd1949e88af2ad51a3f9165d1e18f7fa65513285b80c695d5,"{""observation.images.camera1"": [1, 3, 256, 256], ""observation.images.camera2"": [1, 3, 256, 256], ""observation.language.attention_mask"": [1, 48], ""observation.language.tokens"": [1, 48], ""observation.state"": [1, 8]}",8.473202023076922,3.0220963999999997,310.365324,63.02701599599823,964068864,1002438656,/data/vla-forge-artifacts/M02_libero40/registry/runs/20261010T030315-982cacc8515f/videos/long_task06_episode08_attempt1.mp4,83c429b1c822a6167592df8dae5b17ef069f4b5051c914de94d9bf0555b8694c,"image:left,image2:right",/data/vla-forge-artifacts/M02_libero40/registry/runs/20261010T030315-982cacc8515f/rollout-d675838e944a6d89/trajectory.npz,80f0ff7a07ed1726f4b3f3d2f60504fe175009e94949b40b3cd83dafd4e9c723,/data/vla-forge-artifacts/M02_libero40/registry/runs/20261010T030315-982cacc8515f/episodes/long_task06_episode08_attempt1/action_trace.json,c5c4185a1e0c31dc029946aa35f83d3602d673f32901c1e75e430c882a4adab9,/data/vla-forge-artifacts/M02_libero40/registry/runs/20261010T030315-982cacc8515f/episodes/long_task06_episode08_attempt1/episode.json,530aeb9ec09ff127e0fa53d3e21ac1b5a65dbea012dc0837649988f1aa12a245,
long,libero_10,6,LIVING_ROOM_SCENE6_put_the_white_mug_on_the_plate_and_put_the_chocolate_pudding_to_the_right_of_the_plate,put the white mug on the plate and put the chocolate pudding to the right of the plate,9,20261010T030315-982cacc8515f,9,85069,1,complete,False,timeout,520,520,50,50,relative,31d453f7edd78c839a8bbc39744a292686daf0de,9a9f6413e42c0f332fccbce9a0dc796af2790f82cf002f791cdbf7e01e1afca8,a1aaacb7f6cd6ee5fb43120f673cebb0cfea7dd4,0debc5875349eebbd1949e88af2ad51a3f9165d1e18f7fa65513285b80c695d5,"{""observation.images.camera1"": [1, 3, 256, 256], ""observation.images.camera2"": [1, 3, 256, 256], ""observation.language.attention_mask"": [1, 48], ""observation.language.tokens"": [1, 48], ""observation.state"": [1, 8]}",8.276055592307694,2.7324197499999956,303.35443054545453,59.19790492299944,964068864,1002438656,/data/vla-forge-artifacts/M02_libero40/registry/runs/20261010T030315-982cacc8515f/videos/long_task06_episode09_attempt1.mp4,a26e4ed6b7c697cc2f11c40fad6a90f85d06a459ffc610d067d94865a9f7781e,"image:left,image2:right",/data/vla-forge-artifacts/M02_libero40/registry/runs/20261010T030315-982cacc8515f/rollout-4252c7c914044433/trajectory.npz,177e1bbc4bfaab8febde6d947b4355a24a15f02dc0c43c87831b9ee8360aa9d7,/data/vla-forge-artifacts/M02_libero40/registry/runs/20261010T030315-982cacc8515f/episodes/long_task06_episode09_attempt1/action_trace.json,ff9b92df2ffc3da0cd13a424fea9e0ba6145bf54cadb3468e6dcbd0ceede8fc6,/data/vla-forge-artifacts/M02_libero40/registry/runs/20261010T030315-982cacc8515f/episodes/long_task06_episode09_attempt1/episode.json,4b0bbb396d8fd76c9c2d961599d481a78e35f398bc1693eb0a745b6ec2b1c0da,
long,libero_10,7,LIVING_ROOM_SCENE1_put_both_the_alphabet_soup_and_the_cream_cheese_box_in_the_basket,put both the alphabet soup and the cream cheese box in the basket,0,20261010T030315-982cacc8515f,0,85070,1,complete,False,timeout,520,520,50,50,relative,31d453f7edd78c839a8bbc39744a292686daf0de,9a9f6413e42c0f332fccbce9a0dc796af2790f82cf002f791cdbf7e01e1afca8,a1aaacb7f6cd6ee5fb43120f673cebb0cfea7dd4,0debc5875349eebbd1949e88af2ad51a3f9165d1e18f7fa65513285b80c695d5,"{""observation.images.camera1"": [1, 3, 256, 256], ""observation.images.camera2"": [1, 3, 256, 256], ""observation.language.attention_mask"": [1, 48], ""observation.language.tokens"": [1, 48], ""observation.state"": [1, 8]}",8.254039803846155,2.5882582999999997,303.08650390909094,74.48755449700548,964068864,1002438656,/data/vla-forge-artifacts/M02_libero40/registry/runs/20261010T030315-982cacc8515f/videos/long_task07_episode00_attempt1.mp4,35d6a56bcc23ff231f6b0865919709722df68f4d6db29ddfd2c17bfd8bf47ff9,"image:left,image2:right",/data/vla-forge-artifacts/M02_libero40/registry/runs/20261010T030315-982cacc8515f/rollout-1b466fe2466c7386/trajectory.npz,ab70626f46ef219f6f775f6bf0fb4fb4ddd80d664978a97b6a17f2de8adec4de,/data/vla-forge-artifacts/M02_libero40/registry/runs/20261010T030315-982cacc8515f/episodes/long_task07_episode00_attempt1/action_trace.json,5566328758fdd4205c06eda93911beaece8b7c6cfbf0313738e77ced9ad227ac,/data/vla-forge-artifacts/M02_libero40/registry/runs/20261010T030315-982cacc8515f/episodes/long_task07_episode00_attempt1/episode.json,c91b12e05997e24dbd361376e1d4f6daba98043c44f503e2f5450bd1cb410388,
long,libero_10,7,LIVING_ROOM_SCENE1_put_both_the_alphabet_soup_and_the_cream_cheese_box_in_the_basket,put both the alphabet soup and the cream cheese box in the basket,1,20261010T030315-982cacc8515f,1,85071,1,complete,True,success,248,520,50,50,relative,31d453f7edd78c839a8bbc39744a292686daf0de,9a9f6413e42c0f332fccbce9a0dc796af2790f82cf002f791cdbf7e01e1afca8,a1aaacb7f6cd6ee5fb43120f673cebb0cfea7dd4,0debc5875349eebbd1949e88af2ad51a3f9165d1e18f7fa65513285b80c695d5,"{""observation.images.camera1"": [1, 3, 256, 256], ""observation.images.camera2"": [1, 3, 256, 256], ""observation.language.attention_mask"": [1, 48], ""observation.language.tokens"": [1, 48], ""observation.state"": [1, 8]}",8.038476673387096,2.4092942499999985,308.3349038,36.594133122998755,964068864,1002438656,/data/vla-forge-artifacts/M02_libero40/registry/runs/20261010T030315-982cacc8515f/videos/long_task07_episode01_attempt1.mp4,b0736a8158c04e110e8e29b83bcf1e1730447c6a83d47adb90261a519624ce7a,"image:left,image2:right",/data/vla-forge-artifacts/M02_libero40/registry/runs/20261010T030315-982cacc8515f/rollout-6eb84941450d8951/trajectory.npz,457de7ef9e572dcdcb0a80465459ded6a339b43ad7cb168060e9ec8da64dcefb,/data/vla-forge-artifacts/M02_libero40/registry/runs/20261010T030315-982cacc8515f/episodes/long_task07_episode01_attempt1/action_trace.json,4f8565e5d780ccd02dc9f219551fedb446af924a84d1d41cdd150ed050d7d294,/data/vla-forge-artifacts/M02_libero40/registry/runs/20261010T030315-982cacc8515f/episodes/long_task07_episode01_attempt1/episode.json,1133df19c2712a981aced603685944b9f74ac244f00680e584794d8a14172604,
long,libero_10,7,LIVING_ROOM_SCENE1_put_both_the_alphabet_soup_and_the_cream_cheese_box_in_the_basket,put both the alphabet soup and the cream cheese box in the basket,2,20261010T030315-982cacc8515f,2,85072,1,complete,False,timeout,520,520,50,50,relative,31d453f7edd78c839a8bbc39744a292686daf0de,9a9f6413e42c0f332fccbce9a0dc796af2790f82cf002f791cdbf7e01e1afca8,a1aaacb7f6cd6ee5fb43120f673cebb0cfea7dd4,0debc5875349eebbd1949e88af2ad51a3f9165d1e18f7fa65513285b80c695d5,"{""observation.images.camera1"": [1, 3, 256, 256], ""observation.images.camera2"": [1, 3, 256, 256], ""observation.language.attention_mask"": [1, 48], ""observation.language.tokens"": [1, 48], ""observation.state"": [1, 8]}",8.758087834615386,2.9424287,325.3674310909091,79.71818754899869,964068864,1002438656,/data/vla-forge-artifacts/M02_libero40/registry/runs/20261010T030315-982cacc8515f/videos/long_task07_episode02_attempt1.mp4,d20740af973386af4b859bf7afe2a0d91510f996b06d8253a16e30046e1ab971,"image:left,image2:right",/data/vla-forge-artifacts/M02_libero40/registry/runs/20261010T030315-982cacc8515f/rollout-33137525c19ab97d/trajectory.npz,adb9a2406cd569246da3718d3ad3c0bde8e8efeb6bb90b5a4979dd58075706a0,/data/vla-forge-artifacts/M02_libero40/registry/runs/20261010T030315-982cacc8515f/episodes/long_task07_episode02_attempt1/action_trace.json,0c82c8b6cfa39d03c2b80102afc2eec0274cc0c71d6be0e63a2d83ce815a97f4,/data/vla-forge-artifacts/M02_libero40/registry/runs/20261010T030315-982cacc8515f/episodes/long_task07_episode02_attempt1/episode.json,0af02e827e12575e27c0f7d6ea470f3e8edc32a390846eef2961714ab49dafdc,
long,libero_10,7,LIVING_ROOM_SCENE1_put_both_the_alphabet_soup_and_the_cream_cheese_box_in_the_basket,put both the alphabet soup and the cream cheese box in the basket,3,20261010T030315-982cacc8515f,3,85073,1,complete,True,success,245,520,50,50,relative,31d453f7edd78c839a8bbc39744a292686daf0de,9a9f6413e42c0f332fccbce9a0dc796af2790f82cf002f791cdbf7e01e1afca8,a1aaacb7f6cd6ee5fb43120f673cebb0cfea7dd4,0debc5875349eebbd1949e88af2ad51a3f9165d1e18f7fa65513285b80c695d5,"{""observation.images.camera1"": [1, 3, 256, 256], ""observation.images.camera2"": [1, 3, 256, 256], ""observation.language.attention_mask"": [1, 48], ""observation.language.tokens"": [1, 48], ""observation.state"": [1, 8]}",7.876998469387754,2.1791528,298.737382,35.19914381900162,964068864,1002438656,/data/vla-forge-artifacts/M02_libero40/registry/runs/20261010T030315-982cacc8515f/videos/long_task07_episode03_attempt1.mp4,0710cd566fea852d9fdfa3c54923cf7f8d9bfab7975c7ba0ab5a90c3cce7e178,"image:left,image2:right",/data/vla-forge-artifacts/M02_libero40/registry/runs/20261010T030315-982cacc8515f/rollout-5f466d355e18fd6d/trajectory.npz,f8c48a96ecd3b2386bf3c6443406083a63e9057ecd232793b6926089d89d2d15,/data/vla-forge-artifacts/M02_libero40/registry/runs/20261010T030315-982cacc8515f/episodes/long_task07_episode03_attempt1/action_trace.json,f02879472aa3a4e243d5e93a3257491092405bb98a9d7173f4b594173bbf6d1b,/data/vla-forge-artifacts/M02_libero40/registry/runs/20261010T030315-982cacc8515f/episodes/long_task07_episode03_attempt1/episode.json,288cac1fe88727ea8cd7ee2813ff4747ddd616eee0ba1ddf40b5f8aa39cde33f,
long,libero_10,7,LIVING_ROOM_SCENE1_put_both_the_alphabet_soup_and_the_cream_cheese_box_in_the_basket,put both the alphabet soup and the cream cheese box in the basket,4,20261010T030315-982cacc8515f,4,85074,1,complete,False,timeout,520,520,50,50,relative,31d453f7edd78c839a8bbc39744a292686daf0de,9a9f6413e42c0f332fccbce9a0dc796af2790f82cf002f791cdbf7e01e1afca8,a1aaacb7f6cd6ee5fb43120f673cebb0cfea7dd4,0debc5875349eebbd1949e88af2ad51a3f9165d1e18f7fa65513285b80c695d5,"{""observation.images.camera1"": [1, 3, 256, 256], ""observation.images.camera2"": [1, 3, 256, 256], ""observation.language.attention_mask"": [1, 48], ""observation.language.tokens"": [1, 48], ""observation.state"": [1, 8]}",8.074114107692308,2.717584999999999,296.59985209090905,71.86968456599425,964068864,1002438656,/data/vla-forge-artifacts/M02_libero40/registry/runs/20261010T030315-982cacc8515f/videos/long_task07_episode04_attempt1.mp4,0484c76e78a900af868b0fb5f84c15dd33cd7860cabfc37feddd8dfc743d165c,"image:left,image2:right",/data/vla-forge-artifacts/M02_libero40/registry/runs/20261010T030315-982cacc8515f/rollout-45736724e715d708/trajectory.npz,b0fd272790ebf199c9bce0645794d9425486bc1b768a68bbc272e7780ebc6245,/data/vla-forge-artifacts/M02_libero40/registry/runs/20261010T030315-982cacc8515f/episodes/long_task07_episode04_attempt1/action_trace.json,7ef5d3800d84f0f46c8db534742a6913bcdb34c2eee256fc8a3a355fa8cfa86e,/data/vla-forge-artifacts/M02_libero40/registry/runs/20261010T030315-982cacc8515f/episodes/long_task07_episode04_attempt1/episode.json,e6438be4990ed702a6d4353307bdc7f7b8d084069acf58a54c5ee3966e55384f,
long,libero_10,7,LIVING_ROOM_SCENE1_put_both_the_alphabet_soup_and_the_cream_cheese_box_in_the_basket,put both the alphabet soup and the cream cheese box in the basket,5,20261010T030315-982cacc8515f,5,85075,1,complete,False,timeout,520,520,50,50,relative,31d453f7edd78c839a8bbc39744a292686daf0de,9a9f6413e42c0f332fccbce9a0dc796af2790f82cf002f791cdbf7e01e1afca8,a1aaacb7f6cd6ee5fb43120f673cebb0cfea7dd4,0debc5875349eebbd1949e88af2ad51a3f9165d1e18f7fa65513285b80c695d5,"{""observation.images.camera1"": [1, 3, 256, 256], ""observation.images.camera2"": [1, 3, 256, 256], ""observation.language.attention_mask"": [1, 48], ""observation.language.tokens"": [1, 48], ""observation.state"": [1, 8]}",8.108320182692307,2.1823531499999924,299.24051545454546,72.70880645099533,964068864,1002438656,/data/vla-forge-artifacts/M02_libero40/registry/runs/20261010T030315-982cacc8515f/videos/long_task07_episode05_attempt1.mp4,8e353c19345082d41d5492b77099341a9209344f9c96f1379aed9e280acd0e84,"image:left,image2:right",/data/vla-forge-artifacts/M02_libero40/registry/runs/20261010T030315-982cacc8515f/rollout-3bcc14e413f4bd89/trajectory.npz,2e926cf050ef0795d929bc70fb13b257253938bdd217a2b60e61ba2f4381150e,/data/vla-forge-artifacts/M02_libero40/registry/runs/20261010T030315-982cacc8515f/episodes/long_task07_episode05_attempt1/action_trace.json,a3f6cc9ef3c83ce1969930833da9e1da28470adf9bb2ad13407bb68367413e99,/data/vla-forge-artifacts/M02_libero40/registry/runs/20261010T030315-982cacc8515f/episodes/long_task07_episode05_attempt1/episode.json,a82f9811bcecc40a372507a2c10e487120a752421edd44980540364a2d374e55,
long,libero_10,7,LIVING_ROOM_SCENE1_put_both_the_alphabet_soup_and_the_cream_cheese_box_in_the_basket,put both the alphabet soup and the cream cheese box in the basket,6,20261010T030315-982cacc8515f,6,85076,1,complete,False,timeout,520,520,50,50,relative,31d453f7edd78c839a8bbc39744a292686daf0de,9a9f6413e42c0f332fccbce9a0dc796af2790f82cf002f791cdbf7e01e1afca8,a1aaacb7f6cd6ee5fb43120f673cebb0cfea7dd4,0debc5875349eebbd1949e88af2ad51a3f9165d1e18f7fa65513285b80c695d5,"{""observation.images.camera1"": [1, 3, 256, 256], ""observation.images.camera2"": [1, 3, 256, 256], ""observation.language.attention_mask"": [1, 48], ""observation.language.tokens"": [1, 48], ""observation.state"": [1, 8]}",8.536524057692308,2.9233567999999988,312.60335827272723,76.83705386800284,964068864,1002438656,/data/vla-forge-artifacts/M02_libero40/registry/runs/20261010T030315-982cacc8515f/videos/long_task07_episode06_attempt1.mp4,0935a73aadefa3aa3023d19a17f9dd42462f31eafb5c77de52645770b4d4797f,"image:left,image2:right",/data/vla-forge-artifacts/M02_libero40/registry/runs/20261010T030315-982cacc8515f/rollout-eb1af7d4314dd827/trajectory.npz,67b955a1d02a8a20ff27247cd8306e6097fe659790b0269a0799de30ee210871,/data/vla-forge-artifacts/M02_libero40/registry/runs/20261010T030315-982cacc8515f/episodes/long_task07_episode06_attempt1/action_trace.json,8b847eebf1d124150f972bd7e4b8fc40f553c72b561e8186c974475eebbbada2,/data/vla-forge-artifacts/M02_libero40/registry/runs/20261010T030315-982cacc8515f/episodes/long_task07_episode06_attempt1/episode.json,5aa6d634912c7d9abfbaac925f0d5f639ead63748585b206e18a0dac6d45d2ed,
long,libero_10,7,LIVING_ROOM_SCENE1_put_both_the_alphabet_soup_and_the_cream_cheese_box_in_the_basket,put both the alphabet soup and the cream cheese box in the basket,7,20261010T030315-982cacc8515f,7,85077,1,complete,True,success,243,520,50,50,relative,31d453f7edd78c839a8bbc39744a292686daf0de,9a9f6413e42c0f332fccbce9a0dc796af2790f82cf002f791cdbf7e01e1afca8,a1aaacb7f6cd6ee5fb43120f673cebb0cfea7dd4,0debc5875349eebbd1949e88af2ad51a3f9165d1e18f7fa65513285b80c695d5,"{""observation.images.camera1"": [1, 3, 256, 256], ""observation.images.camera2"": [1, 3, 256, 256], ""observation.language.attention_mask"": [1, 48], ""observation.language.tokens"": [1, 48], ""observation.state"": [1, 8]}",8.167371790123457,2.7817116,302.9567688,37.60211764700216,964068864,1002438656,/data/vla-forge-artifacts/M02_libero40/registry/runs/20261010T030315-982cacc8515f/videos/long_task07_episode07_attempt1.mp4,5a79a5f1231db491b3b4e8da479393606e33648fec5d32036533a03393a96397,"image:left,image2:right",/data/vla-forge-artifacts/M02_libero40/registry/runs/20261010T030315-982cacc8515f/rollout-9246a10a1d869c5d/trajectory.npz,8635bd5c70500f9c4e68cf94c642e758891f85b4e8debe705bf85678aa50dc4d,/data/vla-forge-artifacts/M02_libero40/registry/runs/20261010T030315-982cacc8515f/episodes/long_task07_episode07_attempt1/action_trace.json,5b8fed14a2688b49fb41d44209574ab56b6e8f9cdd388ad1f53198cb25847ad8,/data/vla-forge-artifacts/M02_libero40/registry/runs/20261010T030315-982cacc8515f/episodes/long_task07_episode07_attempt1/episode.json,16a49f40f000b39917283a158605fc318c71ab560ef3761ca2002ec0f3611a2b,
long,libero_10,7,LIVING_ROOM_SCENE1_put_both_the_alphabet_soup_and_the_cream_cheese_box_in_the_basket,put both the alphabet soup and the cream cheese box in the basket,8,20261010T030315-982cacc8515f,8,85078,1,complete,False,timeout,520,520,50,50,relative,31d453f7edd78c839a8bbc39744a292686daf0de,9a9f6413e42c0f332fccbce9a0dc796af2790f82cf002f791cdbf7e01e1afca8,a1aaacb7f6cd6ee5fb43120f673cebb0cfea7dd4,0debc5875349eebbd1949e88af2ad51a3f9165d1e18f7fa65513285b80c695d5,"{""observation.images.camera1"": [1, 3, 256, 256], ""observation.images.camera2"": [1, 3, 256, 256], ""observation.language.attention_mask"": [1, 48], ""observation.language.tokens"": [1, 48], ""observation.state"": [1, 8]}",8.250389028846152,2.611227849999999,303.3107032727273,77.20035119899694,964068864,1002438656,/data/vla-forge-artifacts/M02_libero40/registry/runs/20261010T030315-982cacc8515f/videos/long_task07_episode08_attempt1.mp4,03ad245973966e9a9ca0a28e0bd797025e8a95ecd024719a7b6c78f1d427a181,"image:left,image2:right",/data/vla-forge-artifacts/M02_libero40/registry/runs/20261010T030315-982cacc8515f/rollout-e1a8777e58714250/trajectory.npz,db14e33f2b4ada44a076f7b95b3ac17d1e740e1179334d3b5c5496475c6cddad,/data/vla-forge-artifacts/M02_libero40/registry/runs/20261010T030315-982cacc8515f/episodes/long_task07_episode08_attempt1/action_trace.json,c7e279cdd678dd3f405be511019c581630dd47befd2926d98e9e859fad1598d0,/data/vla-forge-artifacts/M02_libero40/registry/runs/20261010T030315-982cacc8515f/episodes/long_task07_episode08_attempt1/episode.json,15e3bd3e23a0e9db4ae27c9f1122d5c7c764b527b9eb11e4570ef881698450aa,
long,libero_10,7,LIVING_ROOM_SCENE1_put_both_the_alphabet_soup_and_the_cream_cheese_box_in_the_basket,put both the alphabet soup and the cream cheese box in the basket,9,20261010T030315-982cacc8515f,9,85079,1,complete,False,timeout,520,520,50,50,relative,31d453f7edd78c839a8bbc39744a292686daf0de,9a9f6413e42c0f332fccbce9a0dc796af2790f82cf002f791cdbf7e01e1afca8,a1aaacb7f6cd6ee5fb43120f673cebb0cfea7dd4,0debc5875349eebbd1949e88af2ad51a3f9165d1e18f7fa65513285b80c695d5,"{""observation.images.camera1"": [1, 3, 256, 256], ""observation.images.camera2"": [1, 3, 256, 256], ""observation.language.attention_mask"": [1, 48], ""observation.language.tokens"": [1, 48], ""observation.state"": [1, 8]}",8.228790686538462,2.5349267999999996,301.85864563636363,75.76071033699554,964068864,1002438656,/data/vla-forge-artifacts/M02_libero40/registry/runs/20261010T030315-982cacc8515f/videos/long_task07_episode09_attempt1.mp4,3783391417ccde75483fc4c8a5b9a8d00ef1be342f20e37e8bb207450242daa5,"image:left,image2:right",/data/vla-forge-artifacts/M02_libero40/registry/runs/20261010T030315-982cacc8515f/rollout-d1cb13eaa883fe32/trajectory.npz,26a99590cb7111ca71f55d049e036a8e9e5c398dd3e6c09520f859524eba5051,/data/vla-forge-artifacts/M02_libero40/registry/runs/20261010T030315-982cacc8515f/episodes/long_task07_episode09_attempt1/action_trace.json,67da120597a60b7773e5d910e16a01bcc6cd08c55dc6771eb5e49ba6cb67650f,/data/vla-forge-artifacts/M02_libero40/registry/runs/20261010T030315-982cacc8515f/episodes/long_task07_episode09_attempt1/episode.json,708178d27090f6b166aae83f5bc77ed450cca6a0d886afa656feac9d7b6fa135,
long,libero_10,8,KITCHEN_SCENE8_put_both_moka_pots_on_the_stove,put both moka pots on the stove,0,20261010T030315-982cacc8515f,0,85080,1,complete,True,success,379,520,50,50,relative,31d453f7edd78c839a8bbc39744a292686daf0de,9a9f6413e42c0f332fccbce9a0dc796af2790f82cf002f791cdbf7e01e1afca8,a1aaacb7f6cd6ee5fb43120f673cebb0cfea7dd4,0debc5875349eebbd1949e88af2ad51a3f9165d1e18f7fa65513285b80c695d5,"{""observation.images.camera1"": [1, 3, 256, 256], ""observation.images.camera2"": [1, 3, 256, 256], ""observation.language.attention_mask"": [1, 48], ""observation.language.tokens"": [1, 48], ""observation.state"": [1, 8]}",8.460139050131925,2.5811821999999984,313.00112287499996,84.01425564799865,964068864,1002438656,/data/vla-forge-artifacts/M02_libero40/registry/runs/20261010T030315-982cacc8515f/videos/long_task08_episode00_attempt1.mp4,7845c131197726936bd2927cc41de4601625d5661545fdf8b5db9b52718e282e,"image:left,image2:right",/data/vla-forge-artifacts/M02_libero40/registry/runs/20261010T030315-982cacc8515f/rollout-c9e47b8dc00047d1/trajectory.npz,eff7e7bd93d57879dedb98b0d4d5a4a43a10fbcd813d4efafdc44e42c3f2c9c4,/data/vla-forge-artifacts/M02_libero40/registry/runs/20261010T030315-982cacc8515f/episodes/long_task08_episode00_attempt1/action_trace.json,be57e839bf54542fcff93cbee5434c4e856fd55f37722bad7b3385c788449f8b,/data/vla-forge-artifacts/M02_libero40/registry/runs/20261010T030315-982cacc8515f/episodes/long_task08_episode00_attempt1/episode.json,7e3d520e3d87e1a429c2863cfb4d531adabd8fcfb3d8bc08f666d5843daada58,
long,libero_10,8,KITCHEN_SCENE8_put_both_moka_pots_on_the_stove,put both moka pots on the stove,1,20261010T030315-982cacc8515f,1,85081,1,complete,True,success,393,520,50,50,relative,31d453f7edd78c839a8bbc39744a292686daf0de,9a9f6413e42c0f332fccbce9a0dc796af2790f82cf002f791cdbf7e01e1afca8,a1aaacb7f6cd6ee5fb43120f673cebb0cfea7dd4,0debc5875349eebbd1949e88af2ad51a3f9165d1e18f7fa65513285b80c695d5,"{""observation.images.camera1"": [1, 3, 256, 256], ""observation.images.camera2"": [1, 3, 256, 256], ""observation.language.attention_mask"": [1, 48], ""observation.language.tokens"": [1, 48], ""observation.state"": [1, 8]}",8.227878412213741,2.8445811999999995,310.2967865,87.6577199309977,964068864,1002438656,/data/vla-forge-artifacts/M02_libero40/registry/runs/20261010T030315-982cacc8515f/videos/long_task08_episode01_attempt1.mp4,9925a0b2c0529d932b71857241ed7da625ca9e8994b859c81329241399f56c8d,"image:left,image2:right",/data/vla-forge-artifacts/M02_libero40/registry/runs/20261010T030315-982cacc8515f/rollout-67c6733b866903b1/trajectory.npz,4f23871447b077d413b0f0c1ecf25eb158025c73c153c9ec6fb75839fb66f618,/data/vla-forge-artifacts/M02_libero40/registry/runs/20261010T030315-982cacc8515f/episodes/long_task08_episode01_attempt1/action_trace.json,f68f9665d0d37c7e8bd3a63d4ab2a33293c55b93b794bf5fee176101e39aa782,/data/vla-forge-artifacts/M02_libero40/registry/runs/20261010T030315-982cacc8515f/episodes/long_task08_episode01_attempt1/episode.json,2432f76a30b946a801cdec37830598d15a9c700f6a62bba70071223cbd596d6e,
long,libero_10,8,KITCHEN_SCENE8_put_both_moka_pots_on_the_stove,put both moka pots on the stove,2,20261010T030315-982cacc8515f,2,85082,1,complete,False,timeout,520,520,50,50,relative,31d453f7edd78c839a8bbc39744a292686daf0de,9a9f6413e42c0f332fccbce9a0dc796af2790f82cf002f791cdbf7e01e1afca8,a1aaacb7f6cd6ee5fb43120f673cebb0cfea7dd4,0debc5875349eebbd1949e88af2ad51a3f9165d1e18f7fa65513285b80c695d5,"{""observation.images.camera1"": [1, 3, 256, 256], ""observation.images.camera2"": [1, 3, 256, 256], ""observation.language.attention_mask"": [1, 48], ""observation.language.tokens"": [1, 48], ""observation.state"": [1, 8]}",8.349313248076925,2.697138999999996,306.51903336363637,113.78322612299962,964068864,1002438656,/data/vla-forge-artifacts/M02_libero40/registry/runs/20261010T030315-982cacc8515f/videos/long_task08_episode02_attempt1.mp4,1a268872a3d74c2a6945c7575681cb358723909c16d36fd3f1f0731dd439a9bd,"image:left,image2:right",/data/vla-forge-artifacts/M02_libero40/registry/runs/20261010T030315-982cacc8515f/rollout-1074eafbc8aa7d88/trajectory.npz,efcc1e60bf99b628690351939a85e95cedd2f6d9fbed1259be16fba119879b32,/data/vla-forge-artifacts/M02_libero40/registry/runs/20261010T030315-982cacc8515f/episodes/long_task08_episode02_attempt1/action_trace.json,12b0cdf516657e7d8f55b150c2e43074be9ee02d98105dc3b4609cc3778b5b68,/data/vla-forge-artifacts/M02_libero40/registry/runs/20261010T030315-982cacc8515f/episodes/long_task08_episode02_attempt1/episode.json,4a250208547fb1d87c118bd371cf9d30eca67e6c825bac579258a2915a05679d,
long,libero_10,8,KITCHEN_SCENE8_put_both_moka_pots_on_the_stove,put both moka pots on the stove,3,20261010T030315-982cacc8515f,3,85083,1,complete,False,timeout,520,520,50,50,relative,31d453f7edd78c839a8bbc39744a292686daf0de,9a9f6413e42c0f332fccbce9a0dc796af2790f82cf002f791cdbf7e01e1afca8,a1aaacb7f6cd6ee5fb43120f673cebb0cfea7dd4,0debc5875349eebbd1949e88af2ad51a3f9165d1e18f7fa65513285b80c695d5,"{""observation.images.camera1"": [1, 3, 256, 256], ""observation.images.camera2"": [1, 3, 256, 256], ""observation.language.attention_mask"": [1, 48], ""observation.language.tokens"": [1, 48], ""observation.state"": [1, 8]}",8.425383503846152,2.638401499999996,309.57689663636364,118.4441170009959,964068864,1002438656,/data/vla-forge-artifacts/M02_libero40/registry/runs/20261010T030315-982cacc8515f/videos/long_task08_episode03_attempt1.mp4,5cbfc1a01dcb696be02e5c5b446acf9b30d35bd946efddafaf333f47d6dfb116,"image:left,image2:right",/data/vla-forge-artifacts/M02_libero40/registry/runs/20261010T030315-982cacc8515f/rollout-346a51278dccda7e/trajectory.npz,af5b7d44fbff7dbd4cb22869510ba0cd360863226d09bb71e79d01961a9e7b7a,/data/vla-forge-artifacts/M02_libero40/registry/runs/20261010T030315-982cacc8515f/episodes/long_task08_episode03_attempt1/action_trace.json,1bbe13e2238d5b5b930fafc6d1417c380f2d6e37113ea3afe9fe880ee2c96464,/data/vla-forge-artifacts/M02_libero40/registry/runs/20261010T030315-982cacc8515f/episodes/long_task08_episode03_attempt1/episode.json,3b6f56c4af573266906aefd1fecabfbd18d1ae5d6f6f7f59030e548edc592c45,
long,libero_10,8,KITCHEN_SCENE8_put_both_moka_pots_on_the_stove,put both moka pots on the stove,4,20261010T030315-982cacc8515f,4,85084,1,complete,False,timeout,520,520,50,50,relative,31d453f7edd78c839a8bbc39744a292686daf0de,9a9f6413e42c0f332fccbce9a0dc796af2790f82cf002f791cdbf7e01e1afca8,a1aaacb7f6cd6ee5fb43120f673cebb0cfea7dd4,0debc5875349eebbd1949e88af2ad51a3f9165d1e18f7fa65513285b80c695d5,"{""observation.images.camera1"": [1, 3, 256, 256], ""observation.images.camera2"": [1, 3, 256, 256], ""observation.language.attention_mask"": [1, 48], ""observation.language.tokens"": [1, 48], ""observation.state"": [1, 8]}",8.56483059423077,2.7547406999999984,316.5481776363637,116.4487764689984,964068864,1002438656,/data/vla-forge-artifacts/M02_libero40/registry/runs/20261010T030315-982cacc8515f/videos/long_task08_episode04_attempt1.mp4,de474df14ef1c3b4740ddfad1db8f356f79da6d980bb3ba08dfe01d5b8753102,"image:left,image2:right",/data/vla-forge-artifacts/M02_libero40/registry/runs/20261010T030315-982cacc8515f/rollout-e5694175e64b3a05/trajectory.npz,52fabb18ded8b01ce3786b9f054fd537fc1e7bd0575eb876b0f5c756645f7546,/data/vla-forge-artifacts/M02_libero40/registry/runs/20261010T030315-982cacc8515f/episodes/long_task08_episode04_attempt1/action_trace.json,4106dd8734a387fcd47b801fca2aa86a7dfefedadf8415452281b90613f6bf09,/data/vla-forge-artifacts/M02_libero40/registry/runs/20261010T030315-982cacc8515f/episodes/long_task08_episode04_attempt1/episode.json,2713e55f160ebf7b6f8286ae9f1c8cebaf82835d0de63972076f900790bc47da,
long,libero_10,8,KITCHEN_SCENE8_put_both_moka_pots_on_the_stove,put both moka pots on the stove,5,20261010T030315-982cacc8515f,5,85085,1,complete,False,timeout,520,520,50,50,relative,31d453f7edd78c839a8bbc39744a292686daf0de,9a9f6413e42c0f332fccbce9a0dc796af2790f82cf002f791cdbf7e01e1afca8,a1aaacb7f6cd6ee5fb43120f673cebb0cfea7dd4,0debc5875349eebbd1949e88af2ad51a3f9165d1e18f7fa65513285b80c695d5,"{""observation.images.camera1"": [1, 3, 256, 256], ""observation.images.camera2"": [1, 3, 256, 256], ""observation.language.attention_mask"": [1, 48], ""observation.language.tokens"": [1, 48], ""observation.state"": [1, 8]}",8.420893836538461,2.596249,309.51419999999996,115.48700279699551,964068864,1002438656,/data/vla-forge-artifacts/M02_libero40/registry/runs/20261010T030315-982cacc8515f/videos/long_task08_episode05_attempt1.mp4,55013e7d86e9020f119a9a4159c66f5456aeb3a10ca66027b66ccbe083b922ea,"image:left,image2:right",/data/vla-forge-artifacts/M02_libero40/registry/runs/20261010T030315-982cacc8515f/rollout-a5ebd55065c6fbca/trajectory.npz,ca6c3f9f5638bca5d881e1b74887eadc6f28206ae7d1860b6c619d65d349e2d7,/data/vla-forge-artifacts/M02_libero40/registry/runs/20261010T030315-982cacc8515f/episodes/long_task08_episode05_attempt1/action_trace.json,2aa31cc4082a699e06b0133c053e571391a20fc17fc45cf4df9e7f5408e7557c,/data/vla-forge-artifacts/M02_libero40/registry/runs/20261010T030315-982cacc8515f/episodes/long_task08_episode05_attempt1/episode.json,71ed000aeedc579ff6070db1b28f024b812e6ac9e795cafa6a54fb55939b6844,
long,libero_10,8,KITCHEN_SCENE8_put_both_moka_pots_on_the_stove,put both moka pots on the stove,6,20261010T030315-982cacc8515f,6,85086,1,complete,True,success,403,520,50,50,relative,31d453f7edd78c839a8bbc39744a292686daf0de,9a9f6413e42c0f332fccbce9a0dc796af2790f82cf002f791cdbf7e01e1afca8,a1aaacb7f6cd6ee5fb43120f673cebb0cfea7dd4,0debc5875349eebbd1949e88af2ad51a3f9165d1e18f7fa65513285b80c695d5,"{""observation.images.camera1"": [1, 3, 256, 256], ""observation.images.camera2"": [1, 3, 256, 256], ""observation.language.attention_mask"": [1, 48], ""observation.language.tokens"": [1, 48], ""observation.state"": [1, 8]}",8.856842151364765,2.7756133,310.99380377777777,91.77161697300471,964068864,1002438656,/data/vla-forge-artifacts/M02_libero40/registry/runs/20261010T030315-982cacc8515f/videos/long_task08_episode06_attempt1.mp4,5f44c54c9226f184c1b276e31574b31ba8799c8ccc54cfffb474b867e86633b2,"image:left,image2:right",/data/vla-forge-artifacts/M02_libero40/registry/runs/20261010T030315-982cacc8515f/rollout-da1598ec27b0c3ca/trajectory.npz,d0d226a035ae7c3075d386e2b038fdaa8c58acb223835a0a028ea32c41a1ada1,/data/vla-forge-artifacts/M02_libero40/registry/runs/20261010T030315-982cacc8515f/episodes/long_task08_episode06_attempt1/action_trace.json,3ef157798c0501b22da50793fc1ea137f9060863ad6f8e929b14b98264ee289d,/data/vla-forge-artifacts/M02_libero40/registry/runs/20261010T030315-982cacc8515f/episodes/long_task08_episode06_attempt1/episode.json,75e3052c1501982cfc23423773a6848a2446398fc83f35b3e3910802772dd836,
long,libero_10,8,KITCHEN_SCENE8_put_both_moka_pots_on_the_stove,put both moka pots on the stove,7,20261010T030315-982cacc8515f,7,85087,1,complete,False,timeout,520,520,50,50,relative,31d453f7edd78c839a8bbc39744a292686daf0de,9a9f6413e42c0f332fccbce9a0dc796af2790f82cf002f791cdbf7e01e1afca8,a1aaacb7f6cd6ee5fb43120f673cebb0cfea7dd4,0debc5875349eebbd1949e88af2ad51a3f9165d1e18f7fa65513285b80c695d5,"{""observation.images.camera1"": [1, 3, 256, 256], ""observation.images.camera2"": [1, 3, 256, 256], ""observation.language.attention_mask"": [1, 48], ""observation.language.tokens"": [1, 48], ""observation.state"": [1, 8]}",8.338984478846156,2.8209823499999995,304.93883781818187,116.59905817000254,964068864,1002438656,/data/vla-forge-artifacts/M02_libero40/registry/runs/20261010T030315-982cacc8515f/videos/long_task08_episode07_attempt1.mp4,ee9b758c6f3031c0f8e76efaee392967db5b9f3db90be4d2c950cc4201e4a288,"image:left,image2:right",/data/vla-forge-artifacts/M02_libero40/registry/runs/20261010T030315-982cacc8515f/rollout-a2a23db1b0aafd76/trajectory.npz,bc481081b533caed5c6d838ea244264f4a09d783a43ca092d914d0ce4231362f,/data/vla-forge-artifacts/M02_libero40/registry/runs/20261010T030315-982cacc8515f/episodes/long_task08_episode07_attempt1/action_trace.json,eb930d00458f616f6c5800f95dccaae968fb0e17a57f890db75e81ff7ae0385e,/data/vla-forge-artifacts/M02_libero40/registry/runs/20261010T030315-982cacc8515f/episodes/long_task08_episode07_attempt1/episode.json,c198be81e501fcf5a8cee740b42b80571070d63fc13dcb8870b62fbbd8fd1ca1,
long,libero_10,8,KITCHEN_SCENE8_put_both_moka_pots_on_the_stove,put both moka pots on the stove,8,20261010T030315-982cacc8515f,8,85088,1,complete,False,timeout,520,520,50,50,relative,31d453f7edd78c839a8bbc39744a292686daf0de,9a9f6413e42c0f332fccbce9a0dc796af2790f82cf002f791cdbf7e01e1afca8,a1aaacb7f6cd6ee5fb43120f673cebb0cfea7dd4,0debc5875349eebbd1949e88af2ad51a3f9165d1e18f7fa65513285b80c695d5,"{""observation.images.camera1"": [1, 3, 256, 256], ""observation.images.camera2"": [1, 3, 256, 256], ""observation.language.attention_mask"": [1, 48], ""observation.language.tokens"": [1, 48], ""observation.state"": [1, 8]}",8.472068267307693,2.689626599999999,311.3131345454546,115.3346491820048,964068864,1002438656,/data/vla-forge-artifacts/M02_libero40/registry/runs/20261010T030315-982cacc8515f/videos/long_task08_episode08_attempt1.mp4,3547ac6b593c379ad8cfc0e04e6f51d885dfcf0273aee6549309998bf508801d,"image:left,image2:right",/data/vla-forge-artifacts/M02_libero40/registry/runs/20261010T030315-982cacc8515f/rollout-348c8f7206a784f1/trajectory.npz,d74c03a92cd346fa7e37f6a2b2091180841eec9fd625c151aef396d748710e9f,/data/vla-forge-artifacts/M02_libero40/registry/runs/20261010T030315-982cacc8515f/episodes/long_task08_episode08_attempt1/action_trace.json,3d9a8bbd755261ffffa46621c77f1d70607f777d979d474b2e3a9f312354fb27,/data/vla-forge-artifacts/M02_libero40/registry/runs/20261010T030315-982cacc8515f/episodes/long_task08_episode08_attempt1/episode.json,ec68af242c3c0da333633afdde33af29b8d76bed8e18bdd67130afadd34042cb,
long,libero_10,8,KITCHEN_SCENE8_put_both_moka_pots_on_the_stove,put both moka pots on the stove,9,20261010T030315-982cacc8515f,9,85089,1,complete,False,timeout,520,520,50,50,relative,31d453f7edd78c839a8bbc39744a292686daf0de,9a9f6413e42c0f332fccbce9a0dc796af2790f82cf002f791cdbf7e01e1afca8,a1aaacb7f6cd6ee5fb43120f673cebb0cfea7dd4,0debc5875349eebbd1949e88af2ad51a3f9165d1e18f7fa65513285b80c695d5,"{""observation.images.camera1"": [1, 3, 256, 256], ""observation.images.camera2"": [1, 3, 256, 256], ""observation.language.attention_mask"": [1, 48], ""observation.language.tokens"": [1, 48], ""observation.state"": [1, 8]}",8.49514444423077,2.674733749999999,311.216991,115.87459985500027,964068864,1002438656,/data/vla-forge-artifacts/M02_libero40/registry/runs/20261010T030315-982cacc8515f/videos/long_task08_episode09_attempt1.mp4,fb94dab2a59b53442129c86d7517e42eab664b871e2701d79935874248f038c4,"image:left,image2:right",/data/vla-forge-artifacts/M02_libero40/registry/runs/20261010T030315-982cacc8515f/rollout-d3518f0c94ab3450/trajectory.npz,711ad1e74a15bb1769392c9f9382a909a19193ea766092066469258999463905,/data/vla-forge-artifacts/M02_libero40/registry/runs/20261010T030315-982cacc8515f/episodes/long_task08_episode09_attempt1/action_trace.json,1796f8ab97fa7d498af49277c10d0cba8ccccf51570b21fe91013f3caa47d122,/data/vla-forge-artifacts/M02_libero40/registry/runs/20261010T030315-982cacc8515f/episodes/long_task08_episode09_attempt1/episode.json,4f82060f13c7e5fb7fdbe53f05e874b3732cee644ab36bb61daaf014d96980e6,
long,libero_10,9,KITCHEN_SCENE6_put_the_yellow_and_white_mug_in_the_microwave_and_close_it,put the yellow and white mug in the microwave and close it,0,20261010T030315-982cacc8515f,0,85090,1,complete,True,success,260,520,50,50,relative,31d453f7edd78c839a8bbc39744a292686daf0de,9a9f6413e42c0f332fccbce9a0dc796af2790f82cf002f791cdbf7e01e1afca8,a1aaacb7f6cd6ee5fb43120f673cebb0cfea7dd4,0debc5875349eebbd1949e88af2ad51a3f9165d1e18f7fa65513285b80c695d5,"{""observation.images.camera1"": [1, 3, 256, 256], ""observation.images.camera2"": [1, 3, 256, 256], ""observation.language.attention_mask"": [1, 48], ""observation.language.tokens"": [1, 48], ""observation.state"": [1, 8]}",9.265949223076923,2.6821506499999996,320.2582171666667,37.310542156003066,964068864,1002438656,/data/vla-forge-artifacts/M02_libero40/registry/runs/20261010T030315-982cacc8515f/videos/long_task09_episode00_attempt1.mp4,79aeee1118b0f4aa3307b6b610d67a0a5999a8a3ff5286c34661946b50219f1d,"image:left,image2:right",/data/vla-forge-artifacts/M02_libero40/registry/runs/20261010T030315-982cacc8515f/rollout-1df07167ccde3308/trajectory.npz,1e421eb99e29a205c57ee6b9008d2f9beef8ffcc33ae30a24ed299da00e4faf9,/data/vla-forge-artifacts/M02_libero40/registry/runs/20261010T030315-982cacc8515f/episodes/long_task09_episode00_attempt1/action_trace.json,637c3dd27db66ad15b44a8f696f9e2ad4dd837048b25755c59cf4c67d9328c61,/data/vla-forge-artifacts/M02_libero40/registry/runs/20261010T030315-982cacc8515f/episodes/long_task09_episode00_attempt1/episode.json,c3cc6a22b7b68d3a4e50d494cd9c83edb97286c0cb418b57425122162b716be7,
long,libero_10,9,KITCHEN_SCENE6_put_the_yellow_and_white_mug_in_the_microwave_and_close_it,put the yellow and white mug in the microwave and close it,1,20261010T030315-982cacc8515f,1,85091,1,complete,False,timeout,520,520,50,50,relative,31d453f7edd78c839a8bbc39744a292686daf0de,9a9f6413e42c0f332fccbce9a0dc796af2790f82cf002f791cdbf7e01e1afca8,a1aaacb7f6cd6ee5fb43120f673cebb0cfea7dd4,0debc5875349eebbd1949e88af2ad51a3f9165d1e18f7fa65513285b80c695d5,"{""observation.images.camera1"": [1, 3, 256, 256], ""observation.images.camera2"": [1, 3, 256, 256], ""observation.language.attention_mask"": [1, 48], ""observation.language.tokens"": [1, 48], ""observation.state"": [1, 8]}",8.292926921153846,2.6795735499999993,302.33707463636364,72.7096069629988,964068864,1002438656,/data/vla-forge-artifacts/M02_libero40/registry/runs/20261010T030315-982cacc8515f/videos/long_task09_episode01_attempt1.mp4,ff6625ab374b83bbd7726e5186e52f3bab94475279691e596819ac916e504137,"image:left,image2:right",/data/vla-forge-artifacts/M02_libero40/registry/runs/20261010T030315-982cacc8515f/rollout-4e012e9b2f586f93/trajectory.npz,92273d4e2a8f3cd57c2d8bef44ab78cdf115b91f8fd8a67466fb1a4fdfa672a7,/data/vla-forge-artifacts/M02_libero40/registry/runs/20261010T030315-982cacc8515f/episodes/long_task09_episode01_attempt1/action_trace.json,1c5fc11be1b599c61d0f585a0f7be766fd6a0eca49e572e8868088ca35bab8bd,/data/vla-forge-artifacts/M02_libero40/registry/runs/20261010T030315-982cacc8515f/episodes/long_task09_episode01_attempt1/episode.json,d8ac4a185895645d318f6ddba0c6c428615161900451a6e993f1b276d538d3b3,
long,libero_10,9,KITCHEN_SCENE6_put_the_yellow_and_white_mug_in_the_microwave_and_close_it,put the yellow and white mug in the microwave and close it,2,20261010T030315-982cacc8515f,2,85092,1,complete,True,success,254,520,50,50,relative,31d453f7edd78c839a8bbc39744a292686daf0de,9a9f6413e42c0f332fccbce9a0dc796af2790f82cf002f791cdbf7e01e1afca8,a1aaacb7f6cd6ee5fb43120f673cebb0cfea7dd4,0debc5875349eebbd1949e88af2ad51a3f9165d1e18f7fa65513285b80c695d5,"{""observation.images.camera1"": [1, 3, 256, 256], ""observation.images.camera2"": [1, 3, 256, 256], ""observation.language.attention_mask"": [1, 48], ""observation.language.tokens"": [1, 48], ""observation.state"": [1, 8]}",9.349770988188975,2.7251656499999997,316.06908883333335,36.33636826500151,964068864,1002438656,/data/vla-forge-artifacts/M02_libero40/registry/runs/20261010T030315-982cacc8515f/videos/long_task09_episode02_attempt1.mp4,e2801423bd661d1b9cc0b1ad8883e084e981d5ad24a054676c9835b119912fe1,"image:left,image2:right",/data/vla-forge-artifacts/M02_libero40/registry/runs/20261010T030315-982cacc8515f/rollout-3f925f65223919a4/trajectory.npz,c966973a51e2b9f71161b6a96cb5b9180b370773560acd4be9b99cd475053907,/data/vla-forge-artifacts/M02_libero40/registry/runs/20261010T030315-982cacc8515f/episodes/long_task09_episode02_attempt1/action_trace.json,bf6a1467280c915fe9bbc440b1218f3a76ad8d843659efccf5b72fb8d4bb1461,/data/vla-forge-artifacts/M02_libero40/registry/runs/20261010T030315-982cacc8515f/episodes/long_task09_episode02_attempt1/episode.json,7ef99c9a0d64a86ed7feda839c9b62a54771da3009c8f85fa02fef4eb91a9e60,
long,libero_10,9,KITCHEN_SCENE6_put_the_yellow_and_white_mug_in_the_microwave_and_close_it,put the yellow and white mug in the microwave and close it,3,20261010T030315-982cacc8515f,3,85093,1,complete,True,success,258,520,50,50,relative,31d453f7edd78c839a8bbc39744a292686daf0de,9a9f6413e42c0f332fccbce9a0dc796af2790f82cf002f791cdbf7e01e1afca8,a1aaacb7f6cd6ee5fb43120f673cebb0cfea7dd4,0debc5875349eebbd1949e88af2ad51a3f9165d1e18f7fa65513285b80c695d5,"{""observation.images.camera1"": [1, 3, 256, 256], ""observation.images.camera2"": [1, 3, 256, 256], ""observation.language.attention_mask"": [1, 48], ""observation.language.tokens"": [1, 48], ""observation.state"": [1, 8]}",8.767095779069768,2.299626849999999,298.33863349999996,35.31979015700199,964068864,1002438656,/data/vla-forge-artifacts/M02_libero40/registry/runs/20261010T030315-982cacc8515f/videos/long_task09_episode03_attempt1.mp4,91eb5105517f0bb25ef7761a3847a2917c61733019f54c5fa240eafbaca47d42,"image:left,image2:right",/data/vla-forge-artifacts/M02_libero40/registry/runs/20261010T030315-982cacc8515f/rollout-3fd778dd99a2327e/trajectory.npz,593065b4a0912a2289e944df4e3969c7d558a4a7639b5bad3f0c513be2bc165c,/data/vla-forge-artifacts/M02_libero40/registry/runs/20261010T030315-982cacc8515f/episodes/long_task09_episode03_attempt1/action_trace.json,753bf8c99eabd6de943ac8e6256a80765b7e36b3773c2fbbb7206b60a2194e99,/data/vla-forge-artifacts/M02_libero40/registry/runs/20261010T030315-982cacc8515f/episodes/long_task09_episode03_attempt1/episode.json,04021b262c9b59ea03ccef9088e04deb2f87eb6efbbf9f50653ba5ebe043b521,
long,libero_10,9,KITCHEN_SCENE6_put_the_yellow_and_white_mug_in_the_microwave_and_close_it,put the yellow and white mug in the microwave and close it,4,20261010T030315-982cacc8515f,4,85094,1,complete,True,success,261,520,50,50,relative,31d453f7edd78c839a8bbc39744a292686daf0de,9a9f6413e42c0f332fccbce9a0dc796af2790f82cf002f791cdbf7e01e1afca8,a1aaacb7f6cd6ee5fb43120f673cebb0cfea7dd4,0debc5875349eebbd1949e88af2ad51a3f9165d1e18f7fa65513285b80c695d5,"{""observation.images.camera1"": [1, 3, 256, 256], ""observation.images.camera2"": [1, 3, 256, 256], ""observation.language.attention_mask"": [1, 48], ""observation.language.tokens"": [1, 48], ""observation.state"": [1, 8]}",9.041803057471267,2.697391,310.3327175,37.408213422997505,964068864,1002438656,/data/vla-forge-artifacts/M02_libero40/registry/runs/20261010T030315-982cacc8515f/videos/long_task09_episode04_attempt1.mp4,351d20d716ea6a289f45c375079f5e6d935021e98567e33cfb61d98c5cb1a126,"image:left,image2:right",/data/vla-forge-artifacts/M02_libero40/registry/runs/20261010T030315-982cacc8515f/rollout-c29acd15c22fa540/trajectory.npz,d28aebd75a16784a67922d9c56f5285941c4b2f15da3cde41bb8fbe7691505a7,/data/vla-forge-artifacts/M02_libero40/registry/runs/20261010T030315-982cacc8515f/episodes/long_task09_episode04_attempt1/action_trace.json,cf9f2d5af730fddc8f5766931ea60c537a30bbe70b5b90b8c96703496ea5d17d,/data/vla-forge-artifacts/M02_libero40/registry/runs/20261010T030315-982cacc8515f/episodes/long_task09_episode04_attempt1/episode.json,b393131f8f5e9833e9f97218cbe5957a073a940ef18107e20a20e142ab38c948,
long,libero_10,9,KITCHEN_SCENE6_put_the_yellow_and_white_mug_in_the_microwave_and_close_it,put the yellow and white mug in the microwave and close it,5,20261010T030315-982cacc8515f,5,85095,1,complete,True,success,258,520,50,50,relative,31d453f7edd78c839a8bbc39744a292686daf0de,9a9f6413e42c0f332fccbce9a0dc796af2790f82cf002f791cdbf7e01e1afca8,a1aaacb7f6cd6ee5fb43120f673cebb0cfea7dd4,0debc5875349eebbd1949e88af2ad51a3f9165d1e18f7fa65513285b80c695d5,"{""observation.images.camera1"": [1, 3, 256, 256], ""observation.images.camera2"": [1, 3, 256, 256], ""observation.language.attention_mask"": [1, 48], ""observation.language.tokens"": [1, 48], ""observation.state"": [1, 8]}",8.970916724806202,2.8111669999999993,304.536265,36.702260108999326,964068864,1002438656,/data/vla-forge-artifacts/M02_libero40/registry/runs/20261010T030315-982cacc8515f/videos/long_task09_episode05_attempt1.mp4,4d5db60f4455f27de858cd464d4f7b5e2c4e79b9d14e1a1a78d710e042a17966,"image:left,image2:right",/data/vla-forge-artifacts/M02_libero40/registry/runs/20261010T030315-982cacc8515f/rollout-7b29b7dc38ab9f29/trajectory.npz,791c9b3c2e30a73f0305d6ce499713f076eb94ba674848f1824177e3f5010841,/data/vla-forge-artifacts/M02_libero40/registry/runs/20261010T030315-982cacc8515f/episodes/long_task09_episode05_attempt1/action_trace.json,2efc17404043e5413af60c18f2682a6f909a0e2d53dc407fe6afabf6a2fa729f,/data/vla-forge-artifacts/M02_libero40/registry/runs/20261010T030315-982cacc8515f/episodes/long_task09_episode05_attempt1/episode.json,4ec4be06a50ebabea57a531d4ab7269b014d4721b8d773268d6e537ef887a4e9,
long,libero_10,9,KITCHEN_SCENE6_put_the_yellow_and_white_mug_in_the_microwave_and_close_it,put the yellow and white mug in the microwave and close it,6,20261010T030315-982cacc8515f,6,85096,1,complete,True,success,250,520,50,50,relative,31d453f7edd78c839a8bbc39744a292686daf0de,9a9f6413e42c0f332fccbce9a0dc796af2790f82cf002f791cdbf7e01e1afca8,a1aaacb7f6cd6ee5fb43120f673cebb0cfea7dd4,0debc5875349eebbd1949e88af2ad51a3f9165d1e18f7fa65513285b80c695d5,"{""observation.images.camera1"": [1, 3, 256, 256], ""observation.images.camera2"": [1, 3, 256, 256], ""observation.language.attention_mask"": [1, 48], ""observation.language.tokens"": [1, 48], ""observation.state"": [1, 8]}",8.124973984,2.7887296,310.48160040000005,36.09011093899608,964068864,1002438656,/data/vla-forge-artifacts/M02_libero40/registry/runs/20261010T030315-982cacc8515f/videos/long_task09_episode06_attempt1.mp4,d067dcdf66e3dd3d8689068a28abd449a9b279ec2e678c5089d6afec424624cb,"image:left,image2:right",/data/vla-forge-artifacts/M02_libero40/registry/runs/20261010T030315-982cacc8515f/rollout-adb2cb2efa1de4e6/trajectory.npz,0abf276a14adb6efcf02e8e9bd5168897537d64ef4be1bd852ed78eb4089691f,/data/vla-forge-artifacts/M02_libero40/registry/runs/20261010T030315-982cacc8515f/episodes/long_task09_episode06_attempt1/action_trace.json,3946124c15612065ce08607126cff8df0c1770e079afbb2cb2a1d2d553872b9a,/data/vla-forge-artifacts/M02_libero40/registry/runs/20261010T030315-982cacc8515f/episodes/long_task09_episode06_attempt1/episode.json,528d5e48653fb2d5d928307b14ddedb401415458ed8e09ecf6e953cdadfaee3c,
long,libero_10,9,KITCHEN_SCENE6_put_the_yellow_and_white_mug_in_the_microwave_and_close_it,put the yellow and white mug in the microwave and close it,7,20261010T030315-982cacc8515f,7,85097,1,complete,True,success,272,520,50,50,relative,31d453f7edd78c839a8bbc39744a292686daf0de,9a9f6413e42c0f332fccbce9a0dc796af2790f82cf002f791cdbf7e01e1afca8,a1aaacb7f6cd6ee5fb43120f673cebb0cfea7dd4,0debc5875349eebbd1949e88af2ad51a3f9165d1e18f7fa65513285b80c695d5,"{""observation.images.camera1"": [1, 3, 256, 256], ""observation.images.camera2"": [1, 3, 256, 256], ""observation.language.attention_mask"": [1, 48], ""observation.language.tokens"": [1, 48], ""observation.state"": [1, 8]}",8.575618158088234,2.90724195,302.07926483333335,38.71306937599729,964068864,1002438656,/data/vla-forge-artifacts/M02_libero40/registry/runs/20261010T030315-982cacc8515f/videos/long_task09_episode07_attempt1.mp4,4f8f6c029a83229436fa4ac93d37d357d6aec58ebecb3c0725e89d274ff2a5d0,"image:left,image2:right",/data/vla-forge-artifacts/M02_libero40/registry/runs/20261010T030315-982cacc8515f/rollout-c8b858b3f55d5faa/trajectory.npz,d5f2c213c3f4a0959b2830e0c556cb43df9967eda14d7fb1b3735489999d7283,/data/vla-forge-artifacts/M02_libero40/registry/runs/20261010T030315-982cacc8515f/episodes/long_task09_episode07_attempt1/action_trace.json,0f7f05b8d755722e7e17644c4e19cf32d57a92a47bc67a013c4be345612cc01c,/data/vla-forge-artifacts/M02_libero40/registry/runs/20261010T030315-982cacc8515f/episodes/long_task09_episode07_attempt1/episode.json,1c2768dbee7da4a94b3e162095ee7701eb89b3435feb31b005ba227dad0b862c,
long,libero_10,9,KITCHEN_SCENE6_put_the_yellow_and_white_mug_in_the_microwave_and_close_it,put the yellow and white mug in the microwave and close it,8,20261010T030315-982cacc8515f,8,85098,1,complete,False,timeout,520,520,50,50,relative,31d453f7edd78c839a8bbc39744a292686daf0de,9a9f6413e42c0f332fccbce9a0dc796af2790f82cf002f791cdbf7e01e1afca8,a1aaacb7f6cd6ee5fb43120f673cebb0cfea7dd4,0debc5875349eebbd1949e88af2ad51a3f9165d1e18f7fa65513285b80c695d5,"{""observation.images.camera1"": [1, 3, 256, 256], ""observation.images.camera2"": [1, 3, 256, 256], ""observation.language.attention_mask"": [1, 48], ""observation.language.tokens"": [1, 48], ""observation.state"": [1, 8]}",8.320798740384616,2.74999535,303.5137257272727,72.60282759900292,964068864,1002438656,/data/vla-forge-artifacts/M02_libero40/registry/runs/20261010T030315-982cacc8515f/videos/long_task09_episode08_attempt1.mp4,e6c80e44adbfe0ffb8ffef47e4fbb8881d4b971587248952dbf82d95162fae99,"image:left,image2:right",/data/vla-forge-artifacts/M02_libero40/registry/runs/20261010T030315-982cacc8515f/rollout-58dcf2e79e8aefd4/trajectory.npz,dfc43f3431868aa05ac4ada1d438d998373bb238e8beeca20367429d05a1d0b7,/data/vla-forge-artifacts/M02_libero40/registry/runs/20261010T030315-982cacc8515f/episodes/long_task09_episode08_attempt1/action_trace.json,2a367bd9c331ff181343f6da3ea377c6ad66e71d123c68c1b1bbd2ede14cb798,/data/vla-forge-artifacts/M02_libero40/registry/runs/20261010T030315-982cacc8515f/episodes/long_task09_episode08_attempt1/episode.json,206aa0f2f8e9b7f3f05c7cf3ce26931678748538b9d65a27f4ca8f090ee5cc3f,
long,libero_10,9,KITCHEN_SCENE6_put_the_yellow_and_white_mug_in_the_microwave_and_close_it,put the yellow and white mug in the microwave and close it,9,20261010T030315-982cacc8515f,9,85099,1,complete,False,timeout,520,520,50,50,relative,31d453f7edd78c839a8bbc39744a292686daf0de,9a9f6413e42c0f332fccbce9a0dc796af2790f82cf002f791cdbf7e01e1afca8,a1aaacb7f6cd6ee5fb43120f673cebb0cfea7dd4,0debc5875349eebbd1949e88af2ad51a3f9165d1e18f7fa65513285b80c695d5,"{""observation.images.camera1"": [1, 3, 256, 256], ""observation.images.camera2"": [1, 3, 256, 256], ""observation.language.attention_mask"": [1, 48], ""observation.language.tokens"": [1, 48], ""observation.state"": [1, 8]}",8.373156944230768,2.4638638999999967,307.5014139090909,72.73281609399419,964068864,1002438656,/data/vla-forge-artifacts/M02_libero40/registry/runs/20261010T030315-982cacc8515f/videos/long_task09_episode09_attempt1.mp4,740d2369be2e49955ee36a735ac5c845104acddb4a2d5eec2df9cac13fc1d854,"image:left,image2:right",/data/vla-forge-artifacts/M02_libero40/registry/runs/20261010T030315-982cacc8515f/rollout-bb1bc1d5027a7343/trajectory.npz,91e32c2a295657618d259b49fc41698001e07825421a8edb92fcae95af041c92,/data/vla-forge-artifacts/M02_libero40/registry/runs/20261010T030315-982cacc8515f/episodes/long_task09_episode09_attempt1/action_trace.json,ac9a31820c935c67f19fb9d3c3d2846d520478f404ee5fd544d9ea39218e3fd1,/data/vla-forge-artifacts/M02_libero40/registry/runs/20261010T030315-982cacc8515f/episodes/long_task09_episode09_attempt1/episode.json,7967c2731654af1a1652c9df7b4af39948817f433c84880605ab74848fc762e0,
object,libero_object,0,pick_up_the_alphabet_soup_and_place_it_in_the_basket,pick up the alphabet soup and place it in the basket,0,20261010T030315-982cacc8515f,0,83000,1,complete,True,success,128,280,50,50,relative,31d453f7edd78c839a8bbc39744a292686daf0de,9a9f6413e42c0f332fccbce9a0dc796af2790f82cf002f791cdbf7e01e1afca8,a1aaacb7f6cd6ee5fb43120f673cebb0cfea7dd4,ceab5341cd6ecd1fdc93bed6135ce348e27fa89f3a77b47b4b5bda4015a3b478,"{""observation.images.camera1"": [1, 3, 256, 256], ""observation.images.camera2"": [1, 3, 256, 256], ""observation.language.attention_mask"": [1, 48], ""observation.language.tokens"": [1, 48], ""observation.state"": [1, 8]}",9.118761625000001,2.54205325,309.68365166666666,19.342698169995856,964068864,1002438656,/data/vla-forge-artifacts/M02_libero40/registry/runs/20261010T030315-982cacc8515f/videos/object_task00_episode00_attempt1.mp4,0908c555dec43878c5ff53e7f2a06796a4cc076183d485532caa6c7e031dab24,"image:left,image2:right",/data/vla-forge-artifacts/M02_libero40/registry/runs/20261010T030315-982cacc8515f/rollout-74e8133867b8fd69/trajectory.npz,f7753fcc4dd024358eb2cf9bce3917d6e669428bce363edb7fc59faabd22b30f,/data/vla-forge-artifacts/M02_libero40/registry/runs/20261010T030315-982cacc8515f/episodes/object_task00_episode00_attempt1/action_trace.json,ca0d5bfb00b90405a0e4d36cc0de8138896907a1e2ba87fc105a846f33a1f7cb,/data/vla-forge-artifacts/M02_libero40/registry/runs/20261010T030315-982cacc8515f/episodes/object_task00_episode00_attempt1/episode.json,0e0fb54fd3134a695a76874caa9c026e1f0132827c57fff6600bfd4558a3f73b,
object,libero_object,0,pick_up_the_alphabet_soup_and_place_it_in_the_basket,pick up the alphabet soup and place it in the basket,1,20261010T030315-982cacc8515f,1,83001,1,complete,True,success,128,280,50,50,relative,31d453f7edd78c839a8bbc39744a292686daf0de,9a9f6413e42c0f332fccbce9a0dc796af2790f82cf002f791cdbf7e01e1afca8,a1aaacb7f6cd6ee5fb43120f673cebb0cfea7dd4,ceab5341cd6ecd1fdc93bed6135ce348e27fa89f3a77b47b4b5bda4015a3b478,"{""observation.images.camera1"": [1, 3, 256, 256], ""observation.images.camera2"": [1, 3, 256, 256], ""observation.language.attention_mask"": [1, 48], ""observation.language.tokens"": [1, 48], ""observation.state"": [1, 8]}",9.054456789062499,2.987784799999999,300.5429163333333,19.71040537600493,964068864,1002438656,/data/vla-forge-artifacts/M02_libero40/registry/runs/20261010T030315-982cacc8515f/videos/object_task00_episode01_attempt1.mp4,444497431559329661ac978cea72ec7d97f478730c1ac3d430e13336fa965384,"image:left,image2:right",/data/vla-forge-artifacts/M02_libero40/registry/runs/20261010T030315-982cacc8515f/rollout-2a539b664183cf8f/trajectory.npz,7aca626d71eff00aae4b45bcd3d40ba5f4ff76bc8f55d87c06ff98f03858043c,/data/vla-forge-artifacts/M02_libero40/registry/runs/20261010T030315-982cacc8515f/episodes/object_task00_episode01_attempt1/action_trace.json,da00f3c2a1effe1a4941510345edd10e2e457a1754a75e3d848e55005aedf98e,/data/vla-forge-artifacts/M02_libero40/registry/runs/20261010T030315-982cacc8515f/episodes/object_task00_episode01_attempt1/episode.json,1788e36720ee23cd5a4392cda8d33573e4448539e8d40b893f94a81d5f84f2d8,
object,libero_object,0,pick_up_the_alphabet_soup_and_place_it_in_the_basket,pick up the alphabet soup and place it in the basket,2,20261010T030315-982cacc8515f,2,83002,1,complete,True,success,127,280,50,50,relative,31d453f7edd78c839a8bbc39744a292686daf0de,9a9f6413e42c0f332fccbce9a0dc796af2790f82cf002f791cdbf7e01e1afca8,a1aaacb7f6cd6ee5fb43120f673cebb0cfea7dd4,ceab5341cd6ecd1fdc93bed6135ce348e27fa89f3a77b47b4b5bda4015a3b478,"{""observation.images.camera1"": [1, 3, 256, 256], ""observation.images.camera2"": [1, 3, 256, 256], ""observation.language.attention_mask"": [1, 48], ""observation.language.tokens"": [1, 48], ""observation.state"": [1, 8]}",9.071095354330707,2.2318382,305.9624366666667,18.90590519199759,964068864,1002438656,/data/vla-forge-artifacts/M02_libero40/registry/runs/20261010T030315-982cacc8515f/videos/object_task00_episode02_attempt1.mp4,928898fb0417e6429ea389762d7c5eb2099801ca7a9f7956e4610d86a9a6b98c,"image:left,image2:right",/data/vla-forge-artifacts/M02_libero40/registry/runs/20261010T030315-982cacc8515f/rollout-d3986c6ab9d054e9/trajectory.npz,6f7245e7c3169df122c14410687e2cbff01ab757751074cb1f2c0895449efe2b,/data/vla-forge-artifacts/M02_libero40/registry/runs/20261010T030315-982cacc8515f/episodes/object_task00_episode02_attempt1/action_trace.json,1ff6678cc238140bf05607ed29686c08fd0759881b75d1b2661b8585fd796517,/data/vla-forge-artifacts/M02_libero40/registry/runs/20261010T030315-982cacc8515f/episodes/object_task00_episode02_attempt1/episode.json,44c5da2d2ae07364001a6bfa8110bffcc0287006d40697d1cb76f6447b2b2608,
object,libero_object,0,pick_up_the_alphabet_soup_and_place_it_in_the_basket,pick up the alphabet soup and place it in the basket,3,20261010T030315-982cacc8515f,3,83003,1,complete,False,timeout,280,280,50,50,relative,31d453f7edd78c839a8bbc39744a292686daf0de,9a9f6413e42c0f332fccbce9a0dc796af2790f82cf002f791cdbf7e01e1afca8,a1aaacb7f6cd6ee5fb43120f673cebb0cfea7dd4,ceab5341cd6ecd1fdc93bed6135ce348e27fa89f3a77b47b4b5bda4015a3b478,"{""observation.images.camera1"": [1, 3, 256, 256], ""observation.images.camera2"": [1, 3, 256, 256], ""observation.language.attention_mask"": [1, 48], ""observation.language.tokens"": [1, 48], ""observation.state"": [1, 8]}",8.431593217857143,2.5688175000000006,305.86591050000004,41.90880390899838,964068864,1002438656,/data/vla-forge-artifacts/M02_libero40/registry/runs/20261010T030315-982cacc8515f/videos/object_task00_episode03_attempt1.mp4,c04229bed9e8d3bda705ce64e78342f54f18f2f8240a06fc09d3997962f564e6,"image:left,image2:right",/data/vla-forge-artifacts/M02_libero40/registry/runs/20261010T030315-982cacc8515f/rollout-a3f4f7033e619fc7/trajectory.npz,6784714097e9c6682f320fe4204c381150c5f11a3fbf8ff6a7fb0ca5b880b243,/data/vla-forge-artifacts/M02_libero40/registry/runs/20261010T030315-982cacc8515f/episodes/object_task00_episode03_attempt1/action_trace.json,2ad9248b49e0dbefc87950d6b0934025e1aa5aee4b10eceb51fbe468106f8949,/data/vla-forge-artifacts/M02_libero40/registry/runs/20261010T030315-982cacc8515f/episodes/object_task00_episode03_attempt1/episode.json,0897492d646f53b0ed0e4f87a8131be4ddca162e3aa770da25170f993858a5d5,
object,libero_object,0,pick_up_the_alphabet_soup_and_place_it_in_the_basket,pick up the alphabet soup and place it in the basket,4,20261010T030315-982cacc8515f,4,83004,1,complete,True,success,139,280,50,50,relative,31d453f7edd78c839a8bbc39744a292686daf0de,9a9f6413e42c0f332fccbce9a0dc796af2790f82cf002f791cdbf7e01e1afca8,a1aaacb7f6cd6ee5fb43120f673cebb0cfea7dd4,ceab5341cd6ecd1fdc93bed6135ce348e27fa89f3a77b47b4b5bda4015a3b478,"{""observation.images.camera1"": [1, 3, 256, 256], ""observation.images.camera2"": [1, 3, 256, 256], ""observation.language.attention_mask"": [1, 48], ""observation.language.tokens"": [1, 48], ""observation.state"": [1, 8]}",8.645826661870503,2.8574733,308.68453666666665,21.656911204998323,964068864,1002438656,/data/vla-forge-artifacts/M02_libero40/registry/runs/20261010T030315-982cacc8515f/videos/object_task00_episode04_attempt1.mp4,a90a72d4e434fbeac6ba0630d443cad679e0474d0442717f5dcf5bf6f2899a53,"image:left,image2:right",/data/vla-forge-artifacts/M02_libero40/registry/runs/20261010T030315-982cacc8515f/rollout-10c412c20031b1f1/trajectory.npz,fd419c59a1f8d4298f8bfaf5435a4517c6c5a2a5e535de5ee5781ce55d56f478,/data/vla-forge-artifacts/M02_libero40/registry/runs/20261010T030315-982cacc8515f/episodes/object_task00_episode04_attempt1/action_trace.json,f97fb28446735a40d771ee0a471d89e6c54a4d809bd66fcc04aa386ffe2a821d,/data/vla-forge-artifacts/M02_libero40/registry/runs/20261010T030315-982cacc8515f/episodes/object_task00_episode04_attempt1/episode.json,02be137e844c660bf2c617b1450ee52bc6fe38b7ba4aaee424225c66df0a0cd0,
object,libero_object,0,pick_up_the_alphabet_soup_and_place_it_in_the_basket,pick up the alphabet soup and place it in the basket,5,20261010T030315-982cacc8515f,5,83005,1,complete,False,timeout,280,280,50,50,relative,31d453f7edd78c839a8bbc39744a292686daf0de,9a9f6413e42c0f332fccbce9a0dc796af2790f82cf002f791cdbf7e01e1afca8,a1aaacb7f6cd6ee5fb43120f673cebb0cfea7dd4,ceab5341cd6ecd1fdc93bed6135ce348e27fa89f3a77b47b4b5bda4015a3b478,"{""observation.images.camera1"": [1, 3, 256, 256], ""observation.images.camera2"": [1, 3, 256, 256], ""observation.language.attention_mask"": [1, 48], ""observation.language.tokens"": [1, 48], ""observation.state"": [1, 8]}",8.416722067857144,2.7199862500000007,303.3183661666667,40.958089598003426,964068864,1002438656,/data/vla-forge-artifacts/M02_libero40/registry/runs/20261010T030315-982cacc8515f/videos/object_task00_episode05_attempt1.mp4,134c0df6be181d33a7e527d447c18b4fb70c83d2fb816360bd71755233059f45,"image:left,image2:right",/data/vla-forge-artifacts/M02_libero40/registry/runs/20261010T030315-982cacc8515f/rollout-33a5699be7b3945a/trajectory.npz,9a6366f642c9502f5122ee812352c21ad87fb10fa750a588a25b8f59a49e7fae,/data/vla-forge-artifacts/M02_libero40/registry/runs/20261010T030315-982cacc8515f/episodes/object_task00_episode05_attempt1/action_trace.json,a94760d0e077ef060bd67d08f451cbe6e35a8751eaaeb9191463551308f7be95,/data/vla-forge-artifacts/M02_libero40/registry/runs/20261010T030315-982cacc8515f/episodes/object_task00_episode05_attempt1/episode.json,86c0a533665bc37a2b769324ac48d6e7051f75bed56d6ffbcc42c24c83b42de7,
object,libero_object,0,pick_up_the_alphabet_soup_and_place_it_in_the_basket,pick up the alphabet soup and place it in the basket,6,20261010T030315-982cacc8515f,6,83006,1,complete,True,success,142,280,50,50,relative,31d453f7edd78c839a8bbc39744a292686daf0de,9a9f6413e42c0f332fccbce9a0dc796af2790f82cf002f791cdbf7e01e1afca8,a1aaacb7f6cd6ee5fb43120f673cebb0cfea7dd4,ceab5341cd6ecd1fdc93bed6135ce348e27fa89f3a77b47b4b5bda4015a3b478,"{""observation.images.camera1"": [1, 3, 256, 256], ""observation.images.camera2"": [1, 3, 256, 256], ""observation.language.attention_mask"": [1, 48], ""observation.language.tokens"": [1, 48], ""observation.state"": [1, 8]}",8.367159014084507,2.509962099999997,306.501738,20.781589494996297,964068864,1002438656,/data/vla-forge-artifacts/M02_libero40/registry/runs/20261010T030315-982cacc8515f/videos/object_task00_episode06_attempt1.mp4,504439becea6429e3336f95e7e894836977a3ea6d7dae5776f62572edd4a0259,"image:left,image2:right",/data/vla-forge-artifacts/M02_libero40/registry/runs/20261010T030315-982cacc8515f/rollout-8a83d7053e154797/trajectory.npz,c4983beec89b746eb893430560108fab2d5c0ee323441acd47c78a3087dca721,/data/vla-forge-artifacts/M02_libero40/registry/runs/20261010T030315-982cacc8515f/episodes/object_task00_episode06_attempt1/action_trace.json,8eed5b1d2e4bf888600e8229af47fd85a1f7b12e6f05b49356404a595e3ac8e3,/data/vla-forge-artifacts/M02_libero40/registry/runs/20261010T030315-982cacc8515f/episodes/object_task00_episode06_attempt1/episode.json,e5a9228c0862447989df7d6b2506b07a2e1294cc9ccafc565aaf797d4417769d,
object,libero_object,0,pick_up_the_alphabet_soup_and_place_it_in_the_basket,pick up the alphabet soup and place it in the basket,7,20261010T030315-982cacc8515f,7,83007,1,complete,True,success,136,280,50,50,relative,31d453f7edd78c839a8bbc39744a292686daf0de,9a9f6413e42c0f332fccbce9a0dc796af2790f82cf002f791cdbf7e01e1afca8,a1aaacb7f6cd6ee5fb43120f673cebb0cfea7dd4,ceab5341cd6ecd1fdc93bed6135ce348e27fa89f3a77b47b4b5bda4015a3b478,"{""observation.images.camera1"": [1, 3, 256, 256], ""observation.images.camera2"": [1, 3, 256, 256], ""observation.language.attention_mask"": [1, 48], ""observation.language.tokens"": [1, 48], ""observation.state"": [1, 8]}",8.629237955882353,3.116972,301.776193,20.39263916300115,964068864,1002438656,/data/vla-forge-artifacts/M02_libero40/registry/runs/20261010T030315-982cacc8515f/videos/object_task00_episode07_attempt1.mp4,528dca62815e8ddc3a4a464b9383144eb81f25a223841dff1ca863cd41ee9172,"image:left,image2:right",/data/vla-forge-artifacts/M02_libero40/registry/runs/20261010T030315-982cacc8515f/rollout-df8e472532d73f9e/trajectory.npz,430548767bb7b649d6885d2dba2144f4cb7bdd592a71959354ce57aedb0967e8,/data/vla-forge-artifacts/M02_libero40/registry/runs/20261010T030315-982cacc8515f/episodes/object_task00_episode07_attempt1/action_trace.json,6d0fadd5b4c112747ac79cbde83568897dc3a36ef39ac401d0f2817bb93c2b8b,/data/vla-forge-artifacts/M02_libero40/registry/runs/20261010T030315-982cacc8515f/episodes/object_task00_episode07_attempt1/episode.json,a0468c3c9a66fc6b3cf77eb6f719b175c9c5fd0d903464e86ee297c0d5a1e630,
object,libero_object,0,pick_up_the_alphabet_soup_and_place_it_in_the_basket,pick up the alphabet soup and place it in the basket,8,20261010T030315-982cacc8515f,8,83008,1,complete,True,success,138,280,50,50,relative,31d453f7edd78c839a8bbc39744a292686daf0de,9a9f6413e42c0f332fccbce9a0dc796af2790f82cf002f791cdbf7e01e1afca8,a1aaacb7f6cd6ee5fb43120f673cebb0cfea7dd4,ceab5341cd6ecd1fdc93bed6135ce348e27fa89f3a77b47b4b5bda4015a3b478,"{""observation.images.camera1"": [1, 3, 256, 256], ""observation.images.camera2"": [1, 3, 256, 256], ""observation.language.attention_mask"": [1, 48], ""observation.language.tokens"": [1, 48], ""observation.state"": [1, 8]}",8.62084781884058,3.1752885,305.501133,20.69675147900125,964068864,1002438656,/data/vla-forge-artifacts/M02_libero40/registry/runs/20261010T030315-982cacc8515f/videos/object_task00_episode08_attempt1.mp4,3efe0c269a698e139894b0bf31ffb56f220cf6246df24c794a57877de6a0dd1e,"image:left,image2:right",/data/vla-forge-artifacts/M02_libero40/registry/runs/20261010T030315-982cacc8515f/rollout-89ce76bdcd35a1c7/trajectory.npz,67f9fb22a1853f04176cf9b947b3aab779cd69b6ad8fef3d7734ab4dee1a182e,/data/vla-forge-artifacts/M02_libero40/registry/runs/20261010T030315-982cacc8515f/episodes/object_task00_episode08_attempt1/action_trace.json,286f4cb126b077bca63f16a9a8377e611020467028c0aada409717a1ae796290,/data/vla-forge-artifacts/M02_libero40/registry/runs/20261010T030315-982cacc8515f/episodes/object_task00_episode08_attempt1/episode.json,27977478e21e7895c31c9794b7a33b323fb3e3476be943307405e752246a5c59,
object,libero_object,0,pick_up_the_alphabet_soup_and_place_it_in_the_basket,pick up the alphabet soup and place it in the basket,9,20261010T030315-982cacc8515f,9,83009,1,complete,False,timeout,280,280,50,50,relative,31d453f7edd78c839a8bbc39744a292686daf0de,9a9f6413e42c0f332fccbce9a0dc796af2790f82cf002f791cdbf7e01e1afca8,a1aaacb7f6cd6ee5fb43120f673cebb0cfea7dd4,ceab5341cd6ecd1fdc93bed6135ce348e27fa89f3a77b47b4b5bda4015a3b478,"{""observation.images.camera1"": [1, 3, 256, 256], ""observation.images.camera2"": [1, 3, 256, 256], ""observation.language.attention_mask"": [1, 48], ""observation.language.tokens"": [1, 48], ""observation.state"": [1, 8]}",8.463132407142858,3.102745800000001,303.2388635,41.64630602399848,964068864,1002438656,/data/vla-forge-artifacts/M02_libero40/registry/runs/20261010T030315-982cacc8515f/videos/object_task00_episode09_attempt1.mp4,430e7ef588cd0bf37c1c6d385ba604ee30d4d2b1944d55ebf422949142ccbb4a,"image:left,image2:right",/data/vla-forge-artifacts/M02_libero40/registry/runs/20261010T030315-982cacc8515f/rollout-3547d59a1ae1695f/trajectory.npz,1adf1edcbb34012624cffd80227c5f2f3a0aa037fc00bd1519cda9fb590e554d,/data/vla-forge-artifacts/M02_libero40/registry/runs/20261010T030315-982cacc8515f/episodes/object_task00_episode09_attempt1/action_trace.json,0532f07bb63f73d4d3d851765239c428793e7ee913aee900e78873ef6a0162b0,/data/vla-forge-artifacts/M02_libero40/registry/runs/20261010T030315-982cacc8515f/episodes/object_task00_episode09_attempt1/episode.json,f67eea9c672efeb14d6b695462e0166d26cddd268c5bb01b1ad87e5e94f4c6dc,
object,libero_object,1,pick_up_the_cream_cheese_and_place_it_in_the_basket,pick up the cream cheese and place it in the basket,0,20261010T030315-982cacc8515f,0,83010,1,complete,True,success,118,280,50,50,relative,31d453f7edd78c839a8bbc39744a292686daf0de,9a9f6413e42c0f332fccbce9a0dc796af2790f82cf002f791cdbf7e01e1afca8,a1aaacb7f6cd6ee5fb43120f673cebb0cfea7dd4,ceab5341cd6ecd1fdc93bed6135ce348e27fa89f3a77b47b4b5bda4015a3b478,"{""observation.images.camera1"": [1, 3, 256, 256], ""observation.images.camera2"": [1, 3, 256, 256], ""observation.language.attention_mask"": [1, 48], ""observation.language.tokens"": [1, 48], ""observation.state"": [1, 8]}",9.575800474576269,2.8387039999999994,299.78025933333333,18.088963950998732,964068864,1002438656,/data/vla-forge-artifacts/M02_libero40/registry/runs/20261010T030315-982cacc8515f/videos/object_task01_episode00_attempt1.mp4,31f1ab140a29bdd15f71580654caa9c80170b6ac8f2c57fe81c874381f4d9bdb,"image:left,image2:right",/data/vla-forge-artifacts/M02_libero40/registry/runs/20261010T030315-982cacc8515f/rollout-73048d120f64c2eb/trajectory.npz,2f998a5d7f79d119c95396908d77ce48c35fd7f10a7184d8bbc9020604361b16,/data/vla-forge-artifacts/M02_libero40/registry/runs/20261010T030315-982cacc8515f/episodes/object_task01_episode00_attempt1/action_trace.json,d6b8b75aaeab025816c53d37dcb48e135b68379a2d9361588737bc2dec4436c7,/data/vla-forge-artifacts/M02_libero40/registry/runs/20261010T030315-982cacc8515f/episodes/object_task01_episode00_attempt1/episode.json,bebc0332b99b8b95b459ea021f20e15d9f4eb8bfd4fe42d87a6d5c33f87413ee,
object,libero_object,1,pick_up_the_cream_cheese_and_place_it_in_the_basket,pick up the cream cheese and place it in the basket,1,20261010T030315-982cacc8515f,1,83011,1,complete,False,timeout,280,280,50,50,relative,31d453f7edd78c839a8bbc39744a292686daf0de,9a9f6413e42c0f332fccbce9a0dc796af2790f82cf002f791cdbf7e01e1afca8,a1aaacb7f6cd6ee5fb43120f673cebb0cfea7dd4,ceab5341cd6ecd1fdc93bed6135ce348e27fa89f3a77b47b4b5bda4015a3b478,"{""observation.images.camera1"": [1, 3, 256, 256], ""observation.images.camera2"": [1, 3, 256, 256], ""observation.language.attention_mask"": [1, 48], ""observation.language.tokens"": [1, 48], ""observation.state"": [1, 8]}",8.629525910714285,2.5231719500000005,315.77693866666664,40.059423159997095,964068864,1002438656,/data/vla-forge-artifacts/M02_libero40/registry/runs/20261010T030315-982cacc8515f/videos/object_task01_episode01_attempt1.mp4,4a8ce47e71fdccf130e1620ebf776704758a74497bd95e6c7c67cf54ba6359d0,"image:left,image2:right",/data/vla-forge-artifacts/M02_libero40/registry/runs/20261010T030315-982cacc8515f/rollout-474a1df50b47eff6/trajectory.npz,4a1dd10c72a35e94a123592483c8ee296bb78cfd5d18ade55edc1199949cd41a,/data/vla-forge-artifacts/M02_libero40/registry/runs/20261010T030315-982cacc8515f/episodes/object_task01_episode01_attempt1/action_trace.json,67a353cae795c4f55d57391ea802a923b36f08427171b7b3ca1ef238e0107979,/data/vla-forge-artifacts/M02_libero40/registry/runs/20261010T030315-982cacc8515f/episodes/object_task01_episode01_attempt1/episode.json,3ff24cd722a215319fdbb19ee5cb9edb563115e7d458512f5eceebecddeae28a,
object,libero_object,1,pick_up_the_cream_cheese_and_place_it_in_the_basket,pick up the cream cheese and place it in the basket,2,20261010T030315-982cacc8515f,2,83012,1,complete,True,success,116,280,50,50,relative,31d453f7edd78c839a8bbc39744a292686daf0de,9a9f6413e42c0f332fccbce9a0dc796af2790f82cf002f791cdbf7e01e1afca8,a1aaacb7f6cd6ee5fb43120f673cebb0cfea7dd4,ceab5341cd6ecd1fdc93bed6135ce348e27fa89f3a77b47b4b5bda4015a3b478,"{""observation.images.camera1"": [1, 3, 256, 256], ""observation.images.camera2"": [1, 3, 256, 256], ""observation.language.attention_mask"": [1, 48], ""observation.language.tokens"": [1, 48], ""observation.state"": [1, 8]}",9.73363448275862,2.6686319999999997,303.8747246666667,17.4412906869984,964068864,1002438656,/data/vla-forge-artifacts/M02_libero40/registry/runs/20261010T030315-982cacc8515f/videos/object_task01_episode02_attempt1.mp4,2b25091563c2c767488ef96a9a0e618a510fd181aa99bcd27fa8258a69357bf5,"image:left,image2:right",/data/vla-forge-artifacts/M02_libero40/registry/runs/20261010T030315-982cacc8515f/rollout-386f92ef194499dc/trajectory.npz,68c3ac4bf6f3090b846f9e4b84cc00c9b0ab6a8d82c76086c673e41d232fd3f0,/data/vla-forge-artifacts/M02_libero40/registry/runs/20261010T030315-982cacc8515f/episodes/object_task01_episode02_attempt1/action_trace.json,27175dfc9f9f9c82c39955c088ae126ad06e8d4deccab713840704e83688b720,/data/vla-forge-artifacts/M02_libero40/registry/runs/20261010T030315-982cacc8515f/episodes/object_task01_episode02_attempt1/episode.json,423b855eeb2d2f2de05bc6ec0f28a9d46f4c005d6a834edb13113c74149dfb65,
object,libero_object,1,pick_up_the_cream_cheese_and_place_it_in_the_basket,pick up the cream cheese and place it in the basket,3,20261010T030315-982cacc8515f,3,83013,1,complete,True,success,132,280,50,50,relative,31d453f7edd78c839a8bbc39744a292686daf0de,9a9f6413e42c0f332fccbce9a0dc796af2790f82cf002f791cdbf7e01e1afca8,a1aaacb7f6cd6ee5fb43120f673cebb0cfea7dd4,ceab5341cd6ecd1fdc93bed6135ce348e27fa89f3a77b47b4b5bda4015a3b478,"{""observation.images.camera1"": [1, 3, 256, 256], ""observation.images.camera2"": [1, 3, 256, 256], ""observation.language.attention_mask"": [1, 48], ""observation.language.tokens"": [1, 48], ""observation.state"": [1, 8]}",9.184546196969697,2.9492084,317.320978,20.048208251995675,964068864,1002438656,/data/vla-forge-artifacts/M02_libero40/registry/runs/20261010T030315-982cacc8515f/videos/object_task01_episode03_attempt1.mp4,fb4a3431f7ae6cb6179bd132c163c6e5317bf4590cf49c1a906324f018a58571,"image:left,image2:right",/data/vla-forge-artifacts/M02_libero40/registry/runs/20261010T030315-982cacc8515f/rollout-02c4ec91e06b7130/trajectory.npz,6be428072d9c47a3b22acf538641708c9e989fa11c376792bd8dcf27721310ba,/data/vla-forge-artifacts/M02_libero40/registry/runs/20261010T030315-982cacc8515f/episodes/object_task01_episode03_attempt1/action_trace.json,5eaa80eb6d2b45c5fc43d4ab2707fdd2801b17a0f6c345921bdf2a0fe054eb97,/data/vla-forge-artifacts/M02_libero40/registry/runs/20261010T030315-982cacc8515f/episodes/object_task01_episode03_attempt1/episode.json,d93cb563dd8c56e1b371cb036970dabaff1dab105412eace8f98d261bc7005bc,
object,libero_object,1,pick_up_the_cream_cheese_and_place_it_in_the_basket,pick up the cream cheese and place it in the basket,4,20261010T030315-982cacc8515f,4,83014,1,complete,True,success,120,280,50,50,relative,31d453f7edd78c839a8bbc39744a292686daf0de,9a9f6413e42c0f332fccbce9a0dc796af2790f82cf002f791cdbf7e01e1afca8,a1aaacb7f6cd6ee5fb43120f673cebb0cfea7dd4,ceab5341cd6ecd1fdc93bed6135ce348e27fa89f3a77b47b4b5bda4015a3b478,"{""observation.images.camera1"": [1, 3, 256, 256], ""observation.images.camera2"": [1, 3, 256, 256], ""observation.language.attention_mask"": [1, 48], ""observation.language.tokens"": [1, 48], ""observation.state"": [1, 8]}",9.290557633333332,2.66093345,296.48731166666664,17.877845824004908,964068864,1002438656,/data/vla-forge-artifacts/M02_libero40/registry/runs/20261010T030315-982cacc8515f/videos/object_task01_episode04_attempt1.mp4,e483308524732dcedfdc73f24b69cf90868c071dfabb5e48dd370e65fc731f1c,"image:left,image2:right",/data/vla-forge-artifacts/M02_libero40/registry/runs/20261010T030315-982cacc8515f/rollout-607980acfa891c9a/trajectory.npz,80ef908efee6de69ff38fc9ae14c062a8856b457c5f42cdddfa4af7106a8c28a,/data/vla-forge-artifacts/M02_libero40/registry/runs/20261010T030315-982cacc8515f/episodes/object_task01_episode04_attempt1/action_trace.json,86604dc354024b3cc316e4727dbf713c95198e398beca9169de37b40d817164c,/data/vla-forge-artifacts/M02_libero40/registry/runs/20261010T030315-982cacc8515f/episodes/object_task01_episode04_attempt1/episode.json,35f61c17b05775c8ee4776be66895754171387a520a0cd0be2bbbdac11e5803f,
object,libero_object,1,pick_up_the_cream_cheese_and_place_it_in_the_basket,pick up the cream cheese and place it in the basket,5,20261010T030315-982cacc8515f,5,83015,1,complete,True,success,119,280,50,50,relative,31d453f7edd78c839a8bbc39744a292686daf0de,9a9f6413e42c0f332fccbce9a0dc796af2790f82cf002f791cdbf7e01e1afca8,a1aaacb7f6cd6ee5fb43120f673cebb0cfea7dd4,ceab5341cd6ecd1fdc93bed6135ce348e27fa89f3a77b47b4b5bda4015a3b478,"{""observation.images.camera1"": [1, 3, 256, 256], ""observation.images.camera2"": [1, 3, 256, 256], ""observation.language.attention_mask"": [1, 48], ""observation.language.tokens"": [1, 48], ""observation.state"": [1, 8]}",9.519996495798317,2.6249984,302.54972433333336,18.12734663500305,964068864,1002438656,/data/vla-forge-artifacts/M02_libero40/registry/runs/20261010T030315-982cacc8515f/videos/object_task01_episode05_attempt1.mp4,3112741700d1b8257e9585426312b4031e5a71ddda2fbeb05131adedc134bd44,"image:left,image2:right",/data/vla-forge-artifacts/M02_libero40/registry/runs/20261010T030315-982cacc8515f/rollout-5ec84f108289a106/trajectory.npz,e4d56bfa07bf94ed93cdb9fbd54bf8f5d79c879aea9ce199786a8bd36d66e7f1,/data/vla-forge-artifacts/M02_libero40/registry/runs/20261010T030315-982cacc8515f/episodes/object_task01_episode05_attempt1/action_trace.json,b11b9be0f1fd8af6114527419974227fe2a7cdc1ec6c248942da2c18780867aa,/data/vla-forge-artifacts/M02_libero40/registry/runs/20261010T030315-982cacc8515f/episodes/object_task01_episode05_attempt1/episode.json,0259b750b3512104358cb06f4e738e306f6125ad9f0ff597c615c1a7b055fddd,
object,libero_object,1,pick_up_the_cream_cheese_and_place_it_in_the_basket,pick up the cream cheese and place it in the basket,6,20261010T030315-982cacc8515f,6,83016,1,complete,True,success,122,280,50,50,relative,31d453f7edd78c839a8bbc39744a292686daf0de,9a9f6413e42c0f332fccbce9a0dc796af2790f82cf002f791cdbf7e01e1afca8,a1aaacb7f6cd6ee5fb43120f673cebb0cfea7dd4,ceab5341cd6ecd1fdc93bed6135ce348e27fa89f3a77b47b4b5bda4015a3b478,"{""observation.images.camera1"": [1, 3, 256, 256], ""observation.images.camera2"": [1, 3, 256, 256], ""observation.language.attention_mask"": [1, 48], ""observation.language.tokens"": [1, 48], ""observation.state"": [1, 8]}",10.22738493442623,3.6105559999999937,333.4951826666667,18.86996166100289,964068864,1002438656,/data/vla-forge-artifacts/M02_libero40/registry/runs/20261010T030315-982cacc8515f/videos/object_task01_episode06_attempt1.mp4,66c3baa21ecba7380a8e6608446c0fc49b174716570777520842a85c8cb02ad3,"image:left,image2:right",/data/vla-forge-artifacts/M02_libero40/registry/runs/20261010T030315-982cacc8515f/rollout-a24fd1bf4e4077d5/trajectory.npz,7a678f9366af0ce6154da4bdfb5dd94c818c38053581bdbd33da80306b04e0e8,/data/vla-forge-artifacts/M02_libero40/registry/runs/20261010T030315-982cacc8515f/episodes/object_task01_episode06_attempt1/action_trace.json,cb676b0daf3165ba4da9882b0645dc0b49b4b0a995b25e7a35a3230e70130c7c,/data/vla-forge-artifacts/M02_libero40/registry/runs/20261010T030315-982cacc8515f/episodes/object_task01_episode06_attempt1/episode.json,ac3ea2b2d68a73235a8771ff2722009eb3ba05e066db1e683f4d9cb9aee1837a,
object,libero_object,1,pick_up_the_cream_cheese_and_place_it_in_the_basket,pick up the cream cheese and place it in the basket,7,20261010T030315-982cacc8515f,7,83017,1,complete,True,success,121,280,50,50,relative,31d453f7edd78c839a8bbc39744a292686daf0de,9a9f6413e42c0f332fccbce9a0dc796af2790f82cf002f791cdbf7e01e1afca8,a1aaacb7f6cd6ee5fb43120f673cebb0cfea7dd4,ceab5341cd6ecd1fdc93bed6135ce348e27fa89f3a77b47b4b5bda4015a3b478,"{""observation.images.camera1"": [1, 3, 256, 256], ""observation.images.camera2"": [1, 3, 256, 256], ""observation.language.attention_mask"": [1, 48], ""observation.language.tokens"": [1, 48], ""observation.state"": [1, 8]}",10.086524462809917,3.177687,326.535701,18.686057066996,964068864,1002438656,/data/vla-forge-artifacts/M02_libero40/registry/runs/20261010T030315-982cacc8515f/videos/object_task01_episode07_attempt1.mp4,7cac63ddb9b16b2b18adfdab4fb72cae676b5fcfbeaa4aa68b70f3a8ca0994c5,"image:left,image2:right",/data/vla-forge-artifacts/M02_libero40/registry/runs/20261010T030315-982cacc8515f/rollout-3a6e1879919e6ac0/trajectory.npz,b0adc1466bc546a47ce891b54cc48d6e24650746925ddf8ee358244fe72bc1bc,/data/vla-forge-artifacts/M02_libero40/registry/runs/20261010T030315-982cacc8515f/episodes/object_task01_episode07_attempt1/action_trace.json,ba4022195366b585767c02e1f338ce491e83915f45cdc7e1247f3cd42b03cdbc,/data/vla-forge-artifacts/M02_libero40/registry/runs/20261010T030315-982cacc8515f/episodes/object_task01_episode07_attempt1/episode.json,f26a04ab8e842930f641fe7f8ce5bc46191658ed984e00e0f557dccb2154ec8d,
object,libero_object,1,pick_up_the_cream_cheese_and_place_it_in_the_basket,pick up the cream cheese and place it in the basket,8,20261010T030315-982cacc8515f,8,83018,1,complete,True,success,116,280,50,50,relative,31d453f7edd78c839a8bbc39744a292686daf0de,9a9f6413e42c0f332fccbce9a0dc796af2790f82cf002f791cdbf7e01e1afca8,a1aaacb7f6cd6ee5fb43120f673cebb0cfea7dd4,ceab5341cd6ecd1fdc93bed6135ce348e27fa89f3a77b47b4b5bda4015a3b478,"{""observation.images.camera1"": [1, 3, 256, 256], ""observation.images.camera2"": [1, 3, 256, 256], ""observation.language.attention_mask"": [1, 48], ""observation.language.tokens"": [1, 48], ""observation.state"": [1, 8]}",9.55377506034483,2.1342285,299.054269,16.801473732004524,964068864,1002438656,/data/vla-forge-artifacts/M02_libero40/registry/runs/20261010T030315-982cacc8515f/videos/object_task01_episode08_attempt1.mp4,d28f8c8012ac4fe2b7d8a9e025beee6a8d0141ed9fc112a18ecf745c0cebb3b5,"image:left,image2:right",/data/vla-forge-artifacts/M02_libero40/registry/runs/20261010T030315-982cacc8515f/rollout-33de83756a4ca536/trajectory.npz,579d5e704c3c8fbec63ffe0af07ce8fd900ef4d3689d3bc32aedf6ff9468f2f3,/data/vla-forge-artifacts/M02_libero40/registry/runs/20261010T030315-982cacc8515f/episodes/object_task01_episode08_attempt1/action_trace.json,03619fd6dcefcb7a4a507ec5e59ec59890bcc38f51ba2b3d8772a7e1fed3b294,/data/vla-forge-artifacts/M02_libero40/registry/runs/20261010T030315-982cacc8515f/episodes/object_task01_episode08_attempt1/episode.json,b110710ae0de9101fee9565db35e8d6e6a09ec05d9ef095682c14ca551103ab7,
object,libero_object,1,pick_up_the_cream_cheese_and_place_it_in_the_basket,pick up the cream cheese and place it in the basket,9,20261010T030315-982cacc8515f,9,83019,1,complete,True,success,119,280,50,50,relative,31d453f7edd78c839a8bbc39744a292686daf0de,9a9f6413e42c0f332fccbce9a0dc796af2790f82cf002f791cdbf7e01e1afca8,a1aaacb7f6cd6ee5fb43120f673cebb0cfea7dd4,ceab5341cd6ecd1fdc93bed6135ce348e27fa89f3a77b47b4b5bda4015a3b478,"{""observation.images.camera1"": [1, 3, 256, 256], ""observation.images.camera2"": [1, 3, 256, 256], ""observation.language.attention_mask"": [1, 48], ""observation.language.tokens"": [1, 48], ""observation.state"": [1, 8]}",9.410752521008405,2.6870564,298.944641,17.564641429002222,964068864,1002438656,/data/vla-forge-artifacts/M02_libero40/registry/runs/20261010T030315-982cacc8515f/videos/object_task01_episode09_attempt1.mp4,5dddc84dd5904c09a13456406e9b9ada1a6c163e85b965d261e7ea1efba599de,"image:left,image2:right",/data/vla-forge-artifacts/M02_libero40/registry/runs/20261010T030315-982cacc8515f/rollout-e3d92d74cda51db7/trajectory.npz,2b4b95a87cec962b0565d4b91db88fd094a6226497d1b72260573355be9b54fd,/data/vla-forge-artifacts/M02_libero40/registry/runs/20261010T030315-982cacc8515f/episodes/object_task01_episode09_attempt1/action_trace.json,ca62339fe5e3501fd3dbcf260bf6367bb3d97e8fbbae82b834c8eaa148b1a750,/data/vla-forge-artifacts/M02_libero40/registry/runs/20261010T030315-982cacc8515f/episodes/object_task01_episode09_attempt1/episode.json,610ea6b90a02a9f7003de1eb0b328e76b52b6f472523ab19277d30587114e677,
object,libero_object,2,pick_up_the_salad_dressing_and_place_it_in_the_basket,pick up the salad dressing and place it in the basket,0,20261010T030315-982cacc8515f,0,83020,1,complete,True,success,115,280,50,50,relative,31d453f7edd78c839a8bbc39744a292686daf0de,9a9f6413e42c0f332fccbce9a0dc796af2790f82cf002f791cdbf7e01e1afca8,a1aaacb7f6cd6ee5fb43120f673cebb0cfea7dd4,ceab5341cd6ecd1fdc93bed6135ce348e27fa89f3a77b47b4b5bda4015a3b478,"{""observation.images.camera1"": [1, 3, 256, 256], ""observation.images.camera2"": [1, 3, 256, 256], ""observation.language.attention_mask"": [1, 48], ""observation.language.tokens"": [1, 48], ""observation.state"": [1, 8]}",9.793771939130435,2.846434,302.48155066666664,17.662844257996767,964068864,1002438656,/data/vla-forge-artifacts/M02_libero40/registry/runs/20261010T030315-982cacc8515f/videos/object_task02_episode00_attempt1.mp4,7a245775ffdf4bb55546b5018f2e70bc456886b266adafd9a2f34d39d66000a3,"image:left,image2:right",/data/vla-forge-artifacts/M02_libero40/registry/runs/20261010T030315-982cacc8515f/rollout-0277e954e6a9e1b0/trajectory.npz,d8d5c19f6ac56b1865d0af12e0825f2574c00e2da2c6f99d44bb6dda1e349fb3,/data/vla-forge-artifacts/M02_libero40/registry/runs/20261010T030315-982cacc8515f/episodes/object_task02_episode00_attempt1/action_trace.json,c367f62b3db249ecd19548ffa3d068b88336f32d0ff2695f72537ae06859dc91,/data/vla-forge-artifacts/M02_libero40/registry/runs/20261010T030315-982cacc8515f/episodes/object_task02_episode00_attempt1/episode.json,05be4d6202e62047590916cc423ad1f51c59d4cf6a4309557f79f227292a2b0a,
object,libero_object,2,pick_up_the_salad_dressing_and_place_it_in_the_basket,pick up the salad dressing and place it in the basket,1,20261010T030315-982cacc8515f,1,83021,1,complete,False,timeout,280,280,50,50,relative,31d453f7edd78c839a8bbc39744a292686daf0de,9a9f6413e42c0f332fccbce9a0dc796af2790f82cf002f791cdbf7e01e1afca8,a1aaacb7f6cd6ee5fb43120f673cebb0cfea7dd4,ceab5341cd6ecd1fdc93bed6135ce348e27fa89f3a77b47b4b5bda4015a3b478,"{""observation.images.camera1"": [1, 3, 256, 256], ""observation.images.camera2"": [1, 3, 256, 256], ""observation.language.attention_mask"": [1, 48], ""observation.language.tokens"": [1, 48], ""observation.state"": [1, 8]}",8.380308914285715,2.6290821500000012,302.5717818333333,40.266172006995475,964068864,1002438656,/data/vla-forge-artifacts/M02_libero40/registry/runs/20261010T030315-982cacc8515f/videos/object_task02_episode01_attempt1.mp4,ddf117d1d3677994a02821737d2fea34a5c7461b90fc56ff2297664831abcf5d,"image:left,image2:right",/data/vla-forge-artifacts/M02_libero40/registry/runs/20261010T030315-982cacc8515f/rollout-d738cc2f6aa41067/trajectory.npz,838594290e8a1a1ed1a291aae9cc68a6b2f2ff6da1b76e31d8251f608efc16a8,/data/vla-forge-artifacts/M02_libero40/registry/runs/20261010T030315-982cacc8515f/episodes/object_task02_episode01_attempt1/action_trace.json,20721af7598ca750c7bb4898fc4080563618b45e064bbb918757b2e132941fe6,/data/vla-forge-artifacts/M02_libero40/registry/runs/20261010T030315-982cacc8515f/episodes/object_task02_episode01_attempt1/episode.json,523c4e3a33f4cf2cd2ac2e7a01c23f90552742626ed9a304d4f0033e528f8a35,
object,libero_object,2,pick_up_the_salad_dressing_and_place_it_in_the_basket,pick up the salad dressing and place it in the basket,2,20261010T030315-982cacc8515f,2,83022,1,complete,False,timeout,280,280,50,50,relative,31d453f7edd78c839a8bbc39744a292686daf0de,9a9f6413e42c0f332fccbce9a0dc796af2790f82cf002f791cdbf7e01e1afca8,a1aaacb7f6cd6ee5fb43120f673cebb0cfea7dd4,ceab5341cd6ecd1fdc93bed6135ce348e27fa89f3a77b47b4b5bda4015a3b478,"{""observation.images.camera1"": [1, 3, 256, 256], ""observation.images.camera2"": [1, 3, 256, 256], ""observation.language.attention_mask"": [1, 48], ""observation.language.tokens"": [1, 48], ""observation.state"": [1, 8]}",8.38054457857143,2.901846500000001,302.4124101666667,40.784074224000506,964068864,1002438656,/data/vla-forge-artifacts/M02_libero40/registry/runs/20261010T030315-982cacc8515f/videos/object_task02_episode02_attempt1.mp4,433430a46a6122391f15b3d6096bab5d35d78bed00a0d953b7f2d5c8a98ccb26,"image:left,image2:right",/data/vla-forge-artifacts/M02_libero40/registry/runs/20261010T030315-982cacc8515f/rollout-524e8f3851310252/trajectory.npz,bcca8877f0b5289395f1e8d76a57e27390b2778b8f6f5c08fb30d69701dd1198,/data/vla-forge-artifacts/M02_libero40/registry/runs/20261010T030315-982cacc8515f/episodes/object_task02_episode02_attempt1/action_trace.json,ba26a98dd12c89f0d580e9038a6520776ba5505c2621680bb5fe45f98ea1b150,/data/vla-forge-artifacts/M02_libero40/registry/runs/20261010T030315-982cacc8515f/episodes/object_task02_episode02_attempt1/episode.json,6380b57c54f720040272ac970ced345e25863f1607ad99c0c241a4c7d34babc5,
object,libero_object,2,pick_up_the_salad_dressing_and_place_it_in_the_basket,pick up the salad dressing and place it in the basket,3,20261010T030315-982cacc8515f,3,83023,1,complete,True,success,123,280,50,50,relative,31d453f7edd78c839a8bbc39744a292686daf0de,9a9f6413e42c0f332fccbce9a0dc796af2790f82cf002f791cdbf7e01e1afca8,a1aaacb7f6cd6ee5fb43120f673cebb0cfea7dd4,ceab5341cd6ecd1fdc93bed6135ce348e27fa89f3a77b47b4b5bda4015a3b478,"{""observation.images.camera1"": [1, 3, 256, 256], ""observation.images.camera2"": [1, 3, 256, 256], ""observation.language.attention_mask"": [1, 48], ""observation.language.tokens"": [1, 48], ""observation.state"": [1, 8]}",9.986541292682928,2.7928273999999984,331.963009,19.058128295000643,964068864,1002438656,/data/vla-forge-artifacts/M02_libero40/registry/runs/20261010T030315-982cacc8515f/videos/object_task02_episode03_attempt1.mp4,2ede2ff2e1364c1e8bcd42fe0225ce6a8cd723ef13299eec87d3b4c3088295d3,"image:left,image2:right",/data/vla-forge-artifacts/M02_libero40/registry/runs/20261010T030315-982cacc8515f/rollout-6a5576abd5a34165/trajectory.npz,748b1180b8aba62473f169dca5af1a0c240e36150ce7fb0eff883d78f4efd4d5,/data/vla-forge-artifacts/M02_libero40/registry/runs/20261010T030315-982cacc8515f/episodes/object_task02_episode03_attempt1/action_trace.json,e4e5779a9412cf856f920c182aa6bf1d619977898d40aa20d2f085cd03c2d24a,/data/vla-forge-artifacts/M02_libero40/registry/runs/20261010T030315-982cacc8515f/episodes/object_task02_episode03_attempt1/episode.json,f5747e42a9bace19f14dc20cdf2cff008ba0bc16493474b9d7fbba10fd2fc6d3,
object,libero_object,2,pick_up_the_salad_dressing_and_place_it_in_the_basket,pick up the salad dressing and place it in the basket,4,20261010T030315-982cacc8515f,4,83024,1,complete,False,timeout,280,280,50,50,relative,31d453f7edd78c839a8bbc39744a292686daf0de,9a9f6413e42c0f332fccbce9a0dc796af2790f82cf002f791cdbf7e01e1afca8,a1aaacb7f6cd6ee5fb43120f673cebb0cfea7dd4,ceab5341cd6ecd1fdc93bed6135ce348e27fa89f3a77b47b4b5bda4015a3b478,"{""observation.images.camera1"": [1, 3, 256, 256], ""observation.images.camera2"": [1, 3, 256, 256], ""observation.language.attention_mask"": [1, 48], ""observation.language.tokens"": [1, 48], ""observation.state"": [1, 8]}",8.516160925,3.1135833500000003,307.54813766666666,42.0378264739993,964068864,1002438656,/data/vla-forge-artifacts/M02_libero40/registry/runs/20261010T030315-982cacc8515f/videos/object_task02_episode04_attempt1.mp4,2c6f8ae78b507a1d7a5f8766bab56d22774639af7db3dce93301e30bf73ede03,"image:left,image2:right",/data/vla-forge-artifacts/M02_libero40/registry/runs/20261010T030315-982cacc8515f/rollout-cee7efbd720142ad/trajectory.npz,5254821e6fbe6c037d2702a47849be4f8b79420478aacaf6059d2169562df30a,/data/vla-forge-artifacts/M02_libero40/registry/runs/20261010T030315-982cacc8515f/episodes/object_task02_episode04_attempt1/action_trace.json,b6ed4e2dcc518c19a23d87803341d54fdbbeae283755ea55778d4d5bd5a1a896,/data/vla-forge-artifacts/M02_libero40/registry/runs/20261010T030315-982cacc8515f/episodes/object_task02_episode04_attempt1/episode.json,8364281923d451dc7b73fafba2ec5d0896beba8cfd4479d25fd3ee9355207f95,
object,libero_object,2,pick_up_the_salad_dressing_and_place_it_in_the_basket,pick up the salad dressing and place it in the basket,5,20261010T030315-982cacc8515f,5,83025,1,complete,True,success,116,280,50,50,relative,31d453f7edd78c839a8bbc39744a292686daf0de,9a9f6413e42c0f332fccbce9a0dc796af2790f82cf002f791cdbf7e01e1afca8,a1aaacb7f6cd6ee5fb43120f673cebb0cfea7dd4,ceab5341cd6ecd1fdc93bed6135ce348e27fa89f3a77b47b4b5bda4015a3b478,"{""observation.images.camera1"": [1, 3, 256, 256], ""observation.images.camera2"": [1, 3, 256, 256], ""observation.language.attention_mask"": [1, 48], ""observation.language.tokens"": [1, 48], ""observation.state"": [1, 8]}",10.32624397413793,2.6587199999999998,324.12860033333334,17.804808648004837,964068864,1002438656,/data/vla-forge-artifacts/M02_libero40/registry/runs/20261010T030315-982cacc8515f/videos/object_task02_episode05_attempt1.mp4,5ccf76c486b21faf29834b2dca5e867950a663200b91d5908cc81d99bc0961e2,"image:left,image2:right",/data/vla-forge-artifacts/M02_libero40/registry/runs/20261010T030315-982cacc8515f/rollout-97d62852f7342358/trajectory.npz,0dcba7c31a62531cca9ff8aa1a52d837aa249f0943fc9a370ddae744bef5cc7d,/data/vla-forge-artifacts/M02_libero40/registry/runs/20261010T030315-982cacc8515f/episodes/object_task02_episode05_attempt1/action_trace.json,7c39bb2d8227b52acac328e7226f7e46eaa5e6bcad04b85b9d51831b0463c2df,/data/vla-forge-artifacts/M02_libero40/registry/runs/20261010T030315-982cacc8515f/episodes/object_task02_episode05_attempt1/episode.json,da42731ac29a080b6d58ea60feb416146e48868ef3f5d5314bad280059df9cb0,
object,libero_object,2,pick_up_the_salad_dressing_and_place_it_in_the_basket,pick up the salad dressing and place it in the basket,6,20261010T030315-982cacc8515f,6,83026,1,complete,True,success,116,280,50,50,relative,31d453f7edd78c839a8bbc39744a292686daf0de,9a9f6413e42c0f332fccbce9a0dc796af2790f82cf002f791cdbf7e01e1afca8,a1aaacb7f6cd6ee5fb43120f673cebb0cfea7dd4,ceab5341cd6ecd1fdc93bed6135ce348e27fa89f3a77b47b4b5bda4015a3b478,"{""observation.images.camera1"": [1, 3, 256, 256], ""observation.images.camera2"": [1, 3, 256, 256], ""observation.language.attention_mask"": [1, 48], ""observation.language.tokens"": [1, 48], ""observation.state"": [1, 8]}",9.643578474137934,2.6935244999999997,301.4246576666667,17.479397745002643,964068864,1002438656,/data/vla-forge-artifacts/M02_libero40/registry/runs/20261010T030315-982cacc8515f/videos/object_task02_episode06_attempt1.mp4,5768d91b24dcfc9e109cccd14989f140c84428efc0ef826a27250b7df2fa322f,"image:left,image2:right",/data/vla-forge-artifacts/M02_libero40/registry/runs/20261010T030315-982cacc8515f/rollout-be12592440f21757/trajectory.npz,3d08c6093a7402f5b0072bc2223f0c1488fe29dcb2bd284a1dfd92993e4bd737,/data/vla-forge-artifacts/M02_libero40/registry/runs/20261010T030315-982cacc8515f/episodes/object_task02_episode06_attempt1/action_trace.json,d81f58065fa17df219d3615c59e6891e1ef549f009676c305751e25bc9d05c9e,/data/vla-forge-artifacts/M02_libero40/registry/runs/20261010T030315-982cacc8515f/episodes/object_task02_episode06_attempt1/episode.json,eb2108a2cd401ac2c5ad28ffdfb2bbccbff9d2011eb3a2628d93b54acec14cec,
object,libero_object,2,pick_up_the_salad_dressing_and_place_it_in_the_basket,pick up the salad dressing and place it in the basket,7,20261010T030315-982cacc8515f,7,83027,1,complete,True,success,114,280,50,50,relative,31d453f7edd78c839a8bbc39744a292686daf0de,9a9f6413e42c0f332fccbce9a0dc796af2790f82cf002f791cdbf7e01e1afca8,a1aaacb7f6cd6ee5fb43120f673cebb0cfea7dd4,ceab5341cd6ecd1fdc93bed6135ce348e27fa89f3a77b47b4b5bda4015a3b478,"{""observation.images.camera1"": [1, 3, 256, 256], ""observation.images.camera2"": [1, 3, 256, 256], ""observation.language.attention_mask"": [1, 48], ""observation.language.tokens"": [1, 48], ""observation.state"": [1, 8]}",10.326846508771931,2.8874568499999986,320.78732733333334,17.396672650000255,964068864,1002438656,/data/vla-forge-artifacts/M02_libero40/registry/runs/20261010T030315-982cacc8515f/videos/object_task02_episode07_attempt1.mp4,32b6b68db87d6fea4130792e21baa201e8e0af76cdbc13a69caf23105486ff12,"image:left,image2:right",/data/vla-forge-artifacts/M02_libero40/registry/runs/20261010T030315-982cacc8515f/rollout-a1994c6721e8afbd/trajectory.npz,1f4a25d5acd6803d2751b37292515bcc744b665638f3489c7e1857836986c3cd,/data/vla-forge-artifacts/M02_libero40/registry/runs/20261010T030315-982cacc8515f/episodes/object_task02_episode07_attempt1/action_trace.json,7dd26e2ca8719b856c972b8b852401afd174f1eb027747e3933fcba8088d87c2,/data/vla-forge-artifacts/M02_libero40/registry/runs/20261010T030315-982cacc8515f/episodes/object_task02_episode07_attempt1/episode.json,d1ed56c0589c6e01a3c399bdd295a3d373c1809b347ebbb65bf63e2f856161f5,
object,libero_object,2,pick_up_the_salad_dressing_and_place_it_in_the_basket,pick up the salad dressing and place it in the basket,8,20261010T030315-982cacc8515f,8,83028,1,complete,True,success,109,280,50,50,relative,31d453f7edd78c839a8bbc39744a292686daf0de,9a9f6413e42c0f332fccbce9a0dc796af2790f82cf002f791cdbf7e01e1afca8,a1aaacb7f6cd6ee5fb43120f673cebb0cfea7dd4,ceab5341cd6ecd1fdc93bed6135ce348e27fa89f3a77b47b4b5bda4015a3b478,"{""observation.images.camera1"": [1, 3, 256, 256], ""observation.images.camera2"": [1, 3, 256, 256], ""observation.language.attention_mask"": [1, 48], ""observation.language.tokens"": [1, 48], ""observation.state"": [1, 8]}",10.24521281651376,2.842335599999999,304.0963933333333,16.59840424700087,964068864,1002438656,/data/vla-forge-artifacts/M02_libero40/registry/runs/20261010T030315-982cacc8515f/videos/object_task02_episode08_attempt1.mp4,4e1f2750f68c22fa8d5df2f7307b5f52c962fec1e013babf820035a05f58fa2e,"image:left,image2:right",/data/vla-forge-artifacts/M02_libero40/registry/runs/20261010T030315-982cacc8515f/rollout-86052a562853771b/trajectory.npz,77cb605b8de2d6f2271428b834fdf4440bdd18cd0b5a2ac11ef0bc69cedce300,/data/vla-forge-artifacts/M02_libero40/registry/runs/20261010T030315-982cacc8515f/episodes/object_task02_episode08_attempt1/action_trace.json,35b7407809c9e1c30a54fdb2421b31b93ba3614976bd67d270217d920896ef1c,/data/vla-forge-artifacts/M02_libero40/registry/runs/20261010T030315-982cacc8515f/episodes/object_task02_episode08_attempt1/episode.json,18852b79248fef1f112207557816197ccd5f3e11e38e7cc38f5a80d62577d302,
object,libero_object,2,pick_up_the_salad_dressing_and_place_it_in_the_basket,pick up the salad dressing and place it in the basket,9,20261010T030315-982cacc8515f,9,83029,1,complete,True,success,110,280,50,50,relative,31d453f7edd78c839a8bbc39744a292686daf0de,9a9f6413e42c0f332fccbce9a0dc796af2790f82cf002f791cdbf7e01e1afca8,a1aaacb7f6cd6ee5fb43120f673cebb0cfea7dd4,ceab5341cd6ecd1fdc93bed6135ce348e27fa89f3a77b47b4b5bda4015a3b478,"{""observation.images.camera1"": [1, 3, 256, 256], ""observation.images.camera2"": [1, 3, 256, 256], ""observation.language.attention_mask"": [1, 48], ""observation.language.tokens"": [1, 48], ""observation.state"": [1, 8]}",10.178648318181816,2.8856482999999997,303.10842366666674,16.811138636003307,964068864,1002438656,/data/vla-forge-artifacts/M02_libero40/registry/runs/20261010T030315-982cacc8515f/videos/object_task02_episode09_attempt1.mp4,58be41286e207d9cabc62bc2b2a6fcf33745e965f98b1a32f6c655d9f58f9728,"image:left,image2:right",/data/vla-forge-artifacts/M02_libero40/registry/runs/20261010T030315-982cacc8515f/rollout-36084a82cfb6b3e8/trajectory.npz,5deac66dbab6413549b87aa5e36091cab91b86406d46142117e1e42490fd58b5,/data/vla-forge-artifacts/M02_libero40/registry/runs/20261010T030315-982cacc8515f/episodes/object_task02_episode09_attempt1/action_trace.json,0377c300d6288bb86b44023c7d52c44726ede9e127e0e8c984e9b287bf0ef4e0,/data/vla-forge-artifacts/M02_libero40/registry/runs/20261010T030315-982cacc8515f/episodes/object_task02_episode09_attempt1/episode.json,6b147ca2880697d5ab373fc5cea381387c9b519037e017ebe2993e96506f0d49,
object,libero_object,3,pick_up_the_bbq_sauce_and_place_it_in_the_basket,pick up the bbq sauce and place it in the basket,0,20261010T030315-982cacc8515f,0,83030,1,complete,True,success,128,280,50,50,relative,31d453f7edd78c839a8bbc39744a292686daf0de,9a9f6413e42c0f332fccbce9a0dc796af2790f82cf002f791cdbf7e01e1afca8,a1aaacb7f6cd6ee5fb43120f673cebb0cfea7dd4,ceab5341cd6ecd1fdc93bed6135ce348e27fa89f3a77b47b4b5bda4015a3b478,"{""observation.images.camera1"": [1, 3, 256, 256], ""observation.images.camera2"": [1, 3, 256, 256], ""observation.language.attention_mask"": [1, 48], ""observation.language.tokens"": [1, 48], ""observation.state"": [1, 8]}",8.811890585937501,2.6077854499999993,296.61518900000004,18.438751583998965,964068864,1002438656,/data/vla-forge-artifacts/M02_libero40/registry/runs/20261010T030315-982cacc8515f/videos/object_task03_episode00_attempt1.mp4,af94385fbaa8c13219d200d60896ce073a4f8df8387b9034136e24cb4c47b26e,"image:left,image2:right",/data/vla-forge-artifacts/M02_libero40/registry/runs/20261010T030315-982cacc8515f/rollout-95350c077a01990f/trajectory.npz,e49748f9d01e21374fce76a9c69c18cac97b82c546e0a0b1a0fcb24a85002e3b,/data/vla-forge-artifacts/M02_libero40/registry/runs/20261010T030315-982cacc8515f/episodes/object_task03_episode00_attempt1/action_trace.json,9284fd34e97b8dcc5719695ad37ed8ff73e96b1373a2a06a47fc983f580e3811,/data/vla-forge-artifacts/M02_libero40/registry/runs/20261010T030315-982cacc8515f/episodes/object_task03_episode00_attempt1/episode.json,38f50e28e10b182270f075aae414d7bb8e2d2c7bb303d96225ac47c1c7d17f88,
object,libero_object,3,pick_up_the_bbq_sauce_and_place_it_in_the_basket,pick up the bbq sauce and place it in the basket,1,20261010T030315-982cacc8515f,1,83031,1,complete,True,success,123,280,50,50,relative,31d453f7edd78c839a8bbc39744a292686daf0de,9a9f6413e42c0f332fccbce9a0dc796af2790f82cf002f791cdbf7e01e1afca8,a1aaacb7f6cd6ee5fb43120f673cebb0cfea7dd4,ceab5341cd6ecd1fdc93bed6135ce348e27fa89f3a77b47b4b5bda4015a3b478,"{""observation.images.camera1"": [1, 3, 256, 256], ""observation.images.camera2"": [1, 3, 256, 256], ""observation.language.attention_mask"": [1, 48], ""observation.language.tokens"": [1, 48], ""observation.state"": [1, 8]}",9.209021,2.5572664999999986,301.60023466666667,17.85583881700586,964068864,1002438656,/data/vla-forge-artifacts/M02_libero40/registry/runs/20261010T030315-982cacc8515f/videos/object_task03_episode01_attempt1.mp4,86646c810140e0a3e50d1573f3184ebb030069c09acbe41b8d5fe720a3b528cb,"image:left,image2:right",/data/vla-forge-artifacts/M02_libero40/registry/runs/20261010T030315-982cacc8515f/rollout-60fb9b5054a8ab08/trajectory.npz,4a2a80b47ab669a2c2ade92f7097d614521bb8d1deb68d8e0166dfde9702189c,/data/vla-forge-artifacts/M02_libero40/registry/runs/20261010T030315-982cacc8515f/episodes/object_task03_episode01_attempt1/action_trace.json,4af2557d3db660581e46acab592fbfbf35d32bfb491a2915c520d16cbb848ef6,/data/vla-forge-artifacts/M02_libero40/registry/runs/20261010T030315-982cacc8515f/episodes/object_task03_episode01_attempt1/episode.json,5d051b45c9ff9a19f165c15866e50e5c16fa9a20bb18390b48de25351d853096,
object,libero_object,3,pick_up_the_bbq_sauce_and_place_it_in_the_basket,pick up the bbq sauce and place it in the basket,2,20261010T030315-982cacc8515f,2,83032,1,complete,True,success,123,280,50,50,relative,31d453f7edd78c839a8bbc39744a292686daf0de,9a9f6413e42c0f332fccbce9a0dc796af2790f82cf002f791cdbf7e01e1afca8,a1aaacb7f6cd6ee5fb43120f673cebb0cfea7dd4,ceab5341cd6ecd1fdc93bed6135ce348e27fa89f3a77b47b4b5bda4015a3b478,"{""observation.images.camera1"": [1, 3, 256, 256], ""observation.images.camera2"": [1, 3, 256, 256], ""observation.language.attention_mask"": [1, 48], ""observation.language.tokens"": [1, 48], ""observation.state"": [1, 8]}",9.439657414634148,2.938233999999998,309.60302666666666,17.573998073996336,964068864,1002438656,/data/vla-forge-artifacts/M02_libero40/registry/runs/20261010T030315-982cacc8515f/videos/object_task03_episode02_attempt1.mp4,c57b1ec7fc9fc671fc4d8cac3270d611dc3f52d59e9ddf6cfbc3c053b487ee71,"image:left,image2:right",/data/vla-forge-artifacts/M02_libero40/registry/runs/20261010T030315-982cacc8515f/rollout-ce80e73927054534/trajectory.npz,542a006494d9a8bac2073d15bb1cdd5504da980afc9b4e8ce2360a038a5e09ce,/data/vla-forge-artifacts/M02_libero40/registry/runs/20261010T030315-982cacc8515f/episodes/object_task03_episode02_attempt1/action_trace.json,a28c73cd582c66098add1b7a998d425e5d8030a822a8986ddf937731c3c992ab,/data/vla-forge-artifacts/M02_libero40/registry/runs/20261010T030315-982cacc8515f/episodes/object_task03_episode02_attempt1/episode.json,5ee9c8efc5c038907740ac0c72ea2e291416bd3fda8409e73a7412cb64af9a55,
object,libero_object,3,pick_up_the_bbq_sauce_and_place_it_in_the_basket,pick up the bbq sauce and place it in the basket,3,20261010T030315-982cacc8515f,3,83033,1,complete,False,timeout,280,280,50,50,relative,31d453f7edd78c839a8bbc39744a292686daf0de,9a9f6413e42c0f332fccbce9a0dc796af2790f82cf002f791cdbf7e01e1afca8,a1aaacb7f6cd6ee5fb43120f673cebb0cfea7dd4,ceab5341cd6ecd1fdc93bed6135ce348e27fa89f3a77b47b4b5bda4015a3b478,"{""observation.images.camera1"": [1, 3, 256, 256], ""observation.images.camera2"": [1, 3, 256, 256], ""observation.language.attention_mask"": [1, 48], ""observation.language.tokens"": [1, 48], ""observation.state"": [1, 8]}",8.416002975,2.54877225,304.59021583333333,39.25760369600175,964068864,1002438656,/data/vla-forge-artifacts/M02_libero40/registry/runs/20261010T030315-982cacc8515f/videos/object_task03_episode03_attempt1.mp4,0290c6dc390fe34c91b0b05b36e96e35e0ea04a73ecc3254f593840c2d3eab02,"image:left,image2:right",/data/vla-forge-artifacts/M02_libero40/registry/runs/20261010T030315-982cacc8515f/rollout-3db957065f0952f2/trajectory.npz,7a6119139ef75bdcae81515f834acf57013754265812ae3fca17a1ba704170e8,/data/vla-forge-artifacts/M02_libero40/registry/runs/20261010T030315-982cacc8515f/episodes/object_task03_episode03_attempt1/action_trace.json,162316d547b22013154db268126da4799ab3a22c90dab540506bdfd79f526a53,/data/vla-forge-artifacts/M02_libero40/registry/runs/20261010T030315-982cacc8515f/episodes/object_task03_episode03_attempt1/episode.json,2507401e89f4ad3a5e0309ba077f5de8bfaa75ccf83939244ab780432d1fa2e0,
object,libero_object,3,pick_up_the_bbq_sauce_and_place_it_in_the_basket,pick up the bbq sauce and place it in the basket,4,20261010T030315-982cacc8515f,4,83034,1,complete,False,timeout,280,280,50,50,relative,31d453f7edd78c839a8bbc39744a292686daf0de,9a9f6413e42c0f332fccbce9a0dc796af2790f82cf002f791cdbf7e01e1afca8,a1aaacb7f6cd6ee5fb43120f673cebb0cfea7dd4,ceab5341cd6ecd1fdc93bed6135ce348e27fa89f3a77b47b4b5bda4015a3b478,"{""observation.images.camera1"": [1, 3, 256, 256], ""observation.images.camera2"": [1, 3, 256, 256], ""observation.language.attention_mask"": [1, 48], ""observation.language.tokens"": [1, 48], ""observation.state"": [1, 8]}",8.553956510714286,3.2109536000000003,308.73199316666665,39.90292538400536,964068864,1002438656,/data/vla-forge-artifacts/M02_libero40/registry/runs/20261010T030315-982cacc8515f/videos/object_task03_episode04_attempt1.mp4,4a6104af4de290615953b62743739e3a7873dc2d97b53afe3eeada15485c7125,"image:left,image2:right",/data/vla-forge-artifacts/M02_libero40/registry/runs/20261010T030315-982cacc8515f/rollout-8bf0e3695d528f0d/trajectory.npz,f539f6eca85a8a313be4e82387160151400ad5331c7873aa6ccaae58411f8c9d,/data/vla-forge-artifacts/M02_libero40/registry/runs/20261010T030315-982cacc8515f/episodes/object_task03_episode04_attempt1/action_trace.json,3f4c376c541baefe1357e388682ff332ba2a3ce68fef47014e41bcfe3b92d9ce,/data/vla-forge-artifacts/M02_libero40/registry/runs/20261010T030315-982cacc8515f/episodes/object_task03_episode04_attempt1/episode.json,ff1d819a407328b396b3e98dc2d1cbba0bc93ddf7061204896ab28c0246f8e30,
object,libero_object,3,pick_up_the_bbq_sauce_and_place_it_in_the_basket,pick up the bbq sauce and place it in the basket,5,20261010T030315-982cacc8515f,5,83035,1,complete,True,success,122,280,50,50,relative,31d453f7edd78c839a8bbc39744a292686daf0de,9a9f6413e42c0f332fccbce9a0dc796af2790f82cf002f791cdbf7e01e1afca8,a1aaacb7f6cd6ee5fb43120f673cebb0cfea7dd4,ceab5341cd6ecd1fdc93bed6135ce348e27fa89f3a77b47b4b5bda4015a3b478,"{""observation.images.camera1"": [1, 3, 256, 256], ""observation.images.camera2"": [1, 3, 256, 256], ""observation.language.attention_mask"": [1, 48], ""observation.language.tokens"": [1, 48], ""observation.state"": [1, 8]}",9.868619442622952,2.8280925499999983,324.67192933333337,17.905921288998798,964068864,1002438656,/data/vla-forge-artifacts/M02_libero40/registry/runs/20261010T030315-982cacc8515f/videos/object_task03_episode05_attempt1.mp4,225803221d419991b7437f6d9413d8626714e67fc2b4fcf9a66e8abe70a64571,"image:left,image2:right",/data/vla-forge-artifacts/M02_libero40/registry/runs/20261010T030315-982cacc8515f/rollout-54abc0060a4348a8/trajectory.npz,089ff34a17fe5e59d7e377602a0c26616f938a2369837b1356598eba32bf6cc8,/data/vla-forge-artifacts/M02_libero40/registry/runs/20261010T030315-982cacc8515f/episodes/object_task03_episode05_attempt1/action_trace.json,4ddaf96e00dbf6784abe617de5acd1b31183fe92c0244730e00d4e3189b8043e,/data/vla-forge-artifacts/M02_libero40/registry/runs/20261010T030315-982cacc8515f/episodes/object_task03_episode05_attempt1/episode.json,a50fd6929dfb3c483c447e650c2c6dc79b34bca7eeedfb7f606680ac091a004e,
object,libero_object,3,pick_up_the_bbq_sauce_and_place_it_in_the_basket,pick up the bbq sauce and place it in the basket,6,20261010T030315-982cacc8515f,6,83036,1,complete,True,success,126,280,50,50,relative,31d453f7edd78c839a8bbc39744a292686daf0de,9a9f6413e42c0f332fccbce9a0dc796af2790f82cf002f791cdbf7e01e1afca8,a1aaacb7f6cd6ee5fb43120f673cebb0cfea7dd4,ceab5341cd6ecd1fdc93bed6135ce348e27fa89f3a77b47b4b5bda4015a3b478,"{""observation.images.camera1"": [1, 3, 256, 256], ""observation.images.camera2"": [1, 3, 256, 256], ""observation.language.attention_mask"": [1, 48], ""observation.language.tokens"": [1, 48], ""observation.state"": [1, 8]}",8.864558285714288,2.2289130000000004,294.978809,17.991575385000033,964068864,1002438656,/data/vla-forge-artifacts/M02_libero40/registry/runs/20261010T030315-982cacc8515f/videos/object_task03_episode06_attempt1.mp4,79d1131cc4784cc4edc3586cc2d0861d16cbfdeb887a34f7590dd4ae79c6946a,"image:left,image2:right",/data/vla-forge-artifacts/M02_libero40/registry/runs/20261010T030315-982cacc8515f/rollout-5ac315766ab64644/trajectory.npz,ea661ac9afa18aac27965a01903d0838e0652e8c9287f55b653eac86c53b6900,/data/vla-forge-artifacts/M02_libero40/registry/runs/20261010T030315-982cacc8515f/episodes/object_task03_episode06_attempt1/action_trace.json,df84305c83440ebae9c4bec131d892c33728dbcff513057d412f7b089ba3700c,/data/vla-forge-artifacts/M02_libero40/registry/runs/20261010T030315-982cacc8515f/episodes/object_task03_episode06_attempt1/episode.json,892d27c03a5750f2170a533b1c2cf0580ddb37ce3219e7b6af6c2d31e51b3bd0,
object,libero_object,3,pick_up_the_bbq_sauce_and_place_it_in_the_basket,pick up the bbq sauce and place it in the basket,7,20261010T030315-982cacc8515f,7,83037,1,complete,True,success,125,280,50,50,relative,31d453f7edd78c839a8bbc39744a292686daf0de,9a9f6413e42c0f332fccbce9a0dc796af2790f82cf002f791cdbf7e01e1afca8,a1aaacb7f6cd6ee5fb43120f673cebb0cfea7dd4,ceab5341cd6ecd1fdc93bed6135ce348e27fa89f3a77b47b4b5bda4015a3b478,"{""observation.images.camera1"": [1, 3, 256, 256], ""observation.images.camera2"": [1, 3, 256, 256], ""observation.language.attention_mask"": [1, 48], ""observation.language.tokens"": [1, 48], ""observation.state"": [1, 8]}",9.110096455999999,2.7586348,300.77804699999996,18.411559143001796,964068864,1002438656,/data/vla-forge-artifacts/M02_libero40/registry/runs/20261010T030315-982cacc8515f/videos/object_task03_episode07_attempt1.mp4,a5593a0b4667c4fc696e5dd1228f0420dddbc7a560af3767bc668a4e1839330e,"image:left,image2:right",/data/vla-forge-artifacts/M02_libero40/registry/runs/20261010T030315-982cacc8515f/rollout-5231176e97ad9246/trajectory.npz,3f868120880e5695f3fa3f43d33d4b7718d3b90383e32dd683eb59d5bf62ee21,/data/vla-forge-artifacts/M02_libero40/registry/runs/20261010T030315-982cacc8515f/episodes/object_task03_episode07_attempt1/action_trace.json,01093d84690a1f940446dae74dc83fd81fcaa019d0c1f24a0370fe639483eb3e,/data/vla-forge-artifacts/M02_libero40/registry/runs/20261010T030315-982cacc8515f/episodes/object_task03_episode07_attempt1/episode.json,ff610e9dda4837a0c6c807595848a83c1fdea81b96a9097f2431f291fa733472,
object,libero_object,3,pick_up_the_bbq_sauce_and_place_it_in_the_basket,pick up the bbq sauce and place it in the basket,8,20261010T030315-982cacc8515f,8,83038,1,complete,False,timeout,280,280,50,50,relative,31d453f7edd78c839a8bbc39744a292686daf0de,9a9f6413e42c0f332fccbce9a0dc796af2790f82cf002f791cdbf7e01e1afca8,a1aaacb7f6cd6ee5fb43120f673cebb0cfea7dd4,ceab5341cd6ecd1fdc93bed6135ce348e27fa89f3a77b47b4b5bda4015a3b478,"{""observation.images.camera1"": [1, 3, 256, 256], ""observation.images.camera2"": [1, 3, 256, 256], ""observation.language.attention_mask"": [1, 48], ""observation.language.tokens"": [1, 48], ""observation.state"": [1, 8]}",8.309990357142858,2.7301217500000003,299.4587798333333,39.951739364005334,964068864,1002438656,/data/vla-forge-artifacts/M02_libero40/registry/runs/20261010T030315-982cacc8515f/videos/object_task03_episode08_attempt1.mp4,0f139d34097e67c0e8740091e6c118cfaf6bfc05cd39da8b194af427c2c2824e,"image:left,image2:right",/data/vla-forge-artifacts/M02_libero40/registry/runs/20261010T030315-982cacc8515f/rollout-3f5eac5c73d573d9/trajectory.npz,390e9d2dcd96dc4e288aca4af32206052b4286b6453a017af884356ed16fa31d,/data/vla-forge-artifacts/M02_libero40/registry/runs/20261010T030315-982cacc8515f/episodes/object_task03_episode08_attempt1/action_trace.json,9453445a702c0447ff2733264ffa8228905afa05acea46a4da8769a6ca05e5c0,/data/vla-forge-artifacts/M02_libero40/registry/runs/20261010T030315-982cacc8515f/episodes/object_task03_episode08_attempt1/episode.json,f9c68c22d9ad7cdbe91ddfb7c06a90f291c83d9010ec88cb4ae2430d0729ae1c,
object,libero_object,3,pick_up_the_bbq_sauce_and_place_it_in_the_basket,pick up the bbq sauce and place it in the basket,9,20261010T030315-982cacc8515f,9,83039,1,complete,True,success,136,280,50,50,relative,31d453f7edd78c839a8bbc39744a292686daf0de,9a9f6413e42c0f332fccbce9a0dc796af2790f82cf002f791cdbf7e01e1afca8,a1aaacb7f6cd6ee5fb43120f673cebb0cfea7dd4,ceab5341cd6ecd1fdc93bed6135ce348e27fa89f3a77b47b4b5bda4015a3b478,"{""observation.images.camera1"": [1, 3, 256, 256], ""observation.images.camera2"": [1, 3, 256, 256], ""observation.language.attention_mask"": [1, 48], ""observation.language.tokens"": [1, 48], ""observation.state"": [1, 8]}",8.514124852941176,2.5836959999999998,300.334802,19.66033179799706,964068864,1002438656,/data/vla-forge-artifacts/M02_libero40/registry/runs/20261010T030315-982cacc8515f/videos/object_task03_episode09_attempt1.mp4,60f3d0e89109e4159508d0194117c15481db85cc2c4342865faddef64aefddd1,"image:left,image2:right",/data/vla-forge-artifacts/M02_libero40/registry/runs/20261010T030315-982cacc8515f/rollout-8e3d803efd52e759/trajectory.npz,ef40759cafc1f8f1f6eef74818c6eaae15a0c7cfc8aba73147b526a65945e302,/data/vla-forge-artifacts/M02_libero40/registry/runs/20261010T030315-982cacc8515f/episodes/object_task03_episode09_attempt1/action_trace.json,facc097204fd8a86fe4bb2121ff1952dad76eb403ca547d732f0d1cae6f06ac4,/data/vla-forge-artifacts/M02_libero40/registry/runs/20261010T030315-982cacc8515f/episodes/object_task03_episode09_attempt1/episode.json,dd5eb5c92f360579012ad468633dfe6cce6bc1dc2adfd8fd6576d9106b288bd0,
object,libero_object,4,pick_up_the_ketchup_and_place_it_in_the_basket,pick up the ketchup and place it in the basket,0,20261010T030315-982cacc8515f,0,83040,1,complete,True,success,140,280,50,50,relative,31d453f7edd78c839a8bbc39744a292686daf0de,9a9f6413e42c0f332fccbce9a0dc796af2790f82cf002f791cdbf7e01e1afca8,a1aaacb7f6cd6ee5fb43120f673cebb0cfea7dd4,ceab5341cd6ecd1fdc93bed6135ce348e27fa89f3a77b47b4b5bda4015a3b478,"{""observation.images.camera1"": [1, 3, 256, 256], ""observation.images.camera2"": [1, 3, 256, 256], ""observation.language.attention_mask"": [1, 48], ""observation.language.tokens"": [1, 48], ""observation.state"": [1, 8]}",8.275779742857143,2.2430557999999983,299.2497266666667,19.278929309999512,964068864,1002438656,/data/vla-forge-artifacts/M02_libero40/registry/runs/20261010T030315-982cacc8515f/videos/object_task04_episode00_attempt1.mp4,d87c18c9e8930b9b40db6eb6808c67550ff54f859064987c5d9185c56e1d1adb,"image:left,image2:right",/data/vla-forge-artifacts/M02_libero40/registry/runs/20261010T030315-982cacc8515f/rollout-1453c840ada02517/trajectory.npz,13a1f27b4a378f68a5932ec6d3e9d533532e0cc7f6d7345626dd643482baedbf,/data/vla-forge-artifacts/M02_libero40/registry/runs/20261010T030315-982cacc8515f/episodes/object_task04_episode00_attempt1/action_trace.json,ccf4742fc0eb718354fe56611c4ce5a282f29fdc28f30a4da7c9214aa9abf191,/data/vla-forge-artifacts/M02_libero40/registry/runs/20261010T030315-982cacc8515f/episodes/object_task04_episode00_attempt1/episode.json,95ca37d1f4d63672df5fb8cb41e247709558d25684b55e96b53d4071c591df3d,
object,libero_object,4,pick_up_the_ketchup_and_place_it_in_the_basket,pick up the ketchup and place it in the basket,1,20261010T030315-982cacc8515f,1,83041,1,complete,True,success,139,280,50,50,relative,31d453f7edd78c839a8bbc39744a292686daf0de,9a9f6413e42c0f332fccbce9a0dc796af2790f82cf002f791cdbf7e01e1afca8,a1aaacb7f6cd6ee5fb43120f673cebb0cfea7dd4,ceab5341cd6ecd1fdc93bed6135ce348e27fa89f3a77b47b4b5bda4015a3b478,"{""observation.images.camera1"": [1, 3, 256, 256], ""observation.images.camera2"": [1, 3, 256, 256], ""observation.language.attention_mask"": [1, 48], ""observation.language.tokens"": [1, 48], ""observation.state"": [1, 8]}",8.458403453237409,2.9128118999999995,300.7880446666667,20.440257105001365,964068864,1002438656,/data/vla-forge-artifacts/M02_libero40/registry/runs/20261010T030315-982cacc8515f/videos/object_task04_episode01_attempt1.mp4,0b26647b621e23d9cc0bd4d7b599fa1218da97660bb04b2e2386e7ea2f3ab232,"image:left,image2:right",/data/vla-forge-artifacts/M02_libero40/registry/runs/20261010T030315-982cacc8515f/rollout-57445d6ede611342/trajectory.npz,dc05c0a32189d347f9da31bb59159d98f7b45cf0c2cda08b1aa3b3887098b2c2,/data/vla-forge-artifacts/M02_libero40/registry/runs/20261010T030315-982cacc8515f/episodes/object_task04_episode01_attempt1/action_trace.json,0926639cb474afb5d096e014d4b992103793264991343ca34dfd6b55ae75dd23,/data/vla-forge-artifacts/M02_libero40/registry/runs/20261010T030315-982cacc8515f/episodes/object_task04_episode01_attempt1/episode.json,9ae6ac5d2aa07575d91d4bdea0c12a6d3fb105809589b46fec3c97ddd7261770,
object,libero_object,4,pick_up_the_ketchup_and_place_it_in_the_basket,pick up the ketchup and place it in the basket,2,20261010T030315-982cacc8515f,2,83042,1,complete,True,success,130,280,50,50,relative,31d453f7edd78c839a8bbc39744a292686daf0de,9a9f6413e42c0f332fccbce9a0dc796af2790f82cf002f791cdbf7e01e1afca8,a1aaacb7f6cd6ee5fb43120f673cebb0cfea7dd4,ceab5341cd6ecd1fdc93bed6135ce348e27fa89f3a77b47b4b5bda4015a3b478,"{""observation.images.camera1"": [1, 3, 256, 256], ""observation.images.camera2"": [1, 3, 256, 256], ""observation.language.attention_mask"": [1, 48], ""observation.language.tokens"": [1, 48], ""observation.state"": [1, 8]}",8.848243484615386,2.75939125,299.91818166666667,19.04827024700353,964068864,1002438656,/data/vla-forge-artifacts/M02_libero40/registry/runs/20261010T030315-982cacc8515f/videos/object_task04_episode02_attempt1.mp4,123e524655842e824e67dd80e2017631a8cbe9d7330ab6b1dadc05b193798fc2,"image:left,image2:right",/data/vla-forge-artifacts/M02_libero40/registry/runs/20261010T030315-982cacc8515f/rollout-883a8653aeb74ab3/trajectory.npz,c6ce6fee3bfa5fb37e447b8bf5a295adf919a89e0856d42af2f680544567cfb5,/data/vla-forge-artifacts/M02_libero40/registry/runs/20261010T030315-982cacc8515f/episodes/object_task04_episode02_attempt1/action_trace.json,150249f6b94a3e5df96e24388bdab72e5e3baa0804bef91603e073aea75eceed,/data/vla-forge-artifacts/M02_libero40/registry/runs/20261010T030315-982cacc8515f/episodes/object_task04_episode02_attempt1/episode.json,98d439776a93b41bd9c259d23d5222370073c26f9eaa5e0c8ba104388c313562,
object,libero_object,4,pick_up_the_ketchup_and_place_it_in_the_basket,pick up the ketchup and place it in the basket,3,20261010T030315-982cacc8515f,3,83043,1,complete,True,success,134,280,50,50,relative,31d453f7edd78c839a8bbc39744a292686daf0de,9a9f6413e42c0f332fccbce9a0dc796af2790f82cf002f791cdbf7e01e1afca8,a1aaacb7f6cd6ee5fb43120f673cebb0cfea7dd4,ceab5341cd6ecd1fdc93bed6135ce348e27fa89f3a77b47b4b5bda4015a3b478,"{""observation.images.camera1"": [1, 3, 256, 256], ""observation.images.camera2"": [1, 3, 256, 256], ""observation.language.attention_mask"": [1, 48], ""observation.language.tokens"": [1, 48], ""observation.state"": [1, 8]}",8.72402828358209,3.21165265,301.60511233333335,19.343950580005185,964068864,1002438656,/data/vla-forge-artifacts/M02_libero40/registry/runs/20261010T030315-982cacc8515f/videos/object_task04_episode03_attempt1.mp4,10099b4c5ce11f272483153067c35bb9103ea0661628bf60c4879395d34f5b8c,"image:left,image2:right",/data/vla-forge-artifacts/M02_libero40/registry/runs/20261010T030315-982cacc8515f/rollout-440e23a20fc2aeef/trajectory.npz,bd96dc64b5f628528507b07d001a5d9fc244edb0f839f2fa0ef131fb5bf7276e,/data/vla-forge-artifacts/M02_libero40/registry/runs/20261010T030315-982cacc8515f/episodes/object_task04_episode03_attempt1/action_trace.json,47efe836c9f950d5b35db141904409f41623306f93e263b691ef356a357375f2,/data/vla-forge-artifacts/M02_libero40/registry/runs/20261010T030315-982cacc8515f/episodes/object_task04_episode03_attempt1/episode.json,c141356cf4e2f793172524078e168401a6ba5df88f2ec5fc23672c3b120c3298,
object,libero_object,4,pick_up_the_ketchup_and_place_it_in_the_basket,pick up the ketchup and place it in the basket,4,20261010T030315-982cacc8515f,4,83044,1,complete,False,timeout,280,280,50,50,relative,31d453f7edd78c839a8bbc39744a292686daf0de,9a9f6413e42c0f332fccbce9a0dc796af2790f82cf002f791cdbf7e01e1afca8,a1aaacb7f6cd6ee5fb43120f673cebb0cfea7dd4,ceab5341cd6ecd1fdc93bed6135ce348e27fa89f3a77b47b4b5bda4015a3b478,"{""observation.images.camera1"": [1, 3, 256, 256], ""observation.images.camera2"": [1, 3, 256, 256], ""observation.language.attention_mask"": [1, 48], ""observation.language.tokens"": [1, 48], ""observation.state"": [1, 8]}",8.303107271428573,2.700966450000001,298.343157,39.775074846998905,964068864,1002438656,/data/vla-forge-artifacts/M02_libero40/registry/runs/20261010T030315-982cacc8515f/videos/object_task04_episode04_attempt1.mp4,ea9e040b919c2a892d4c23f21eae1ca946891461fb20054996054d936ac79ebd,"image:left,image2:right",/data/vla-forge-artifacts/M02_libero40/registry/runs/20261010T030315-982cacc8515f/rollout-152e5be5b4249a84/trajectory.npz,d3c4a82bcca5f9bce9531d33994d37189c2d2872a1749b1b8139775c7c863e81,/data/vla-forge-artifacts/M02_libero40/registry/runs/20261010T030315-982cacc8515f/episodes/object_task04_episode04_attempt1/action_trace.json,a36a9d5bdf3b27434c6265f23cbbc7d666e692c219d8edde1cb44c623474d426,/data/vla-forge-artifacts/M02_libero40/registry/runs/20261010T030315-982cacc8515f/episodes/object_task04_episode04_attempt1/episode.json,dde1d531172fd0d20cca5c476de47720ebc12887859ac7c19fa8d2b4ccb08f89,
object,libero_object,4,pick_up_the_ketchup_and_place_it_in_the_basket,pick up the ketchup and place it in the basket,5,20261010T030315-982cacc8515f,5,83045,1,complete,True,success,142,280,50,50,relative,31d453f7edd78c839a8bbc39744a292686daf0de,9a9f6413e42c0f332fccbce9a0dc796af2790f82cf002f791cdbf7e01e1afca8,a1aaacb7f6cd6ee5fb43120f673cebb0cfea7dd4,ceab5341cd6ecd1fdc93bed6135ce348e27fa89f3a77b47b4b5bda4015a3b478,"{""observation.images.camera1"": [1, 3, 256, 256], ""observation.images.camera2"": [1, 3, 256, 256], ""observation.language.attention_mask"": [1, 48], ""observation.language.tokens"": [1, 48], ""observation.state"": [1, 8]}",9.01841428169014,2.5103136999999998,336.65769866666665,20.834031534999667,964068864,1002438656,/data/vla-forge-artifacts/M02_libero40/registry/runs/20261010T030315-982cacc8515f/videos/object_task04_episode05_attempt1.mp4,7ce33732b8e2232e1674e7a5143d8eb8f1e5058b110080d2a4931106821ae63c,"image:left,image2:right",/data/vla-forge-artifacts/M02_libero40/registry/runs/20261010T030315-982cacc8515f/rollout-6e2161bd5698f2f4/trajectory.npz,06fc15d4ecc2d12e53fc8ccfe3390a13b89256b0580abc7fa9f766c8a6c837fb,/data/vla-forge-artifacts/M02_libero40/registry/runs/20261010T030315-982cacc8515f/episodes/object_task04_episode05_attempt1/action_trace.json,1b305fcdf8200f7bb23ef865d788c717c47c27222fde183b86f15be60902cbcb,/data/vla-forge-artifacts/M02_libero40/registry/runs/20261010T030315-982cacc8515f/episodes/object_task04_episode05_attempt1/episode.json,40e729ce7185171a3e3fbc58e78e0c56bf0e9b34456aafb6550f6d4ab45df6be,
object,libero_object,4,pick_up_the_ketchup_and_place_it_in_the_basket,pick up the ketchup and place it in the basket,6,20261010T030315-982cacc8515f,6,83046,1,complete,True,success,134,280,50,50,relative,31d453f7edd78c839a8bbc39744a292686daf0de,9a9f6413e42c0f332fccbce9a0dc796af2790f82cf002f791cdbf7e01e1afca8,a1aaacb7f6cd6ee5fb43120f673cebb0cfea7dd4,ceab5341cd6ecd1fdc93bed6135ce348e27fa89f3a77b47b4b5bda4015a3b478,"{""observation.images.camera1"": [1, 3, 256, 256], ""observation.images.camera2"": [1, 3, 256, 256], ""observation.language.attention_mask"": [1, 48], ""observation.language.tokens"": [1, 48], ""observation.state"": [1, 8]}",8.599418373134329,2.4149965,300.9811823333334,18.862869470001897,964068864,1002438656,/data/vla-forge-artifacts/M02_libero40/registry/runs/20261010T030315-982cacc8515f/videos/object_task04_episode06_attempt1.mp4,16d890b850a557390b5157e104e8c8e9391eedb4761ad2c33aa797f57fb779a2,"image:left,image2:right",/data/vla-forge-artifacts/M02_libero40/registry/runs/20261010T030315-982cacc8515f/rollout-55833fc8db7181c1/trajectory.npz,a56d10f67eb9ed374073dee21f179d14b236e52a026b2f2040363cb8f1ba9ec6,/data/vla-forge-artifacts/M02_libero40/registry/runs/20261010T030315-982cacc8515f/episodes/object_task04_episode06_attempt1/action_trace.json,c707d8f1089007d390e8fac551da8dae5aeb7a0e22a9e36318301b6bafe63767,/data/vla-forge-artifacts/M02_libero40/registry/runs/20261010T030315-982cacc8515f/episodes/object_task04_episode06_attempt1/episode.json,38ae34f249d3af2a1b4b757b5c424612d87096a276c5b3075cfb711b3cbf5f76,
object,libero_object,4,pick_up_the_ketchup_and_place_it_in_the_basket,pick up the ketchup and place it in the basket,7,20261010T030315-982cacc8515f,7,83047,1,complete,True,success,136,280,50,50,relative,31d453f7edd78c839a8bbc39744a292686daf0de,9a9f6413e42c0f332fccbce9a0dc796af2790f82cf002f791cdbf7e01e1afca8,a1aaacb7f6cd6ee5fb43120f673cebb0cfea7dd4,ceab5341cd6ecd1fdc93bed6135ce348e27fa89f3a77b47b4b5bda4015a3b478,"{""observation.images.camera1"": [1, 3, 256, 256], ""observation.images.camera2"": [1, 3, 256, 256], ""observation.language.attention_mask"": [1, 48], ""observation.language.tokens"": [1, 48], ""observation.state"": [1, 8]}",8.566233264705883,2.9129945,302.2350386666667,18.93497354599822,964068864,1002438656,/data/vla-forge-artifacts/M02_libero40/registry/runs/20261010T030315-982cacc8515f/videos/object_task04_episode07_attempt1.mp4,183695362a32b00f05131d21297c931a077cf809f87414de0e36de1f5b0dd963,"image:left,image2:right",/data/vla-forge-artifacts/M02_libero40/registry/runs/20261010T030315-982cacc8515f/rollout-f117520fd3c8a0d3/trajectory.npz,128aa739e646199e6aeb79412f3fdac249c2eb672998fbec9ae0b5ee39abb9ec,/data/vla-forge-artifacts/M02_libero40/registry/runs/20261010T030315-982cacc8515f/episodes/object_task04_episode07_attempt1/action_trace.json,d1b6ece6988386a78e8df3d46bc69f299dd9ec27feadebe5c800f311e6c301ad,/data/vla-forge-artifacts/M02_libero40/registry/runs/20261010T030315-982cacc8515f/episodes/object_task04_episode07_attempt1/episode.json,0dfdd6c3a849e47058d142ec3b7a7bc82405bb153ad954eed43b6eb61b5d11b6,
object,libero_object,4,pick_up_the_ketchup_and_place_it_in_the_basket,pick up the ketchup and place it in the basket,8,20261010T030315-982cacc8515f,8,83048,1,complete,True,success,143,280,50,50,relative,31d453f7edd78c839a8bbc39744a292686daf0de,9a9f6413e42c0f332fccbce9a0dc796af2790f82cf002f791cdbf7e01e1afca8,a1aaacb7f6cd6ee5fb43120f673cebb0cfea7dd4,ceab5341cd6ecd1fdc93bed6135ce348e27fa89f3a77b47b4b5bda4015a3b478,"{""observation.images.camera1"": [1, 3, 256, 256], ""observation.images.camera2"": [1, 3, 256, 256], ""observation.language.attention_mask"": [1, 48], ""observation.language.tokens"": [1, 48], ""observation.state"": [1, 8]}",8.178064167832167,2.5229902000000015,301.568217,20.153803146000428,964068864,1002438656,/data/vla-forge-artifacts/M02_libero40/registry/runs/20261010T030315-982cacc8515f/videos/object_task04_episode08_attempt1.mp4,2c4ecacd3b62b34f43dc6ca5f8522c95ac3f5570979691d35e4611fc3718077b,"image:left,image2:right",/data/vla-forge-artifacts/M02_libero40/registry/runs/20261010T030315-982cacc8515f/rollout-146576d801f84b6e/trajectory.npz,cecccd311ecae777ca4199aa7e9039827bf5a72cf6eed622115df4595cd930ce,/data/vla-forge-artifacts/M02_libero40/registry/runs/20261010T030315-982cacc8515f/episodes/object_task04_episode08_attempt1/action_trace.json,72e682632f25b45f6d99ae72d89626f34b2d429354a2589413a1077fe1d2e98a,/data/vla-forge-artifacts/M02_libero40/registry/runs/20261010T030315-982cacc8515f/episodes/object_task04_episode08_attempt1/episode.json,abb74903d512cf903f6287548b328d9c9a36c7b16cdf646726d7f336ac61d4d3,
object,libero_object,4,pick_up_the_ketchup_and_place_it_in_the_basket,pick up the ketchup and place it in the basket,9,20261010T030315-982cacc8515f,9,83049,1,complete,True,success,146,280,50,50,relative,31d453f7edd78c839a8bbc39744a292686daf0de,9a9f6413e42c0f332fccbce9a0dc796af2790f82cf002f791cdbf7e01e1afca8,a1aaacb7f6cd6ee5fb43120f673cebb0cfea7dd4,ceab5341cd6ecd1fdc93bed6135ce348e27fa89f3a77b47b4b5bda4015a3b478,"{""observation.images.camera1"": [1, 3, 256, 256], ""observation.images.camera2"": [1, 3, 256, 256], ""observation.language.attention_mask"": [1, 48], ""observation.language.tokens"": [1, 48], ""observation.state"": [1, 8]}",8.289863383561643,2.796724,311.5501173333334,19.97086262600351,964068864,1002438656,/data/vla-forge-artifacts/M02_libero40/registry/runs/20261010T030315-982cacc8515f/videos/object_task04_episode09_attempt1.mp4,5e1fefe6586d474d91101cb1cccf156942b2037b737fd3aa0937785074a0543f,"image:left,image2:right",/data/vla-forge-artifacts/M02_libero40/registry/runs/20261010T030315-982cacc8515f/rollout-d73fb4a1080a5499/trajectory.npz,35f8446fbc35e7da86398686916b803d257b4a152fb98c7d6acb1e58b0187063,/data/vla-forge-artifacts/M02_libero40/registry/runs/20261010T030315-982cacc8515f/episodes/object_task04_episode09_attempt1/action_trace.json,30c1f4f315afebf25c9dc0ccde00d5f1782a8d361990d499f844a16c2ba23a3a,/data/vla-forge-artifacts/M02_libero40/registry/runs/20261010T030315-982cacc8515f/episodes/object_task04_episode09_attempt1/episode.json,fc2874b227770ea14ab898165efaf9dc196af52613ef107834bf53f658e10427,
object,libero_object,5,pick_up_the_tomato_sauce_and_place_it_in_the_basket,pick up the tomato sauce and place it in the basket,0,20261010T030315-982cacc8515f,0,83050,1,complete,True,success,124,280,50,50,relative,31d453f7edd78c839a8bbc39744a292686daf0de,9a9f6413e42c0f332fccbce9a0dc796af2790f82cf002f791cdbf7e01e1afca8,a1aaacb7f6cd6ee5fb43120f673cebb0cfea7dd4,ceab5341cd6ecd1fdc93bed6135ce348e27fa89f3a77b47b4b5bda4015a3b478,"{""observation.images.camera1"": [1, 3, 256, 256], ""observation.images.camera2"": [1, 3, 256, 256], ""observation.language.attention_mask"": [1, 48], ""observation.language.tokens"": [1, 48], ""observation.state"": [1, 8]}",9.032865685483875,2.4110719,297.5011196666667,18.577012674002617,964068864,1002438656,/data/vla-forge-artifacts/M02_libero40/registry/runs/20261010T030315-982cacc8515f/videos/object_task05_episode00_attempt1.mp4,6f0ad3ce03feddf0413d07c6795dc2fa64e217c672057fe88e420a843ecf42f0,"image:left,image2:right",/data/vla-forge-artifacts/M02_libero40/registry/runs/20261010T030315-982cacc8515f/rollout-96ffdc146b08a731/trajectory.npz,a40196d626d38206c156950e1d93273511e3dff3585ff52bdc54d279e7942fe3,/data/vla-forge-artifacts/M02_libero40/registry/runs/20261010T030315-982cacc8515f/episodes/object_task05_episode00_attempt1/action_trace.json,6343bbd5ef054231a65bda861b98f0a7401da4ffadc76f1ce50ccc465d6bc986,/data/vla-forge-artifacts/M02_libero40/registry/runs/20261010T030315-982cacc8515f/episodes/object_task05_episode00_attempt1/episode.json,c29254d8c873b259669b1af37eb79307c311101f85f32aeecf916d59978f3e95,
object,libero_object,5,pick_up_the_tomato_sauce_and_place_it_in_the_basket,pick up the tomato sauce and place it in the basket,1,20261010T030315-982cacc8515f,1,83051,1,complete,True,success,123,280,50,50,relative,31d453f7edd78c839a8bbc39744a292686daf0de,9a9f6413e42c0f332fccbce9a0dc796af2790f82cf002f791cdbf7e01e1afca8,a1aaacb7f6cd6ee5fb43120f673cebb0cfea7dd4,ceab5341cd6ecd1fdc93bed6135ce348e27fa89f3a77b47b4b5bda4015a3b478,"{""observation.images.camera1"": [1, 3, 256, 256], ""observation.images.camera2"": [1, 3, 256, 256], ""observation.language.attention_mask"": [1, 48], ""observation.language.tokens"": [1, 48], ""observation.state"": [1, 8]}",10.064892138211382,2.611656199999999,336.8456856666667,18.650951764997444,964068864,1002438656,/data/vla-forge-artifacts/M02_libero40/registry/runs/20261010T030315-982cacc8515f/videos/object_task05_episode01_attempt1.mp4,ac9e56d9b491cffacb1b2edc388402f67ceaee90eeb5f87eea2f54f1d4183c32,"image:left,image2:right",/data/vla-forge-artifacts/M02_libero40/registry/runs/20261010T030315-982cacc8515f/rollout-dfd9fed0d8abac02/trajectory.npz,54f153c51c98f66f292a3946a0ef1f58d6daa3cb90672f18452dc8234868836f,/data/vla-forge-artifacts/M02_libero40/registry/runs/20261010T030315-982cacc8515f/episodes/object_task05_episode01_attempt1/action_trace.json,a478f5cb948172521a5327415a75a35583b0ff844a348c25d0c1231541c8ce74,/data/vla-forge-artifacts/M02_libero40/registry/runs/20261010T030315-982cacc8515f/episodes/object_task05_episode01_attempt1/episode.json,1c924c0b965c46992041561f8e1eeb72d3afcc4b6fd2c6326653aaabce13316b,
object,libero_object,5,pick_up_the_tomato_sauce_and_place_it_in_the_basket,pick up the tomato sauce and place it in the basket,2,20261010T030315-982cacc8515f,2,83052,1,complete,True,success,127,280,50,50,relative,31d453f7edd78c839a8bbc39744a292686daf0de,9a9f6413e42c0f332fccbce9a0dc796af2790f82cf002f791cdbf7e01e1afca8,a1aaacb7f6cd6ee5fb43120f673cebb0cfea7dd4,ceab5341cd6ecd1fdc93bed6135ce348e27fa89f3a77b47b4b5bda4015a3b478,"{""observation.images.camera1"": [1, 3, 256, 256], ""observation.images.camera2"": [1, 3, 256, 256], ""observation.language.attention_mask"": [1, 48], ""observation.language.tokens"": [1, 48], ""observation.state"": [1, 8]}",9.59825179527559,2.155074799999998,329.322124,18.910159470004146,964068864,1002438656,/data/vla-forge-artifacts/M02_libero40/registry/runs/20261010T030315-982cacc8515f/videos/object_task05_episode02_attempt1.mp4,d35f293e92791acae1ed4bea252aa0319373bbb6139b30729f7401113440d464,"image:left,image2:right",/data/vla-forge-artifacts/M02_libero40/registry/runs/20261010T030315-982cacc8515f/rollout-6f23067be7abe989/trajectory.npz,4efd89b5fadd08e321117a7b153818e9c835433f0daf70280c3d6847aea975e5,/data/vla-forge-artifacts/M02_libero40/registry/runs/20261010T030315-982cacc8515f/episodes/object_task05_episode02_attempt1/action_trace.json,4d7810e5bd34e487de85c629ff74bf89655c56d09ad2624fa39b8437ee4c54d5,/data/vla-forge-artifacts/M02_libero40/registry/runs/20261010T030315-982cacc8515f/episodes/object_task05_episode02_attempt1/episode.json,add91cd47ce5333cae26d612d157d6468aeba6ca18bf94a6dbad7b3856d3c0ed,
object,libero_object,5,pick_up_the_tomato_sauce_and_place_it_in_the_basket,pick up the tomato sauce and place it in the basket,3,20261010T030315-982cacc8515f,3,83053,1,complete,True,success,125,280,50,50,relative,31d453f7edd78c839a8bbc39744a292686daf0de,9a9f6413e42c0f332fccbce9a0dc796af2790f82cf002f791cdbf7e01e1afca8,a1aaacb7f6cd6ee5fb43120f673cebb0cfea7dd4,ceab5341cd6ecd1fdc93bed6135ce348e27fa89f3a77b47b4b5bda4015a3b478,"{""observation.images.camera1"": [1, 3, 256, 256], ""observation.images.camera2"": [1, 3, 256, 256], ""observation.language.attention_mask"": [1, 48], ""observation.language.tokens"": [1, 48], ""observation.state"": [1, 8]}",9.179306720000001,2.6750692,304.0679996666667,18.766628197998216,964068864,1002438656,/data/vla-forge-artifacts/M02_libero40/registry/runs/20261010T030315-982cacc8515f/videos/object_task05_episode03_attempt1.mp4,08276194794196ae3dbc989735271c54cf4619f55ed6ea6eda485f7de973b82e,"image:left,image2:right",/data/vla-forge-artifacts/M02_libero40/registry/runs/20261010T030315-982cacc8515f/rollout-712bfc0d8b751aa3/trajectory.npz,5c274511bb083ec016636292bf3f6130992740978984b41eacbefb29fba3abfb,/data/vla-forge-artifacts/M02_libero40/registry/runs/20261010T030315-982cacc8515f/episodes/object_task05_episode03_attempt1/action_trace.json,bcab6ccef322b61094e01179d119053c3ada8c8cdbd5d6854f8cbedeb2eaf23f,/data/vla-forge-artifacts/M02_libero40/registry/runs/20261010T030315-982cacc8515f/episodes/object_task05_episode03_attempt1/episode.json,8b12a7574354e1b5509fb45cfced7975551a217368aebb3b60d1e11a92315e7b,
object,libero_object,5,pick_up_the_tomato_sauce_and_place_it_in_the_basket,pick up the tomato sauce and place it in the basket,4,20261010T030315-982cacc8515f,4,83054,1,complete,False,timeout,280,280,50,50,relative,31d453f7edd78c839a8bbc39744a292686daf0de,9a9f6413e42c0f332fccbce9a0dc796af2790f82cf002f791cdbf7e01e1afca8,a1aaacb7f6cd6ee5fb43120f673cebb0cfea7dd4,ceab5341cd6ecd1fdc93bed6135ce348e27fa89f3a77b47b4b5bda4015a3b478,"{""observation.images.camera1"": [1, 3, 256, 256], ""observation.images.camera2"": [1, 3, 256, 256], ""observation.language.attention_mask"": [1, 48], ""observation.language.tokens"": [1, 48], ""observation.state"": [1, 8]}",8.392196832142858,2.7997122000000014,304.0749045,41.63380659899849,964068864,1002438656,/data/vla-forge-artifacts/M02_libero40/registry/runs/20261010T030315-982cacc8515f/videos/object_task05_episode04_attempt1.mp4,48fbf8b566663ed42aaeec72deb5292d945f85114c676eeeebb128c016f5d25b,"image:left,image2:right",/data/vla-forge-artifacts/M02_libero40/registry/runs/20261010T030315-982cacc8515f/rollout-0acf040d8ce17183/trajectory.npz,8a3a2dbe75c06a552d11b4dbce0fb92666508f303ce2ba4294b33975c8d781a2,/data/vla-forge-artifacts/M02_libero40/registry/runs/20261010T030315-982cacc8515f/episodes/object_task05_episode04_attempt1/action_trace.json,c93d1068ad558a5804ea15e0d3eee728fa7b656ff6b648e91bb9d038edb7e6b9,/data/vla-forge-artifacts/M02_libero40/registry/runs/20261010T030315-982cacc8515f/episodes/object_task05_episode04_attempt1/episode.json,92a49014962ff8e526852bd71601ae1b5bbb2fa8194633756ec3be744518bc1d,
object,libero_object,5,pick_up_the_tomato_sauce_and_place_it_in_the_basket,pick up the tomato sauce and place it in the basket,5,20261010T030315-982cacc8515f,5,83055,1,complete,True,success,116,280,50,50,relative,31d453f7edd78c839a8bbc39744a292686daf0de,9a9f6413e42c0f332fccbce9a0dc796af2790f82cf002f791cdbf7e01e1afca8,a1aaacb7f6cd6ee5fb43120f673cebb0cfea7dd4,ceab5341cd6ecd1fdc93bed6135ce348e27fa89f3a77b47b4b5bda4015a3b478,"{""observation.images.camera1"": [1, 3, 256, 256], ""observation.images.camera2"": [1, 3, 256, 256], ""observation.language.attention_mask"": [1, 48], ""observation.language.tokens"": [1, 48], ""observation.state"": [1, 8]}",9.472138146551725,2.836159,294.87809599999997,17.53455404000124,964068864,1002438656,/data/vla-forge-artifacts/M02_libero40/registry/runs/20261010T030315-982cacc8515f/videos/object_task05_episode05_attempt1.mp4,431166d71cfb8ae473dd14b19364c6d4ca6b25527926acc445d25b240f162b7f,"image:left,image2:right",/data/vla-forge-artifacts/M02_libero40/registry/runs/20261010T030315-982cacc8515f/rollout-e5fe9311c48851e7/trajectory.npz,402322854d2293c0e90296f7eb5f71cb3c20f4e389af30bc8e0173dd460ae9af,/data/vla-forge-artifacts/M02_libero40/registry/runs/20261010T030315-982cacc8515f/episodes/object_task05_episode05_attempt1/action_trace.json,715798b68778e9048759c809ab4677c966aac19b3f711c18914b54f382ed1a89,/data/vla-forge-artifacts/M02_libero40/registry/runs/20261010T030315-982cacc8515f/episodes/object_task05_episode05_attempt1/episode.json,50e0010018be3337e7944ff1ffb26fa01dd54e19f4e0a1384fa1eb4cada83769,
object,libero_object,5,pick_up_the_tomato_sauce_and_place_it_in_the_basket,pick up the tomato sauce and place it in the basket,6,20261010T030315-982cacc8515f,6,83056,1,complete,False,timeout,280,280,50,50,relative,31d453f7edd78c839a8bbc39744a292686daf0de,9a9f6413e42c0f332fccbce9a0dc796af2790f82cf002f791cdbf7e01e1afca8,a1aaacb7f6cd6ee5fb43120f673cebb0cfea7dd4,ceab5341cd6ecd1fdc93bed6135ce348e27fa89f3a77b47b4b5bda4015a3b478,"{""observation.images.camera1"": [1, 3, 256, 256], ""observation.images.camera2"": [1, 3, 256, 256], ""observation.language.attention_mask"": [1, 48], ""observation.language.tokens"": [1, 48], ""observation.state"": [1, 8]}",8.323153428571429,2.362431250000002,302.1570375,40.219833007999114,964068864,1002438656,/data/vla-forge-artifacts/M02_libero40/registry/runs/20261010T030315-982cacc8515f/videos/object_task05_episode06_attempt1.mp4,ad71e6832eb137540d13dfa33cfbf8b1950489866f47ac9657a2c7de85434a99,"image:left,image2:right",/data/vla-forge-artifacts/M02_libero40/registry/runs/20261010T030315-982cacc8515f/rollout-1a7b8cf9ac66c929/trajectory.npz,3c54c21db90c741f3b9c28efd21aa41f7356d0fda7061ff84c639ff75f5268ca,/data/vla-forge-artifacts/M02_libero40/registry/runs/20261010T030315-982cacc8515f/episodes/object_task05_episode06_attempt1/action_trace.json,1d1a9fd331f615bb74aa036bc1469cb82582089ad6672fb9ea1c672d37bc573b,/data/vla-forge-artifacts/M02_libero40/registry/runs/20261010T030315-982cacc8515f/episodes/object_task05_episode06_attempt1/episode.json,9e4f041f6611d9d80346ba4af822467cb3e2e3e2a5975ea9db49e13318903e61,
object,libero_object,5,pick_up_the_tomato_sauce_and_place_it_in_the_basket,pick up the tomato sauce and place it in the basket,7,20261010T030315-982cacc8515f,7,83057,1,complete,False,timeout,280,280,50,50,relative,31d453f7edd78c839a8bbc39744a292686daf0de,9a9f6413e42c0f332fccbce9a0dc796af2790f82cf002f791cdbf7e01e1afca8,a1aaacb7f6cd6ee5fb43120f673cebb0cfea7dd4,ceab5341cd6ecd1fdc93bed6135ce348e27fa89f3a77b47b4b5bda4015a3b478,"{""observation.images.camera1"": [1, 3, 256, 256], ""observation.images.camera2"": [1, 3, 256, 256], ""observation.language.attention_mask"": [1, 48], ""observation.language.tokens"": [1, 48], ""observation.state"": [1, 8]}",8.285252371428571,2.3947628000000005,301.01816833333334,41.15456844500295,964068864,1002438656,/data/vla-forge-artifacts/M02_libero40/registry/runs/20261010T030315-982cacc8515f/videos/object_task05_episode07_attempt1.mp4,42b86022e9d7cc52a86820f640864fe49eae177b1a598e99fe4ea7051665a2a7,"image:left,image2:right",/data/vla-forge-artifacts/M02_libero40/registry/runs/20261010T030315-982cacc8515f/rollout-ebb5b0d0eb5d04f1/trajectory.npz,183608a92f82a6cff4ed8cfc9e7cb0472cb7eb0e454895f083ba2be9a962e4d9,/data/vla-forge-artifacts/M02_libero40/registry/runs/20261010T030315-982cacc8515f/episodes/object_task05_episode07_attempt1/action_trace.json,a3b823ba7864974e7bc432dc1c0fc4930e4835cc9726d5c80d95781b169f784a,/data/vla-forge-artifacts/M02_libero40/registry/runs/20261010T030315-982cacc8515f/episodes/object_task05_episode07_attempt1/episode.json,49475f2923e98995f6206cfce9db37e03df8b2e420dc17599cd21da10348203e,
object,libero_object,5,pick_up_the_tomato_sauce_and_place_it_in_the_basket,pick up the tomato sauce and place it in the basket,8,20261010T030315-982cacc8515f,8,83058,1,complete,True,success,111,280,50,50,relative,31d453f7edd78c839a8bbc39744a292686daf0de,9a9f6413e42c0f332fccbce9a0dc796af2790f82cf002f791cdbf7e01e1afca8,a1aaacb7f6cd6ee5fb43120f673cebb0cfea7dd4,ceab5341cd6ecd1fdc93bed6135ce348e27fa89f3a77b47b4b5bda4015a3b478,"{""observation.images.camera1"": [1, 3, 256, 256], ""observation.images.camera2"": [1, 3, 256, 256], ""observation.language.attention_mask"": [1, 48], ""observation.language.tokens"": [1, 48], ""observation.state"": [1, 8]}",10.029141,2.735359,302.32508733333333,16.849397890997352,964068864,1002438656,/data/vla-forge-artifacts/M02_libero40/registry/runs/20261010T030315-982cacc8515f/videos/object_task05_episode08_attempt1.mp4,252418b2ff72913f62d54750200c5aed6342d09071998efdbaf46c165c72469e,"image:left,image2:right",/data/vla-forge-artifacts/M02_libero40/registry/runs/20261010T030315-982cacc8515f/rollout-2f2ce62449dbd472/trajectory.npz,a8e3dc8a2c988b22f545106106f989ebd2827c6b72326c982a16ed3a2dec79bb,/data/vla-forge-artifacts/M02_libero40/registry/runs/20261010T030315-982cacc8515f/episodes/object_task05_episode08_attempt1/action_trace.json,9878c73458bbfdf6d49d6b0165c7e4b3c2b9001e24a94c8b693e7de00a2f7333,/data/vla-forge-artifacts/M02_libero40/registry/runs/20261010T030315-982cacc8515f/episodes/object_task05_episode08_attempt1/episode.json,ad35263e47f6ad508ded89d2e8837cd03b5ae619973c10ddfb1c9ff0395e4548,
object,libero_object,5,pick_up_the_tomato_sauce_and_place_it_in_the_basket,pick up the tomato sauce and place it in the basket,9,20261010T030315-982cacc8515f,9,83059,1,complete,True,success,116,280,50,50,relative,31d453f7edd78c839a8bbc39744a292686daf0de,9a9f6413e42c0f332fccbce9a0dc796af2790f82cf002f791cdbf7e01e1afca8,a1aaacb7f6cd6ee5fb43120f673cebb0cfea7dd4,ceab5341cd6ecd1fdc93bed6135ce348e27fa89f3a77b47b4b5bda4015a3b478,"{""observation.images.camera1"": [1, 3, 256, 256], ""observation.images.camera2"": [1, 3, 256, 256], ""observation.language.attention_mask"": [1, 48], ""observation.language.tokens"": [1, 48], ""observation.state"": [1, 8]}",9.524494827586205,2.757364,295.71524666666664,17.88902009299636,964068864,1002438656,/data/vla-forge-artifacts/M02_libero40/registry/runs/20261010T030315-982cacc8515f/videos/object_task05_episode09_attempt1.mp4,5c13a1c7b57e6a449dc9856395630b330fb55b1c5f2077efba96d4cd38cc8d2f,"image:left,image2:right",/data/vla-forge-artifacts/M02_libero40/registry/runs/20261010T030315-982cacc8515f/rollout-b7f7c5bf4b853d15/trajectory.npz,55c45ccf4f89094afe18f78725011cccc208952a78889f29decedfe920ce4904,/data/vla-forge-artifacts/M02_libero40/registry/runs/20261010T030315-982cacc8515f/episodes/object_task05_episode09_attempt1/action_trace.json,c048aed9b441d9511151474e04ffe4d21b43eb7778225a9a2f5e802b47e650c5,/data/vla-forge-artifacts/M02_libero40/registry/runs/20261010T030315-982cacc8515f/episodes/object_task05_episode09_attempt1/episode.json,9461edf0c852f595bf4ed0b86fda7658cac87f0575ee2bd28c5933a8aa1e1665,
object,libero_object,6,pick_up_the_butter_and_place_it_in_the_basket,pick up the butter and place it in the basket,0,20261010T030315-982cacc8515f,0,83060,1,complete,True,success,146,280,50,50,relative,31d453f7edd78c839a8bbc39744a292686daf0de,9a9f6413e42c0f332fccbce9a0dc796af2790f82cf002f791cdbf7e01e1afca8,a1aaacb7f6cd6ee5fb43120f673cebb0cfea7dd4,ceab5341cd6ecd1fdc93bed6135ce348e27fa89f3a77b47b4b5bda4015a3b478,"{""observation.images.camera1"": [1, 3, 256, 256], ""observation.images.camera2"": [1, 3, 256, 256], ""observation.language.attention_mask"": [1, 48], ""observation.language.tokens"": [1, 48], ""observation.state"": [1, 8]}",7.9722447123287665,2.509979,297.5436626666667,21.111721503999433,964068864,1002438656,/data/vla-forge-artifacts/M02_libero40/registry/runs/20261010T030315-982cacc8515f/videos/object_task06_episode00_attempt1.mp4,36e02cbbf822470626169e19f17541feb2a941ce32510bc6e9a38a85ee360265,"image:left,image2:right",/data/vla-forge-artifacts/M02_libero40/registry/runs/20261010T030315-982cacc8515f/rollout-2c40853404b12d20/trajectory.npz,36903581456ee469699e2fbf6f6c50704b253bf5fc3f3e7b5513e35c551e6229,/data/vla-forge-artifacts/M02_libero40/registry/runs/20261010T030315-982cacc8515f/episodes/object_task06_episode00_attempt1/action_trace.json,1b7e099011df28352b9cd1df8552400e29d44141effdf02c38ae2eec32683608,/data/vla-forge-artifacts/M02_libero40/registry/runs/20261010T030315-982cacc8515f/episodes/object_task06_episode00_attempt1/episode.json,5b849468224bf881edee8ae760f43263845f443f8e0430b080323c1a5d9ec61c,
object,libero_object,6,pick_up_the_butter_and_place_it_in_the_basket,pick up the butter and place it in the basket,1,20261010T030315-982cacc8515f,1,83061,1,complete,False,timeout,280,280,50,50,relative,31d453f7edd78c839a8bbc39744a292686daf0de,9a9f6413e42c0f332fccbce9a0dc796af2790f82cf002f791cdbf7e01e1afca8,a1aaacb7f6cd6ee5fb43120f673cebb0cfea7dd4,ceab5341cd6ecd1fdc93bed6135ce348e27fa89f3a77b47b4b5bda4015a3b478,"{""observation.images.camera1"": [1, 3, 256, 256], ""observation.images.camera2"": [1, 3, 256, 256], ""observation.language.attention_mask"": [1, 48], ""observation.language.tokens"": [1, 48], ""observation.state"": [1, 8]}",8.321545992857143,2.6234559000000024,302.0290815,40.72115647899773,964068864,1002438656,/data/vla-forge-artifacts/M02_libero40/registry/runs/20261010T030315-982cacc8515f/videos/object_task06_episode01_attempt1.mp4,b3758689b8aa22581e2e5ff9620089d101daf8372c482648264bc4f8eab56794,"image:left,image2:right",/data/vla-forge-artifacts/M02_libero40/registry/runs/20261010T030315-982cacc8515f/rollout-cb1dafa79793a566/trajectory.npz,7bac4333c0c1bc054de30916095bdf2dbaef5f54d144b93d4cddadafceda3b30,/data/vla-forge-artifacts/M02_libero40/registry/runs/20261010T030315-982cacc8515f/episodes/object_task06_episode01_attempt1/action_trace.json,5e7521608230b2b82b9f6d7bc8af0cef0b0752ce31d26f454c1bf7c182ca6ab4,/data/vla-forge-artifacts/M02_libero40/registry/runs/20261010T030315-982cacc8515f/episodes/object_task06_episode01_attempt1/episode.json,2e9438e4881148b23cc9b0658fd3a72e72b4ecab1de6ceb4491c47918239a671,
object,libero_object,6,pick_up_the_butter_and_place_it_in_the_basket,pick up the butter and place it in the basket,2,20261010T030315-982cacc8515f,2,83062,1,complete,True,success,133,280,50,50,relative,31d453f7edd78c839a8bbc39744a292686daf0de,9a9f6413e42c0f332fccbce9a0dc796af2790f82cf002f791cdbf7e01e1afca8,a1aaacb7f6cd6ee5fb43120f673cebb0cfea7dd4,ceab5341cd6ecd1fdc93bed6135ce348e27fa89f3a77b47b4b5bda4015a3b478,"{""observation.images.camera1"": [1, 3, 256, 256], ""observation.images.camera2"": [1, 3, 256, 256], ""observation.language.attention_mask"": [1, 48], ""observation.language.tokens"": [1, 48], ""observation.state"": [1, 8]}",9.437401481203008,2.5764918,336.1015946666667,19.872101382999972,964068864,1002438656,/data/vla-forge-artifacts/M02_libero40/registry/runs/20261010T030315-982cacc8515f/videos/object_task06_episode02_attempt1.mp4,90bc18b3e4988490a93bec5182eff9f48c64b8db5e94fb0ecd0fd02291cc7d2e,"image:left,image2:right",/data/vla-forge-artifacts/M02_libero40/registry/runs/20261010T030315-982cacc8515f/rollout-f104891e47dc5df9/trajectory.npz,d9b20dd15b25d6005b3ebeb9ebe9dfd4c1cb02bac36c15a236094ab76f1989f3,/data/vla-forge-artifacts/M02_libero40/registry/runs/20261010T030315-982cacc8515f/episodes/object_task06_episode02_attempt1/action_trace.json,7f4f958c3a23dadac44235959012b27324dfbd6526372f76d9a62c8b04f70ad4,/data/vla-forge-artifacts/M02_libero40/registry/runs/20261010T030315-982cacc8515f/episodes/object_task06_episode02_attempt1/episode.json,45b908fd71e278e6637ed6a1088c1402c07370bd617439b966a9d0e804b798c1,
object,libero_object,6,pick_up_the_butter_and_place_it_in_the_basket,pick up the butter and place it in the basket,3,20261010T030315-982cacc8515f,3,83063,1,complete,True,success,133,280,50,50,relative,31d453f7edd78c839a8bbc39744a292686daf0de,9a9f6413e42c0f332fccbce9a0dc796af2790f82cf002f791cdbf7e01e1afca8,a1aaacb7f6cd6ee5fb43120f673cebb0cfea7dd4,ceab5341cd6ecd1fdc93bed6135ce348e27fa89f3a77b47b4b5bda4015a3b478,"{""observation.images.camera1"": [1, 3, 256, 256], ""observation.images.camera2"": [1, 3, 256, 256], ""observation.language.attention_mask"": [1, 48], ""observation.language.tokens"": [1, 48], ""observation.state"": [1, 8]}",8.960662353383459,2.5789833999999994,314.397983,19.700203392007097,964068864,1002438656,/data/vla-forge-artifacts/M02_libero40/registry/runs/20261010T030315-982cacc8515f/videos/object_task06_episode03_attempt1.mp4,519fdb87b1e687f76d4cc64301bd5fd5f42e543ce7a0eda8cb60644a5003b304,"image:left,image2:right",/data/vla-forge-artifacts/M02_libero40/registry/runs/20261010T030315-982cacc8515f/rollout-6c9166c7ae50240b/trajectory.npz,d4b88acd1947fffe8b5a3b49b2c17a4ec30a52739c2f7b67a08cafdc44fe7389,/data/vla-forge-artifacts/M02_libero40/registry/runs/20261010T030315-982cacc8515f/episodes/object_task06_episode03_attempt1/action_trace.json,01e3910ec128b469c4136b81c934c043711d5544a28481c7899fd6c28da8fff6,/data/vla-forge-artifacts/M02_libero40/registry/runs/20261010T030315-982cacc8515f/episodes/object_task06_episode03_attempt1/episode.json,78ca4e908f878d964a0521c158b9ee08facd219748561a1465795a9302f16b60,
object,libero_object,6,pick_up_the_butter_and_place_it_in_the_basket,pick up the butter and place it in the basket,4,20261010T030315-982cacc8515f,4,83064,1,complete,True,success,139,280,50,50,relative,31d453f7edd78c839a8bbc39744a292686daf0de,9a9f6413e42c0f332fccbce9a0dc796af2790f82cf002f791cdbf7e01e1afca8,a1aaacb7f6cd6ee5fb43120f673cebb0cfea7dd4,ceab5341cd6ecd1fdc93bed6135ce348e27fa89f3a77b47b4b5bda4015a3b478,"{""observation.images.camera1"": [1, 3, 256, 256], ""observation.images.camera2"": [1, 3, 256, 256], ""observation.language.attention_mask"": [1, 48], ""observation.language.tokens"": [1, 48], ""observation.state"": [1, 8]}",8.32384910791367,2.5045123999999994,299.885804,20.325187645998085,964068864,1002438656,/data/vla-forge-artifacts/M02_libero40/registry/runs/20261010T030315-982cacc8515f/videos/object_task06_episode04_attempt1.mp4,4bd81caad0e3c05881c03cc94248d18de462c331dfae90e4986ceacd88d0e501,"image:left,image2:right",/data/vla-forge-artifacts/M02_libero40/registry/runs/20261010T030315-982cacc8515f/rollout-42824f7d29cf0212/trajectory.npz,224c51543e3bc5327e217fb15c202a5c0fbc7bdf73434b5ed5f02904a3b5eaf7,/data/vla-forge-artifacts/M02_libero40/registry/runs/20261010T030315-982cacc8515f/episodes/object_task06_episode04_attempt1/action_trace.json,9d9656957fa54ac81277fde11b90e63322b99d73a3415fa7470d95947571094c,/data/vla-forge-artifacts/M02_libero40/registry/runs/20261010T030315-982cacc8515f/episodes/object_task06_episode04_attempt1/episode.json,04403585378a3237c7636b8ade1aa5d01e19dc77d27c8f2115a10949b7257b02,
object,libero_object,6,pick_up_the_butter_and_place_it_in_the_basket,pick up the butter and place it in the basket,5,20261010T030315-982cacc8515f,5,83065,1,complete,True,success,142,280,50,50,relative,31d453f7edd78c839a8bbc39744a292686daf0de,9a9f6413e42c0f332fccbce9a0dc796af2790f82cf002f791cdbf7e01e1afca8,a1aaacb7f6cd6ee5fb43120f673cebb0cfea7dd4,ceab5341cd6ecd1fdc93bed6135ce348e27fa89f3a77b47b4b5bda4015a3b478,"{""observation.images.camera1"": [1, 3, 256, 256], ""observation.images.camera2"": [1, 3, 256, 256], ""observation.language.attention_mask"": [1, 48], ""observation.language.tokens"": [1, 48], ""observation.state"": [1, 8]}",8.075966859154931,2.5551801999999997,294.55040166666663,20.49044922900066,964068864,1002438656,/data/vla-forge-artifacts/M02_libero40/registry/runs/20261010T030315-982cacc8515f/videos/object_task06_episode05_attempt1.mp4,96276bf779fcef7ca54d4cc4e56ecde027873b3166bbbab88a258f492ec5ce4a,"image:left,image2:right",/data/vla-forge-artifacts/M02_libero40/registry/runs/20261010T030315-982cacc8515f/rollout-29e46eb94455a4cc/trajectory.npz,9cb5baddb7075f14b32ff1efb071511ba3a977bc2029746a7fdb90610e596844,/data/vla-forge-artifacts/M02_libero40/registry/runs/20261010T030315-982cacc8515f/episodes/object_task06_episode05_attempt1/action_trace.json,8801b91a6cfc7c694593c1b840c8956ab68a57a7a74ae9600f706444fda283d1,/data/vla-forge-artifacts/M02_libero40/registry/runs/20261010T030315-982cacc8515f/episodes/object_task06_episode05_attempt1/episode.json,4209dba61eb32a086381f1fb53d308ff46e2516b0dc7392742ed6e15c66bbba1,
object,libero_object,6,pick_up_the_butter_and_place_it_in_the_basket,pick up the butter and place it in the basket,6,20261010T030315-982cacc8515f,6,83066,1,complete,True,success,151,280,50,50,relative,31d453f7edd78c839a8bbc39744a292686daf0de,9a9f6413e42c0f332fccbce9a0dc796af2790f82cf002f791cdbf7e01e1afca8,a1aaacb7f6cd6ee5fb43120f673cebb0cfea7dd4,ceab5341cd6ecd1fdc93bed6135ce348e27fa89f3a77b47b4b5bda4015a3b478,"{""observation.images.camera1"": [1, 3, 256, 256], ""observation.images.camera2"": [1, 3, 256, 256], ""observation.language.attention_mask"": [1, 48], ""observation.language.tokens"": [1, 48], ""observation.state"": [1, 8]}",9.782084516556292,2.671965,299.552138,21.905521312997735,964068864,1002438656,/data/vla-forge-artifacts/M02_libero40/registry/runs/20261010T030315-982cacc8515f/videos/object_task06_episode06_attempt1.mp4,ed6cdd3693610c2cd6cd088f083a13a70d794f9abada3938e68fd389a33257a1,"image:left,image2:right",/data/vla-forge-artifacts/M02_libero40/registry/runs/20261010T030315-982cacc8515f/rollout-dd1c1b1c13eb0e24/trajectory.npz,ebf4a6e935a5b1521b305f3f4017205366f30e078e7c7dcf16898a73c631d953,/data/vla-forge-artifacts/M02_libero40/registry/runs/20261010T030315-982cacc8515f/episodes/object_task06_episode06_attempt1/action_trace.json,a1dcd6e963436844127757fab8b969bd743e7258300ee980754782dfb87f46ee,/data/vla-forge-artifacts/M02_libero40/registry/runs/20261010T030315-982cacc8515f/episodes/object_task06_episode06_attempt1/episode.json,9ff3d0a4822015e42a0946ba5f202287c124b608f7388c23e30902c90b49367d,
object,libero_object,6,pick_up_the_butter_and_place_it_in_the_basket,pick up the butter and place it in the basket,7,20261010T030315-982cacc8515f,7,83067,1,complete,True,success,131,280,50,50,relative,31d453f7edd78c839a8bbc39744a292686daf0de,9a9f6413e42c0f332fccbce9a0dc796af2790f82cf002f791cdbf7e01e1afca8,a1aaacb7f6cd6ee5fb43120f673cebb0cfea7dd4,ceab5341cd6ecd1fdc93bed6135ce348e27fa89f3a77b47b4b5bda4015a3b478,"{""observation.images.camera1"": [1, 3, 256, 256], ""observation.images.camera2"": [1, 3, 256, 256], ""observation.language.attention_mask"": [1, 48], ""observation.language.tokens"": [1, 48], ""observation.state"": [1, 8]}",9.439933229007634,2.572981,331.0467516666667,19.254649980997783,964068864,1002438656,/data/vla-forge-artifacts/M02_libero40/registry/runs/20261010T030315-982cacc8515f/videos/object_task06_episode07_attempt1.mp4,7b7777abce925a45c73806b904276f6344ae79ea83c0909e545fd8f977d0be69,"image:left,image2:right",/data/vla-forge-artifacts/M02_libero40/registry/runs/20261010T030315-982cacc8515f/rollout-2b314b2fb287fe2c/trajectory.npz,1c1ab0be97c9a66dbcd31511ddfc2c4a1eb3f6e710f45a0c3b1cb78638a4813c,/data/vla-forge-artifacts/M02_libero40/registry/runs/20261010T030315-982cacc8515f/episodes/object_task06_episode07_attempt1/action_trace.json,073f9b1fc4ed38576df3e5ac08e755db7ad27c9ac4e7415c6dab9863f8965bbe,/data/vla-forge-artifacts/M02_libero40/registry/runs/20261010T030315-982cacc8515f/episodes/object_task06_episode07_attempt1/episode.json,f7546e2f5f56288172787bbe780e7c4cd7a29b304a1e754a132752271f0d9aa6,
object,libero_object,6,pick_up_the_butter_and_place_it_in_the_basket,pick up the butter and place it in the basket,8,20261010T030315-982cacc8515f,8,83068,1,complete,True,success,135,280,50,50,relative,31d453f7edd78c839a8bbc39744a292686daf0de,9a9f6413e42c0f332fccbce9a0dc796af2790f82cf002f791cdbf7e01e1afca8,a1aaacb7f6cd6ee5fb43120f673cebb0cfea7dd4,ceab5341cd6ecd1fdc93bed6135ce348e27fa89f3a77b47b4b5bda4015a3b478,"{""observation.images.camera1"": [1, 3, 256, 256], ""observation.images.camera2"": [1, 3, 256, 256], ""observation.language.attention_mask"": [1, 48], ""observation.language.tokens"": [1, 48], ""observation.state"": [1, 8]}",8.67398582962963,2.8402396000000003,305.6132626666667,20.223796065998613,964068864,1002438656,/data/vla-forge-artifacts/M02_libero40/registry/runs/20261010T030315-982cacc8515f/videos/object_task06_episode08_attempt1.mp4,1584846c5018c559ac7ff92f470c6ad7145101734cf758efe5096308bdc98bba,"image:left,image2:right",/data/vla-forge-artifacts/M02_libero40/registry/runs/20261010T030315-982cacc8515f/rollout-24875e3fe690933f/trajectory.npz,d7b48cf05ff12cb22c6ae835583146960627998f216e172001e82a2777b22026,/data/vla-forge-artifacts/M02_libero40/registry/runs/20261010T030315-982cacc8515f/episodes/object_task06_episode08_attempt1/action_trace.json,eae8eff76b3a5c321e73f753cc6945657010b2417e3348926b0190d3e49f4eec,/data/vla-forge-artifacts/M02_libero40/registry/runs/20261010T030315-982cacc8515f/episodes/object_task06_episode08_attempt1/episode.json,ad34de1a29bcf6da3b20e0c05cc522aac6e73e5b79037a5438b87be6dc32f85c,
object,libero_object,6,pick_up_the_butter_and_place_it_in_the_basket,pick up the butter and place it in the basket,9,20261010T030315-982cacc8515f,9,83069,1,complete,True,success,146,280,50,50,relative,31d453f7edd78c839a8bbc39744a292686daf0de,9a9f6413e42c0f332fccbce9a0dc796af2790f82cf002f791cdbf7e01e1afca8,a1aaacb7f6cd6ee5fb43120f673cebb0cfea7dd4,ceab5341cd6ecd1fdc93bed6135ce348e27fa89f3a77b47b4b5bda4015a3b478,"{""observation.images.camera1"": [1, 3, 256, 256], ""observation.images.camera2"": [1, 3, 256, 256], ""observation.language.attention_mask"": [1, 48], ""observation.language.tokens"": [1, 48], ""observation.state"": [1, 8]}",7.826233205479452,2.178537,293.323906,20.652541560004465,964068864,1002438656,/data/vla-forge-artifacts/M02_libero40/registry/runs/20261010T030315-982cacc8515f/videos/object_task06_episode09_attempt1.mp4,769e60d1cb6cf2d4cf8c1c4df13dd88efc68151d6b6a3ce624fcd9fae8dd6465,"image:left,image2:right",/data/vla-forge-artifacts/M02_libero40/registry/runs/20261010T030315-982cacc8515f/rollout-d9e32e6735fd3ca3/trajectory.npz,299695f8ee116113c6d3c8eb1d739ca83e9de7ece25143611bc16e38156ff356,/data/vla-forge-artifacts/M02_libero40/registry/runs/20261010T030315-982cacc8515f/episodes/object_task06_episode09_attempt1/action_trace.json,3aecd5f8bbf97c54f90fe1210e43a1abf36f3dbec7432c9508a1b7c6ce13766e,/data/vla-forge-artifacts/M02_libero40/registry/runs/20261010T030315-982cacc8515f/episodes/object_task06_episode09_attempt1/episode.json,dd5eb1d13fd68490e3243407e8bb14fc8105de6181817aa98e84d06dc5869931,
object,libero_object,7,pick_up_the_milk_and_place_it_in_the_basket,pick up the milk and place it in the basket,0,20261010T030315-982cacc8515f,0,83070,1,complete,True,success,135,280,50,50,relative,31d453f7edd78c839a8bbc39744a292686daf0de,9a9f6413e42c0f332fccbce9a0dc796af2790f82cf002f791cdbf7e01e1afca8,a1aaacb7f6cd6ee5fb43120f673cebb0cfea7dd4,ceab5341cd6ecd1fdc93bed6135ce348e27fa89f3a77b47b4b5bda4015a3b478,"{""observation.images.camera1"": [1, 3, 256, 256], ""observation.images.camera2"": [1, 3, 256, 256], ""observation.language.attention_mask"": [1, 48], ""observation.language.tokens"": [1, 48], ""observation.state"": [1, 8]}",8.461782792592594,2.2352353999999997,298.4628146666667,20.008674405995407,964068864,1002438656,/data/vla-forge-artifacts/M02_libero40/registry/runs/20261010T030315-982cacc8515f/videos/object_task07_episode00_attempt1.mp4,33b0e8641742d3e834882244da4e6b32e8b0e7a35550575d1364483c8013fa33,"image:left,image2:right",/data/vla-forge-artifacts/M02_libero40/registry/runs/20261010T030315-982cacc8515f/rollout-6cde7c3c908e4b01/trajectory.npz,8e057dc6a99af25f2bd076d4a6d9f509daf0ccedbabcc742aaf812f672b9ca13,/data/vla-forge-artifacts/M02_libero40/registry/runs/20261010T030315-982cacc8515f/episodes/object_task07_episode00_attempt1/action_trace.json,4887c5c57d7fa19de9c79445818b2f57baa19503817230e5001a123603baed4d,/data/vla-forge-artifacts/M02_libero40/registry/runs/20261010T030315-982cacc8515f/episodes/object_task07_episode00_attempt1/episode.json,27be4bfabdc7e976e43c15a13b66a6f8e829b57802ea24319ac15f505734a7d8,
object,libero_object,7,pick_up_the_milk_and_place_it_in_the_basket,pick up the milk and place it in the basket,1,20261010T030315-982cacc8515f,1,83071,1,complete,True,success,123,280,50,50,relative,31d453f7edd78c839a8bbc39744a292686daf0de,9a9f6413e42c0f332fccbce9a0dc796af2790f82cf002f791cdbf7e01e1afca8,a1aaacb7f6cd6ee5fb43120f673cebb0cfea7dd4,ceab5341cd6ecd1fdc93bed6135ce348e27fa89f3a77b47b4b5bda4015a3b478,"{""observation.images.camera1"": [1, 3, 256, 256], ""observation.images.camera2"": [1, 3, 256, 256], ""observation.language.attention_mask"": [1, 48], ""observation.language.tokens"": [1, 48], ""observation.state"": [1, 8]}",9.673344796747967,3.1780323999999993,316.56545166666666,18.586442140003783,964068864,1002438656,/data/vla-forge-artifacts/M02_libero40/registry/runs/20261010T030315-982cacc8515f/videos/object_task07_episode01_attempt1.mp4,ff65a4434ae6da0d0352bbd7683a798e0e8b7de5c03e4440a1f6ee9675c29e2b,"image:left,image2:right",/data/vla-forge-artifacts/M02_libero40/registry/runs/20261010T030315-982cacc8515f/rollout-66daad350e8a9cb4/trajectory.npz,5a1d2a9b5e17c90151a89e48aad5003e2f56c175df6490ceefdeae15aa8bd5a0,/data/vla-forge-artifacts/M02_libero40/registry/runs/20261010T030315-982cacc8515f/episodes/object_task07_episode01_attempt1/action_trace.json,d14934e25aac8d399705b839e63dd3c8ca38e6d34ad60640da85f246f7b7f17e,/data/vla-forge-artifacts/M02_libero40/registry/runs/20261010T030315-982cacc8515f/episodes/object_task07_episode01_attempt1/episode.json,fce75f131087ad94204968943d439142f926ea6b69a692219cf379f4fc01933d,
object,libero_object,7,pick_up_the_milk_and_place_it_in_the_basket,pick up the milk and place it in the basket,2,20261010T030315-982cacc8515f,2,83072,1,complete,False,timeout,280,280,50,50,relative,31d453f7edd78c839a8bbc39744a292686daf0de,9a9f6413e42c0f332fccbce9a0dc796af2790f82cf002f791cdbf7e01e1afca8,a1aaacb7f6cd6ee5fb43120f673cebb0cfea7dd4,ceab5341cd6ecd1fdc93bed6135ce348e27fa89f3a77b47b4b5bda4015a3b478,"{""observation.images.camera1"": [1, 3, 256, 256], ""observation.images.camera2"": [1, 3, 256, 256], ""observation.language.attention_mask"": [1, 48], ""observation.language.tokens"": [1, 48], ""observation.state"": [1, 8]}",8.435480560714286,2.6648306500000003,306.16687699999994,42.49092236100114,964068864,1002438656,/data/vla-forge-artifacts/M02_libero40/registry/runs/20261010T030315-982cacc8515f/videos/object_task07_episode02_attempt1.mp4,b2d54e20fbcd028b2e6883eb6ef38fc4952c196278796095693434f944d1457d,"image:left,image2:right",/data/vla-forge-artifacts/M02_libero40/registry/runs/20261010T030315-982cacc8515f/rollout-b5b84024ecee4e0c/trajectory.npz,a1215b5e11d1bb4e365913ff285a40c746234e92014aa0b767adfa270f301e46,/data/vla-forge-artifacts/M02_libero40/registry/runs/20261010T030315-982cacc8515f/episodes/object_task07_episode02_attempt1/action_trace.json,171b327c374c1122464556cda41686286373594c6caefc95f04135ca721c2415,/data/vla-forge-artifacts/M02_libero40/registry/runs/20261010T030315-982cacc8515f/episodes/object_task07_episode02_attempt1/episode.json,871d3d61d6c2fec410c0f1ad105a17d371886ade0cdffcf83f0cad8445abb2ec,
object,libero_object,7,pick_up_the_milk_and_place_it_in_the_basket,pick up the milk and place it in the basket,3,20261010T030315-982cacc8515f,3,83073,1,complete,True,success,126,280,50,50,relative,31d453f7edd78c839a8bbc39744a292686daf0de,9a9f6413e42c0f332fccbce9a0dc796af2790f82cf002f791cdbf7e01e1afca8,a1aaacb7f6cd6ee5fb43120f673cebb0cfea7dd4,ceab5341cd6ecd1fdc93bed6135ce348e27fa89f3a77b47b4b5bda4015a3b478,"{""observation.images.camera1"": [1, 3, 256, 256], ""observation.images.camera2"": [1, 3, 256, 256], ""observation.language.attention_mask"": [1, 48], ""observation.language.tokens"": [1, 48], ""observation.state"": [1, 8]}",9.453292412698413,2.7384697499999997,318.43565199999995,18.96746990900283,964068864,1002438656,/data/vla-forge-artifacts/M02_libero40/registry/runs/20261010T030315-982cacc8515f/videos/object_task07_episode03_attempt1.mp4,a9ee68bfc92c6912c65dcea3569a119e0db402fcde078a091d8f5fedcd5a27f3,"image:left,image2:right",/data/vla-forge-artifacts/M02_libero40/registry/runs/20261010T030315-982cacc8515f/rollout-e22344f1b3fe3c42/trajectory.npz,2961756e75bddf9d5be9f6d5eafa98b6878490a37245847b85cace8e999a8cfc,/data/vla-forge-artifacts/M02_libero40/registry/runs/20261010T030315-982cacc8515f/episodes/object_task07_episode03_attempt1/action_trace.json,0f8666d02ed96f0dfdc024393255a269fea6657f364f6ce85708ee9edc0c6d40,/data/vla-forge-artifacts/M02_libero40/registry/runs/20261010T030315-982cacc8515f/episodes/object_task07_episode03_attempt1/episode.json,a820df2fe79488932d38880b563c8b9640cff5622a87cdaa51cb426048ef780e,
object,libero_object,7,pick_up_the_milk_and_place_it_in_the_basket,pick up the milk and place it in the basket,4,20261010T030315-982cacc8515f,4,83074,1,complete,False,timeout,280,280,50,50,relative,31d453f7edd78c839a8bbc39744a292686daf0de,9a9f6413e42c0f332fccbce9a0dc796af2790f82cf002f791cdbf7e01e1afca8,a1aaacb7f6cd6ee5fb43120f673cebb0cfea7dd4,ceab5341cd6ecd1fdc93bed6135ce348e27fa89f3a77b47b4b5bda4015a3b478,"{""observation.images.camera1"": [1, 3, 256, 256], ""observation.images.camera2"": [1, 3, 256, 256], ""observation.language.attention_mask"": [1, 48], ""observation.language.tokens"": [1, 48], ""observation.state"": [1, 8]}",8.446707807142856,2.8603256000000004,304.45209916666664,41.50732627900288,964068864,1002438656,/data/vla-forge-artifacts/M02_libero40/registry/runs/20261010T030315-982cacc8515f/videos/object_task07_episode04_attempt1.mp4,df635e7a95d4297636196452b9ac3feed728fab7a90492a7578834f117ef97e4,"image:left,image2:right",/data/vla-forge-artifacts/M02_libero40/registry/runs/20261010T030315-982cacc8515f/rollout-c7416b4d790d6ed5/trajectory.npz,0d0ddeb6cf8c6a88b4945a1aa28289b63fde812959dda8763aa1fe567ff12753,/data/vla-forge-artifacts/M02_libero40/registry/runs/20261010T030315-982cacc8515f/episodes/object_task07_episode04_attempt1/action_trace.json,9e3d64c54852156c71241989228be0c56c44fa933190ae8190022dbbaf469609,/data/vla-forge-artifacts/M02_libero40/registry/runs/20261010T030315-982cacc8515f/episodes/object_task07_episode04_attempt1/episode.json,6a114e699279aa02ba4fd7c1c686d1621d00ab780eaad8436d65f60ccc673a85,
object,libero_object,7,pick_up_the_milk_and_place_it_in_the_basket,pick up the milk and place it in the basket,5,20261010T030315-982cacc8515f,5,83075,1,complete,False,timeout,280,280,50,50,relative,31d453f7edd78c839a8bbc39744a292686daf0de,9a9f6413e42c0f332fccbce9a0dc796af2790f82cf002f791cdbf7e01e1afca8,a1aaacb7f6cd6ee5fb43120f673cebb0cfea7dd4,ceab5341cd6ecd1fdc93bed6135ce348e27fa89f3a77b47b4b5bda4015a3b478,"{""observation.images.camera1"": [1, 3, 256, 256], ""observation.images.camera2"": [1, 3, 256, 256], ""observation.language.attention_mask"": [1, 48], ""observation.language.tokens"": [1, 48], ""observation.state"": [1, 8]}",8.383237342857143,2.7129256500000003,302.6792228333333,42.818637686999864,964068864,1002438656,/data/vla-forge-artifacts/M02_libero40/registry/runs/20261010T030315-982cacc8515f/videos/object_task07_episode05_attempt1.mp4,7bcb9e1e157f8b41da83971d66058f402b5910d3361edc1930d1d93387b33016,"image:left,image2:right",/data/vla-forge-artifacts/M02_libero40/registry/runs/20261010T030315-982cacc8515f/rollout-5ab091a21fd4835b/trajectory.npz,9c9fcf5d09a43a9b294dd74aee2d9a6c6fc27cdcf09f684b796e3c460d66a2f4,/data/vla-forge-artifacts/M02_libero40/registry/runs/20261010T030315-982cacc8515f/episodes/object_task07_episode05_attempt1/action_trace.json,e394eed10cfeb4e1a3598d47b4d1fa9a1da8b04fa85bccfd2602d32acfe3eb5f,/data/vla-forge-artifacts/M02_libero40/registry/runs/20261010T030315-982cacc8515f/episodes/object_task07_episode05_attempt1/episode.json,e4c854e3ac3a2768645707cf37135695b656f885f831debb266433b84b4acbc8,
object,libero_object,7,pick_up_the_milk_and_place_it_in_the_basket,pick up the milk and place it in the basket,6,20261010T030315-982cacc8515f,6,83076,1,complete,True,success,124,280,50,50,relative,31d453f7edd78c839a8bbc39744a292686daf0de,9a9f6413e42c0f332fccbce9a0dc796af2790f82cf002f791cdbf7e01e1afca8,a1aaacb7f6cd6ee5fb43120f673cebb0cfea7dd4,ceab5341cd6ecd1fdc93bed6135ce348e27fa89f3a77b47b4b5bda4015a3b478,"{""observation.images.camera1"": [1, 3, 256, 256], ""observation.images.camera2"": [1, 3, 256, 256], ""observation.language.attention_mask"": [1, 48], ""observation.language.tokens"": [1, 48], ""observation.state"": [1, 8]}",9.385399338709679,3.0152291499999997,308.5979243333333,18.87149475500337,964068864,1002438656,/data/vla-forge-artifacts/M02_libero40/registry/runs/20261010T030315-982cacc8515f/videos/object_task07_episode06_attempt1.mp4,0d83833db030cf93bcfa5c7cdf2c34d08f4f735aefa52e55d910cfdfee19bcc2,"image:left,image2:right",/data/vla-forge-artifacts/M02_libero40/registry/runs/20261010T030315-982cacc8515f/rollout-ad935972ec7d9421/trajectory.npz,1c5e69959f02d9ff3c5251d9c5dd3b13767f450f08d956debc52b9ed3a945f97,/data/vla-forge-artifacts/M02_libero40/registry/runs/20261010T030315-982cacc8515f/episodes/object_task07_episode06_attempt1/action_trace.json,c6d32925f1842deedeea293c7826b1c501bd6b95e338638ab4500c7a38cd6d56,/data/vla-forge-artifacts/M02_libero40/registry/runs/20261010T030315-982cacc8515f/episodes/object_task07_episode06_attempt1/episode.json,68a1457c2d87789ad419a61212c81b7e01ec1b1b8f2b0d3801f275b0253f5d20,
object,libero_object,7,pick_up_the_milk_and_place_it_in_the_basket,pick up the milk and place it in the basket,7,20261010T030315-982cacc8515f,7,83077,1,complete,False,timeout,280,280,50,50,relative,31d453f7edd78c839a8bbc39744a292686daf0de,9a9f6413e42c0f332fccbce9a0dc796af2790f82cf002f791cdbf7e01e1afca8,a1aaacb7f6cd6ee5fb43120f673cebb0cfea7dd4,ceab5341cd6ecd1fdc93bed6135ce348e27fa89f3a77b47b4b5bda4015a3b478,"{""observation.images.camera1"": [1, 3, 256, 256], ""observation.images.camera2"": [1, 3, 256, 256], ""observation.language.attention_mask"": [1, 48], ""observation.language.tokens"": [1, 48], ""observation.state"": [1, 8]}",8.344969307142858,2.2583656000000034,303.63774666666666,41.47087474900036,964068864,1002438656,/data/vla-forge-artifacts/M02_libero40/registry/runs/20261010T030315-982cacc8515f/videos/object_task07_episode07_attempt1.mp4,fe275354ffa79d924973ed02c57d6d82e653c28d870176d18b40acc6d84a8b8a,"image:left,image2:right",/data/vla-forge-artifacts/M02_libero40/registry/runs/20261010T030315-982cacc8515f/rollout-3c7559201ae62db2/trajectory.npz,4bf191a0848ddf4d16adeb82f372411c4b10fc6cf41b89650f658d359045ed21,/data/vla-forge-artifacts/M02_libero40/registry/runs/20261010T030315-982cacc8515f/episodes/object_task07_episode07_attempt1/action_trace.json,8225d70a3807ffc0b75c2de059c87551d6e202ddf6ad6611c88d6fc688a7435c,/data/vla-forge-artifacts/M02_libero40/registry/runs/20261010T030315-982cacc8515f/episodes/object_task07_episode07_attempt1/episode.json,66c15307f5cffb3da439fa2e60584205f736fff7753cf74389fbd537750eae60,
object,libero_object,7,pick_up_the_milk_and_place_it_in_the_basket,pick up the milk and place it in the basket,8,20261010T030315-982cacc8515f,8,83078,1,complete,True,success,124,280,50,50,relative,31d453f7edd78c839a8bbc39744a292686daf0de,9a9f6413e42c0f332fccbce9a0dc796af2790f82cf002f791cdbf7e01e1afca8,a1aaacb7f6cd6ee5fb43120f673cebb0cfea7dd4,ceab5341cd6ecd1fdc93bed6135ce348e27fa89f3a77b47b4b5bda4015a3b478,"{""observation.images.camera1"": [1, 3, 256, 256], ""observation.images.camera2"": [1, 3, 256, 256], ""observation.language.attention_mask"": [1, 48], ""observation.language.tokens"": [1, 48], ""observation.state"": [1, 8]}",9.375241548387097,2.5558229999999993,311.1729233333333,18.323392370002693,964068864,1002438656,/data/vla-forge-artifacts/M02_libero40/registry/runs/20261010T030315-982cacc8515f/videos/object_task07_episode08_attempt1.mp4,1527c4bbaab21da983051994f1d4c8e235618507202753cd182e0aeb45861199,"image:left,image2:right",/data/vla-forge-artifacts/M02_libero40/registry/runs/20261010T030315-982cacc8515f/rollout-a24190a00aec1737/trajectory.npz,eab7e1075ae31e2aad61e98e65cd0c62245e8f76f82c88765ee694640aed95d4,/data/vla-forge-artifacts/M02_libero40/registry/runs/20261010T030315-982cacc8515f/episodes/object_task07_episode08_attempt1/action_trace.json,e1e2472cb31768e698e6e6300d319f702b3aacaaf96b141a4eeab73607cf8968,/data/vla-forge-artifacts/M02_libero40/registry/runs/20261010T030315-982cacc8515f/episodes/object_task07_episode08_attempt1/episode.json,43fbcae19c2626a2fd0f97a1dad01df1de3a1788cbcebb385f32a102a18109e4,
object,libero_object,7,pick_up_the_milk_and_place_it_in_the_basket,pick up the milk and place it in the basket,9,20261010T030315-982cacc8515f,9,83079,1,complete,True,success,117,280,50,50,relative,31d453f7edd78c839a8bbc39744a292686daf0de,9a9f6413e42c0f332fccbce9a0dc796af2790f82cf002f791cdbf7e01e1afca8,a1aaacb7f6cd6ee5fb43120f673cebb0cfea7dd4,ceab5341cd6ecd1fdc93bed6135ce348e27fa89f3a77b47b4b5bda4015a3b478,"{""observation.images.camera1"": [1, 3, 256, 256], ""observation.images.camera2"": [1, 3, 256, 256], ""observation.language.attention_mask"": [1, 48], ""observation.language.tokens"": [1, 48], ""observation.state"": [1, 8]}",9.69045129059829,2.6382841999999966,304.651004,17.400224864002666,964068864,1002438656,/data/vla-forge-artifacts/M02_libero40/registry/runs/20261010T030315-982cacc8515f/videos/object_task07_episode09_attempt1.mp4,9c734573242cda37a10b972aa772ce8dcb9dae11a3e0c3417080189738db787f,"image:left,image2:right",/data/vla-forge-artifacts/M02_libero40/registry/runs/20261010T030315-982cacc8515f/rollout-7bc31156d0269d75/trajectory.npz,563ab6dcd44ca25608265f395a5206618f8beae65db7466dd4e8e9ee147a9656,/data/vla-forge-artifacts/M02_libero40/registry/runs/20261010T030315-982cacc8515f/episodes/object_task07_episode09_attempt1/action_trace.json,4bbc6b4487f34248108b5d48b6e170a14f2705d55eb3afea9531353bb7302180,/data/vla-forge-artifacts/M02_libero40/registry/runs/20261010T030315-982cacc8515f/episodes/object_task07_episode09_attempt1/episode.json,a0bf812e527c7b0552861c7a763c8c0aff825b69c09f0743e01d386de7771748,
object,libero_object,8,pick_up_the_chocolate_pudding_and_place_it_in_the_basket,pick up the chocolate pudding and place it in the basket,0,20261010T030315-982cacc8515f,0,83080,1,complete,True,success,142,280,50,50,relative,31d453f7edd78c839a8bbc39744a292686daf0de,9a9f6413e42c0f332fccbce9a0dc796af2790f82cf002f791cdbf7e01e1afca8,a1aaacb7f6cd6ee5fb43120f673cebb0cfea7dd4,ceab5341cd6ecd1fdc93bed6135ce348e27fa89f3a77b47b4b5bda4015a3b478,"{""observation.images.camera1"": [1, 3, 256, 256], ""observation.images.camera2"": [1, 3, 256, 256], ""observation.language.attention_mask"": [1, 48], ""observation.language.tokens"": [1, 48], ""observation.state"": [1, 8]}",8.32955176056338,2.7343381499999997,305.97276533333337,20.368899747998512,964068864,1002438656,/data/vla-forge-artifacts/M02_libero40/registry/runs/20261010T030315-982cacc8515f/videos/object_task08_episode00_attempt1.mp4,97b0e4231f382fcbff80ea3308d5c183c44ae5feb70638ec456ecf0bb843460c,"image:left,image2:right",/data/vla-forge-artifacts/M02_libero40/registry/runs/20261010T030315-982cacc8515f/rollout-fabd53eb44ee963f/trajectory.npz,b1a07f75ebae18603ddb9e18639782c7a54485d3c37197020543af5ec2e75e7a,/data/vla-forge-artifacts/M02_libero40/registry/runs/20261010T030315-982cacc8515f/episodes/object_task08_episode00_attempt1/action_trace.json,b137555b2dc993bb6e4a2bcbbf324d817433e238545ddb4a90c85db3173132a6,/data/vla-forge-artifacts/M02_libero40/registry/runs/20261010T030315-982cacc8515f/episodes/object_task08_episode00_attempt1/episode.json,2b5eb7fda7434d1c30abbabd46e8b8594121ea9805f34f2bd37afe6bd5eea74a,
object,libero_object,8,pick_up_the_chocolate_pudding_and_place_it_in_the_basket,pick up the chocolate pudding and place it in the basket,1,20261010T030315-982cacc8515f,1,83081,1,complete,True,success,148,280,50,50,relative,31d453f7edd78c839a8bbc39744a292686daf0de,9a9f6413e42c0f332fccbce9a0dc796af2790f82cf002f791cdbf7e01e1afca8,a1aaacb7f6cd6ee5fb43120f673cebb0cfea7dd4,ceab5341cd6ecd1fdc93bed6135ce348e27fa89f3a77b47b4b5bda4015a3b478,"{""observation.images.camera1"": [1, 3, 256, 256], ""observation.images.camera2"": [1, 3, 256, 256], ""observation.language.attention_mask"": [1, 48], ""observation.language.tokens"": [1, 48], ""observation.state"": [1, 8]}",8.083668939189188,2.443768550000001,307.0642516666667,21.146419792996312,964068864,1002438656,/data/vla-forge-artifacts/M02_libero40/registry/runs/20261010T030315-982cacc8515f/videos/object_task08_episode01_attempt1.mp4,c31947343f7cb7dd55afd87906e3396cdb68fb2eb0877413c669881baeec70d7,"image:left,image2:right",/data/vla-forge-artifacts/M02_libero40/registry/runs/20261010T030315-982cacc8515f/rollout-62e78c9596b71c36/trajectory.npz,825e0fa589336707a4758dfabb1ea57d59796404f234aa4c33b466287cddc8c1,/data/vla-forge-artifacts/M02_libero40/registry/runs/20261010T030315-982cacc8515f/episodes/object_task08_episode01_attempt1/action_trace.json,edf3c7dc9ddbb0626dcc4abb3a60b41bdffb178e9c2579ae462bf4cdbfa95e13,/data/vla-forge-artifacts/M02_libero40/registry/runs/20261010T030315-982cacc8515f/episodes/object_task08_episode01_attempt1/episode.json,18ee2a24c4ac61b28e31695d75d2ef2a003902eca5d8e4a91c3cab05b9ac6ecc,
object,libero_object,8,pick_up_the_chocolate_pudding_and_place_it_in_the_basket,pick up the chocolate pudding and place it in the basket,2,20261010T030315-982cacc8515f,2,83082,1,complete,True,success,148,280,50,50,relative,31d453f7edd78c839a8bbc39744a292686daf0de,9a9f6413e42c0f332fccbce9a0dc796af2790f82cf002f791cdbf7e01e1afca8,a1aaacb7f6cd6ee5fb43120f673cebb0cfea7dd4,ceab5341cd6ecd1fdc93bed6135ce348e27fa89f3a77b47b4b5bda4015a3b478,"{""observation.images.camera1"": [1, 3, 256, 256], ""observation.images.camera2"": [1, 3, 256, 256], ""observation.language.attention_mask"": [1, 48], ""observation.language.tokens"": [1, 48], ""observation.state"": [1, 8]}",8.204866918918919,2.6922036,310.105883,21.645004311001685,964068864,1002438656,/data/vla-forge-artifacts/M02_libero40/registry/runs/20261010T030315-982cacc8515f/videos/object_task08_episode02_attempt1.mp4,b79f7cf0fcad50e826300806c8b9dab78e8bc93d41c6edbcb53b977f058f2644,"image:left,image2:right",/data/vla-forge-artifacts/M02_libero40/registry/runs/20261010T030315-982cacc8515f/rollout-c379ae68c8dc85af/trajectory.npz,f107a203a4c79140951faf2a7d9cc63ea9bb5b04e3247bf422a1e838a7277811,/data/vla-forge-artifacts/M02_libero40/registry/runs/20261010T030315-982cacc8515f/episodes/object_task08_episode02_attempt1/action_trace.json,08dbfe84a703d47f5418aa7c2115b729f7066b7ea6988083e6a3549cfdfa07a4,/data/vla-forge-artifacts/M02_libero40/registry/runs/20261010T030315-982cacc8515f/episodes/object_task08_episode02_attempt1/episode.json,acde89f40597752e4fe0b94da723cd8509625d48b0bce0dcd32fce4cdebcf98e,
object,libero_object,8,pick_up_the_chocolate_pudding_and_place_it_in_the_basket,pick up the chocolate pudding and place it in the basket,3,20261010T030315-982cacc8515f,3,83083,1,complete,False,timeout,280,280,50,50,relative,31d453f7edd78c839a8bbc39744a292686daf0de,9a9f6413e42c0f332fccbce9a0dc796af2790f82cf002f791cdbf7e01e1afca8,a1aaacb7f6cd6ee5fb43120f673cebb0cfea7dd4,ceab5341cd6ecd1fdc93bed6135ce348e27fa89f3a77b47b4b5bda4015a3b478,"{""observation.images.camera1"": [1, 3, 256, 256], ""observation.images.camera2"": [1, 3, 256, 256], ""observation.language.attention_mask"": [1, 48], ""observation.language.tokens"": [1, 48], ""observation.state"": [1, 8]}",8.630238978571429,3.1655266000000006,310.5338736666667,42.40580852700077,964068864,1002438656,/data/vla-forge-artifacts/M02_libero40/registry/runs/20261010T030315-982cacc8515f/videos/object_task08_episode03_attempt1.mp4,a129c72c25e29668252276e8eb1bc8231f31cd3ffdfe8a8c6e333df9fa4db22f,"image:left,image2:right",/data/vla-forge-artifacts/M02_libero40/registry/runs/20261010T030315-982cacc8515f/rollout-2171157152ffb999/trajectory.npz,060aad9f6debcd5166f03fb527c9b22efcb4200467b7834f8666d35bf41d71cb,/data/vla-forge-artifacts/M02_libero40/registry/runs/20261010T030315-982cacc8515f/episodes/object_task08_episode03_attempt1/action_trace.json,0afa3fb42ee6ad029413d68e7da1837488893afe7a96bad2bff1473d2cf7bc23,/data/vla-forge-artifacts/M02_libero40/registry/runs/20261010T030315-982cacc8515f/episodes/object_task08_episode03_attempt1/episode.json,970c1e06fb8e6ef5f37027267008e4c1966348f265de06da7bbfd887d43844f4,
object,libero_object,8,pick_up_the_chocolate_pudding_and_place_it_in_the_basket,pick up the chocolate pudding and place it in the basket,4,20261010T030315-982cacc8515f,4,83084,1,complete,True,success,146,280,50,50,relative,31d453f7edd78c839a8bbc39744a292686daf0de,9a9f6413e42c0f332fccbce9a0dc796af2790f82cf002f791cdbf7e01e1afca8,a1aaacb7f6cd6ee5fb43120f673cebb0cfea7dd4,ceab5341cd6ecd1fdc93bed6135ce348e27fa89f3a77b47b4b5bda4015a3b478,"{""observation.images.camera1"": [1, 3, 256, 256], ""observation.images.camera2"": [1, 3, 256, 256], ""observation.language.attention_mask"": [1, 48], ""observation.language.tokens"": [1, 48], ""observation.state"": [1, 8]}",8.97040616438356,2.64512475,344.27268000000004,22.690000052003597,964068864,1002438656,/data/vla-forge-artifacts/M02_libero40/registry/runs/20261010T030315-982cacc8515f/videos/object_task08_episode04_attempt1.mp4,1cd7c7e92d21136e9decf6699c710638fc48b8f2c960b0008626970eafba67a1,"image:left,image2:right",/data/vla-forge-artifacts/M02_libero40/registry/runs/20261010T030315-982cacc8515f/rollout-1e02cf5f17edd8a9/trajectory.npz,fd69cc34b34eabff81bc930de6764e2cc3d479f852c602576f33858907604b51,/data/vla-forge-artifacts/M02_libero40/registry/runs/20261010T030315-982cacc8515f/episodes/object_task08_episode04_attempt1/action_trace.json,a9bfd26be7b18ec7e2524692b57d4b5e11f70efde9300f9a7cd1b060e29e8171,/data/vla-forge-artifacts/M02_libero40/registry/runs/20261010T030315-982cacc8515f/episodes/object_task08_episode04_attempt1/episode.json,3d3247d99f6187da75eeab4bf9536d2a8861d7619a7f0e11302bcf1ff7a6da16,
object,libero_object,8,pick_up_the_chocolate_pudding_and_place_it_in_the_basket,pick up the chocolate pudding and place it in the basket,5,20261010T030315-982cacc8515f,5,83085,1,complete,True,success,147,280,50,50,relative,31d453f7edd78c839a8bbc39744a292686daf0de,9a9f6413e42c0f332fccbce9a0dc796af2790f82cf002f791cdbf7e01e1afca8,a1aaacb7f6cd6ee5fb43120f673cebb0cfea7dd4,ceab5341cd6ecd1fdc93bed6135ce348e27fa89f3a77b47b4b5bda4015a3b478,"{""observation.images.camera1"": [1, 3, 256, 256], ""observation.images.camera2"": [1, 3, 256, 256], ""observation.language.attention_mask"": [1, 48], ""observation.language.tokens"": [1, 48], ""observation.state"": [1, 8]}",8.23063386394558,2.917073699999999,310.7025753333333,22.76449883099849,964068864,1002438656,/data/vla-forge-artifacts/M02_libero40/registry/runs/20261010T030315-982cacc8515f/videos/object_task08_episode05_attempt1.mp4,d9913dc3c1ae7ca3f44b64a78b41355b60c3d307d7505c7ae0deb26fb653bd2f,"image:left,image2:right",/data/vla-forge-artifacts/M02_libero40/registry/runs/20261010T030315-982cacc8515f/rollout-caa6fbaefa5eba61/trajectory.npz,1e7e81e36acfef29dd80f9faee8ee94055f8f6865958e6505d4a258d2330975c,/data/vla-forge-artifacts/M02_libero40/registry/runs/20261010T030315-982cacc8515f/episodes/object_task08_episode05_attempt1/action_trace.json,fcaf4f635e92a76e57e3278bd4b6330f1c53ddd1c07ceeb136d9fce565c43e01,/data/vla-forge-artifacts/M02_libero40/registry/runs/20261010T030315-982cacc8515f/episodes/object_task08_episode05_attempt1/episode.json,64ec72a2780ed657c2e9a4e17182e28cfb15e97326a2cb5ca854bcf9881a7680,
object,libero_object,8,pick_up_the_chocolate_pudding_and_place_it_in_the_basket,pick up the chocolate pudding and place it in the basket,6,20261010T030315-982cacc8515f,6,83086,1,complete,True,success,143,280,50,50,relative,31d453f7edd78c839a8bbc39744a292686daf0de,9a9f6413e42c0f332fccbce9a0dc796af2790f82cf002f791cdbf7e01e1afca8,a1aaacb7f6cd6ee5fb43120f673cebb0cfea7dd4,ceab5341cd6ecd1fdc93bed6135ce348e27fa89f3a77b47b4b5bda4015a3b478,"{""observation.images.camera1"": [1, 3, 256, 256], ""observation.images.camera2"": [1, 3, 256, 256], ""observation.language.attention_mask"": [1, 48], ""observation.language.tokens"": [1, 48], ""observation.state"": [1, 8]}",8.78523688811189,3.1859044,324.735841,22.595925014000386,964068864,1002438656,/data/vla-forge-artifacts/M02_libero40/registry/runs/20261010T030315-982cacc8515f/videos/object_task08_episode06_attempt1.mp4,deca77eff536915d6cfe9022880fb5c347084adf419e53060590d25be8c511cd,"image:left,image2:right",/data/vla-forge-artifacts/M02_libero40/registry/runs/20261010T030315-982cacc8515f/rollout-8051f6061705afc9/trajectory.npz,3d355fd92e1ff3231722b709b4307107662d329bff3dc381adbbbfeb1fde3f2a,/data/vla-forge-artifacts/M02_libero40/registry/runs/20261010T030315-982cacc8515f/episodes/object_task08_episode06_attempt1/action_trace.json,770fcc0a39885852efb8321ca691f8d8194fe30f12a93ce623c87cf985046704,/data/vla-forge-artifacts/M02_libero40/registry/runs/20261010T030315-982cacc8515f/episodes/object_task08_episode06_attempt1/episode.json,39995873dd1d88c2974c212368712b07f01579eda38b7256544297863a1ecaf9,
object,libero_object,8,pick_up_the_chocolate_pudding_and_place_it_in_the_basket,pick up the chocolate pudding and place it in the basket,7,20261010T030315-982cacc8515f,7,83087,1,complete,True,success,142,280,50,50,relative,31d453f7edd78c839a8bbc39744a292686daf0de,9a9f6413e42c0f332fccbce9a0dc796af2790f82cf002f791cdbf7e01e1afca8,a1aaacb7f6cd6ee5fb43120f673cebb0cfea7dd4,ceab5341cd6ecd1fdc93bed6135ce348e27fa89f3a77b47b4b5bda4015a3b478,"{""observation.images.camera1"": [1, 3, 256, 256], ""observation.images.camera2"": [1, 3, 256, 256], ""observation.language.attention_mask"": [1, 48], ""observation.language.tokens"": [1, 48], ""observation.state"": [1, 8]}",8.500627323943661,2.8050609999999985,309.656537,22.25720646099944,964068864,1002438656,/data/vla-forge-artifacts/M02_libero40/registry/runs/20261010T030315-982cacc8515f/videos/object_task08_episode07_attempt1.mp4,b1b286f55df4aff2909de3881fe4a50648ad672a97b850b55ecea2bde73c5ae9,"image:left,image2:right",/data/vla-forge-artifacts/M02_libero40/registry/runs/20261010T030315-982cacc8515f/rollout-e89b550f4c1e10a3/trajectory.npz,f642c8098956c0395fd709ac9e9daa985d1bf84ac83732e69259c466f7fc9bac,/data/vla-forge-artifacts/M02_libero40/registry/runs/20261010T030315-982cacc8515f/episodes/object_task08_episode07_attempt1/action_trace.json,fd608a283b7d71219f2f70b47f210d1e9cafbbc09d3e97b8ff59e5952ae66688,/data/vla-forge-artifacts/M02_libero40/registry/runs/20261010T030315-982cacc8515f/episodes/object_task08_episode07_attempt1/episode.json,18fe05422e9dde5acb3bfe60f19a7e9680ee4822c6bae893b8a9ab2e0fbb5ed3,
object,libero_object,8,pick_up_the_chocolate_pudding_and_place_it_in_the_basket,pick up the chocolate pudding and place it in the basket,8,20261010T030315-982cacc8515f,8,83088,1,complete,True,success,153,280,50,50,relative,31d453f7edd78c839a8bbc39744a292686daf0de,9a9f6413e42c0f332fccbce9a0dc796af2790f82cf002f791cdbf7e01e1afca8,a1aaacb7f6cd6ee5fb43120f673cebb0cfea7dd4,ceab5341cd6ecd1fdc93bed6135ce348e27fa89f3a77b47b4b5bda4015a3b478,"{""observation.images.camera1"": [1, 3, 256, 256], ""observation.images.camera2"": [1, 3, 256, 256], ""observation.language.attention_mask"": [1, 48], ""observation.language.tokens"": [1, 48], ""observation.state"": [1, 8]}",10.41469868627451,3.2730964,320.3854215,24.666522958003043,964068864,1002438656,/data/vla-forge-artifacts/M02_libero40/registry/runs/20261010T030315-982cacc8515f/videos/object_task08_episode08_attempt1.mp4,bf94d2bbee0e6d945a8e7de209bf09102f3c92e062485531b814317fee7aeeb5,"image:left,image2:right",/data/vla-forge-artifacts/M02_libero40/registry/runs/20261010T030315-982cacc8515f/rollout-3c5a039777b16896/trajectory.npz,359fac4318d1dc62899238ee953642a7afb235b6f0e30065e694b3751851198a,/data/vla-forge-artifacts/M02_libero40/registry/runs/20261010T030315-982cacc8515f/episodes/object_task08_episode08_attempt1/action_trace.json,cbd519c87fec12e5f809f6915cabb3dafe08f4af8eca91412d10db3d92ef5bdd,/data/vla-forge-artifacts/M02_libero40/registry/runs/20261010T030315-982cacc8515f/episodes/object_task08_episode08_attempt1/episode.json,a59bf124843cf5fbdd5dd5076559f84c3f4ef14c13b74a08098123120388feed,
object,libero_object,8,pick_up_the_chocolate_pudding_and_place_it_in_the_basket,pick up the chocolate pudding and place it in the basket,9,20261010T030315-982cacc8515f,9,83089,1,complete,True,success,141,280,50,50,relative,31d453f7edd78c839a8bbc39744a292686daf0de,9a9f6413e42c0f332fccbce9a0dc796af2790f82cf002f791cdbf7e01e1afca8,a1aaacb7f6cd6ee5fb43120f673cebb0cfea7dd4,ceab5341cd6ecd1fdc93bed6135ce348e27fa89f3a77b47b4b5bda4015a3b478,"{""observation.images.camera1"": [1, 3, 256, 256], ""observation.images.camera2"": [1, 3, 256, 256], ""observation.language.attention_mask"": [1, 48], ""observation.language.tokens"": [1, 48], ""observation.state"": [1, 8]}",8.444251418439718,2.953499,305.10693233333336,22.077783440996427,964068864,1002438656,/data/vla-forge-artifacts/M02_libero40/registry/runs/20261010T030315-982cacc8515f/videos/object_task08_episode09_attempt1.mp4,3ac401cc9ea60e7667af2374da8b546221a61fbe1d4f9e755f20a1057e7536da,"image:left,image2:right",/data/vla-forge-artifacts/M02_libero40/registry/runs/20261010T030315-982cacc8515f/rollout-59b8539595caf0ac/trajectory.npz,b00be5f00b3a3f11afb23e4b2f64b5c9d548c54217a9a3ff458bb5680ca49c82,/data/vla-forge-artifacts/M02_libero40/registry/runs/20261010T030315-982cacc8515f/episodes/object_task08_episode09_attempt1/action_trace.json,e13b9dd71b97ba57a078f6b5aad7bbd3b5b243de6d070e54267c84e93fca890e,/data/vla-forge-artifacts/M02_libero40/registry/runs/20261010T030315-982cacc8515f/episodes/object_task08_episode09_attempt1/episode.json,bbdd6fc270ca68dd2736f57a79ba2454ff3c25680c9897c48d34eda7409561ad,
object,libero_object,9,pick_up_the_orange_juice_and_place_it_in_the_basket,pick up the orange juice and place it in the basket,0,20261010T030315-982cacc8515f,0,83090,1,complete,False,timeout,280,280,50,50,relative,31d453f7edd78c839a8bbc39744a292686daf0de,9a9f6413e42c0f332fccbce9a0dc796af2790f82cf002f791cdbf7e01e1afca8,a1aaacb7f6cd6ee5fb43120f673cebb0cfea7dd4,ceab5341cd6ecd1fdc93bed6135ce348e27fa89f3a77b47b4b5bda4015a3b478,"{""observation.images.camera1"": [1, 3, 256, 256], ""observation.images.camera2"": [1, 3, 256, 256], ""observation.language.attention_mask"": [1, 48], ""observation.language.tokens"": [1, 48], ""observation.state"": [1, 8]}",9.119927182142858,3.01630125,333.55771699999997,44.73416103499767,964068864,1002438656,/data/vla-forge-artifacts/M02_libero40/registry/runs/20261010T030315-982cacc8515f/videos/object_task09_episode00_attempt1.mp4,8bd3930d1ffd330c8422bf63007c42861ed6abc88b9e21c270c33101c05c317c,"image:left,image2:right",/data/vla-forge-artifacts/M02_libero40/registry/runs/20261010T030315-982cacc8515f/rollout-b0d770e78d755688/trajectory.npz,52468daaffa6be91b3b8b5e76963d69213cbb39d6a649abdf4239d3c503530af,/data/vla-forge-artifacts/M02_libero40/registry/runs/20261010T030315-982cacc8515f/episodes/object_task09_episode00_attempt1/action_trace.json,9e721e0d224b2e9d6b58aed660e79057c1ed720e44faa8447bf48f504d37b012,/data/vla-forge-artifacts/M02_libero40/registry/runs/20261010T030315-982cacc8515f/episodes/object_task09_episode00_attempt1/episode.json,3d37e44310d1ca2794a999de8b1b2f188bdd7563f3e000e84bd86062c9808459,
object,libero_object,9,pick_up_the_orange_juice_and_place_it_in_the_basket,pick up the orange juice and place it in the basket,1,20261010T030315-982cacc8515f,1,83091,1,complete,True,success,118,280,50,50,relative,31d453f7edd78c839a8bbc39744a292686daf0de,9a9f6413e42c0f332fccbce9a0dc796af2790f82cf002f791cdbf7e01e1afca8,a1aaacb7f6cd6ee5fb43120f673cebb0cfea7dd4,ceab5341cd6ecd1fdc93bed6135ce348e27fa89f3a77b47b4b5bda4015a3b478,"{""observation.images.camera1"": [1, 3, 256, 256], ""observation.images.camera2"": [1, 3, 256, 256], ""observation.language.attention_mask"": [1, 48], ""observation.language.tokens"": [1, 48], ""observation.state"": [1, 8]}",9.976451076271186,2.980660849999997,314.35132799999997,19.075345851997554,964068864,1002438656,/data/vla-forge-artifacts/M02_libero40/registry/runs/20261010T030315-982cacc8515f/videos/object_task09_episode01_attempt1.mp4,8f8daa7471324be1543b9957bd7499e26e0858a62318b5c737510f1d4a9b8b99,"image:left,image2:right",/data/vla-forge-artifacts/M02_libero40/registry/runs/20261010T030315-982cacc8515f/rollout-ea94123743fa29b9/trajectory.npz,34ec9c644375753c1a84bf2531e849f6dbf5761d62e48d05597081c7023a667f,/data/vla-forge-artifacts/M02_libero40/registry/runs/20261010T030315-982cacc8515f/episodes/object_task09_episode01_attempt1/action_trace.json,713961069a37b327472ad27c228b631a23c7c07b7d431436fe70786927df3445,/data/vla-forge-artifacts/M02_libero40/registry/runs/20261010T030315-982cacc8515f/episodes/object_task09_episode01_attempt1/episode.json,8840912e6c8f55eefe277874d5b1f1ec5df3b1145335c3b299e9eb588ff81995,
object,libero_object,9,pick_up_the_orange_juice_and_place_it_in_the_basket,pick up the orange juice and place it in the basket,2,20261010T030315-982cacc8515f,2,83092,1,complete,False,timeout,280,280,50,50,relative,31d453f7edd78c839a8bbc39744a292686daf0de,9a9f6413e42c0f332fccbce9a0dc796af2790f82cf002f791cdbf7e01e1afca8,a1aaacb7f6cd6ee5fb43120f673cebb0cfea7dd4,ceab5341cd6ecd1fdc93bed6135ce348e27fa89f3a77b47b4b5bda4015a3b478,"{""observation.images.camera1"": [1, 3, 256, 256], ""observation.images.camera2"": [1, 3, 256, 256], ""observation.language.attention_mask"": [1, 48], ""observation.language.tokens"": [1, 48], ""observation.state"": [1, 8]}",8.625518457142858,2.798816150000002,311.45299416666666,43.9654882390023,964068864,1002438656,/data/vla-forge-artifacts/M02_libero40/registry/runs/20261010T030315-982cacc8515f/videos/object_task09_episode02_attempt1.mp4,1ce96e519593e2912295747b2719e6279c7dfa0e8928261b35d1c549513161f6,"image:left,image2:right",/data/vla-forge-artifacts/M02_libero40/registry/runs/20261010T030315-982cacc8515f/rollout-d9a765e0944b3930/trajectory.npz,4870958850ef12ce383da061b3e139028367a167c3d74d30a29dc2dd68919b85,/data/vla-forge-artifacts/M02_libero40/registry/runs/20261010T030315-982cacc8515f/episodes/object_task09_episode02_attempt1/action_trace.json,5257394201873be66110636382805a84a655ce3f74114fd45684e20bfb3208c5,/data/vla-forge-artifacts/M02_libero40/registry/runs/20261010T030315-982cacc8515f/episodes/object_task09_episode02_attempt1/episode.json,3fdf67a4b6ddf66dcc127a362ddad7595be372cccb4aec5d1cae6dd032fb3000,
object,libero_object,9,pick_up_the_orange_juice_and_place_it_in_the_basket,pick up the orange juice and place it in the basket,3,20261010T030315-982cacc8515f,3,83093,1,complete,False,timeout,280,280,50,50,relative,31d453f7edd78c839a8bbc39744a292686daf0de,9a9f6413e42c0f332fccbce9a0dc796af2790f82cf002f791cdbf7e01e1afca8,a1aaacb7f6cd6ee5fb43120f673cebb0cfea7dd4,ceab5341cd6ecd1fdc93bed6135ce348e27fa89f3a77b47b4b5bda4015a3b478,"{""observation.images.camera1"": [1, 3, 256, 256], ""observation.images.camera2"": [1, 3, 256, 256], ""observation.language.attention_mask"": [1, 48], ""observation.language.tokens"": [1, 48], ""observation.state"": [1, 8]}",8.694657578571428,3.199420700000001,310.246744,44.770080555004824,964068864,1002438656,/data/vla-forge-artifacts/M02_libero40/registry/runs/20261010T030315-982cacc8515f/videos/object_task09_episode03_attempt1.mp4,b9c3c66421a82a4c5ce2c72c991db91a5089ef2c2ffd874dad067930a1906a53,"image:left,image2:right",/data/vla-forge-artifacts/M02_libero40/registry/runs/20261010T030315-982cacc8515f/rollout-ab06184cbf581602/trajectory.npz,19df23d145c58fac0808165fe5602507fcd3f1cc41efb304b5d15e919070595f,/data/vla-forge-artifacts/M02_libero40/registry/runs/20261010T030315-982cacc8515f/episodes/object_task09_episode03_attempt1/action_trace.json,8cc7f146c3e472d083454966f79401a8ca845983f6ca61eb15a16a4d414abd04,/data/vla-forge-artifacts/M02_libero40/registry/runs/20261010T030315-982cacc8515f/episodes/object_task09_episode03_attempt1/episode.json,2fc1170f0daf230efe4b0d55101142d37bb32dcddb3fca0d52414a8168cba4ac,
object,libero_object,9,pick_up_the_orange_juice_and_place_it_in_the_basket,pick up the orange juice and place it in the basket,4,20261010T030315-982cacc8515f,4,83094,1,complete,True,success,116,280,50,50,relative,31d453f7edd78c839a8bbc39744a292686daf0de,9a9f6413e42c0f332fccbce9a0dc796af2790f82cf002f791cdbf7e01e1afca8,a1aaacb7f6cd6ee5fb43120f673cebb0cfea7dd4,ceab5341cd6ecd1fdc93bed6135ce348e27fa89f3a77b47b4b5bda4015a3b478,"{""observation.images.camera1"": [1, 3, 256, 256], ""observation.images.camera2"": [1, 3, 256, 256], ""observation.language.attention_mask"": [1, 48], ""observation.language.tokens"": [1, 48], ""observation.state"": [1, 8]}",10.412049068965517,3.0021240000000002,325.5780373333333,18.942152884003008,964068864,1002438656,/data/vla-forge-artifacts/M02_libero40/registry/runs/20261010T030315-982cacc8515f/videos/object_task09_episode04_attempt1.mp4,24b036a751154709dce97b80b1a61b5947ad22a1db49a15f4961ab29b039a286,"image:left,image2:right",/data/vla-forge-artifacts/M02_libero40/registry/runs/20261010T030315-982cacc8515f/rollout-f2986360e488e946/trajectory.npz,85def79dbd66cac3103dbca83a470e07718a00d756f0cc8db6ed338907b15b35,/data/vla-forge-artifacts/M02_libero40/registry/runs/20261010T030315-982cacc8515f/episodes/object_task09_episode04_attempt1/action_trace.json,0c7b6324dcadbfc98beebb09f9f5c236e6b7750c2ff9f8d65addb435259a0386,/data/vla-forge-artifacts/M02_libero40/registry/runs/20261010T030315-982cacc8515f/episodes/object_task09_episode04_attempt1/episode.json,e5624441516ae4ce1f657c4ccf7da35f0c1628fc56ff0d033a9e8b85b805e30a,
object,libero_object,9,pick_up_the_orange_juice_and_place_it_in_the_basket,pick up the orange juice and place it in the basket,5,20261010T030315-982cacc8515f,5,83095,1,complete,False,timeout,280,280,50,50,relative,31d453f7edd78c839a8bbc39744a292686daf0de,9a9f6413e42c0f332fccbce9a0dc796af2790f82cf002f791cdbf7e01e1afca8,a1aaacb7f6cd6ee5fb43120f673cebb0cfea7dd4,ceab5341cd6ecd1fdc93bed6135ce348e27fa89f3a77b47b4b5bda4015a3b478,"{""observation.images.camera1"": [1, 3, 256, 256], ""observation.images.camera2"": [1, 3, 256, 256], ""observation.language.attention_mask"": [1, 48], ""observation.language.tokens"": [1, 48], ""observation.state"": [1, 8]}",9.141375935714287,3.15319545,332.48323650000003,44.378794427000685,964068864,1002438656,/data/vla-forge-artifacts/M02_libero40/registry/runs/20261010T030315-982cacc8515f/videos/object_task09_episode05_attempt1.mp4,3ef98d5d8002fe9e1d57fa86d3c8df3deb8af87de7914be779b91042432e015b,"image:left,image2:right",/data/vla-forge-artifacts/M02_libero40/registry/runs/20261010T030315-982cacc8515f/rollout-3146c572134b5aa3/trajectory.npz,78b63a976bfc01d4dd4d508f432efbc1b6c5eae25237986f840e8c0930c7610b,/data/vla-forge-artifacts/M02_libero40/registry/runs/20261010T030315-982cacc8515f/episodes/object_task09_episode05_attempt1/action_trace.json,abd43c538f66a7f35633da3a87c2d57234042106af3ffb7cce14878bf11e0e95,/data/vla-forge-artifacts/M02_libero40/registry/runs/20261010T030315-982cacc8515f/episodes/object_task09_episode05_attempt1/episode.json,d77d3746101bea3c799d2f6b4c39dfb1fb8d05535a9e886644c2090bb4b1056c,
object,libero_object,9,pick_up_the_orange_juice_and_place_it_in_the_basket,pick up the orange juice and place it in the basket,6,20261010T030315-982cacc8515f,6,83096,1,complete,True,success,119,280,50,50,relative,31d453f7edd78c839a8bbc39744a292686daf0de,9a9f6413e42c0f332fccbce9a0dc796af2790f82cf002f791cdbf7e01e1afca8,a1aaacb7f6cd6ee5fb43120f673cebb0cfea7dd4,ceab5341cd6ecd1fdc93bed6135ce348e27fa89f3a77b47b4b5bda4015a3b478,"{""observation.images.camera1"": [1, 3, 256, 256], ""observation.images.camera2"": [1, 3, 256, 256], ""observation.language.attention_mask"": [1, 48], ""observation.language.tokens"": [1, 48], ""observation.state"": [1, 8]}",9.881241731092437,3.1075291999999997,312.308077,19.365232302996446,964068864,1002438656,/data/vla-forge-artifacts/M02_libero40/registry/runs/20261010T030315-982cacc8515f/videos/object_task09_episode06_attempt1.mp4,6069d5a422feb6b78f0f7f9056938adbefbae91332b11c38613fb48c200f0696,"image:left,image2:right",/data/vla-forge-artifacts/M02_libero40/registry/runs/20261010T030315-982cacc8515f/rollout-3aadf28007334f93/trajectory.npz,e8306035d68340e75f344e8502bed38ed779440a49dcedbdc3f340d92fcf355b,/data/vla-forge-artifacts/M02_libero40/registry/runs/20261010T030315-982cacc8515f/episodes/object_task09_episode06_attempt1/action_trace.json,a6eb2369c96bfa173c317f2781a5408e1545b42fa806e60098a28652fa5e10c9,/data/vla-forge-artifacts/M02_libero40/registry/runs/20261010T030315-982cacc8515f/episodes/object_task09_episode06_attempt1/episode.json,a783f4a9db354ede5ca0c51cfbdb15fd7e62816b199cb9c3341a4561551d40bc,
object,libero_object,9,pick_up_the_orange_juice_and_place_it_in_the_basket,pick up the orange juice and place it in the basket,7,20261010T030315-982cacc8515f,7,83097,1,complete,True,success,121,280,50,50,relative,31d453f7edd78c839a8bbc39744a292686daf0de,9a9f6413e42c0f332fccbce9a0dc796af2790f82cf002f791cdbf7e01e1afca8,a1aaacb7f6cd6ee5fb43120f673cebb0cfea7dd4,ceab5341cd6ecd1fdc93bed6135ce348e27fa89f3a77b47b4b5bda4015a3b478,"{""observation.images.camera1"": [1, 3, 256, 256], ""observation.images.camera2"": [1, 3, 256, 256], ""observation.language.attention_mask"": [1, 48], ""observation.language.tokens"": [1, 48], ""observation.state"": [1, 8]}",9.94990956198347,3.108475,322.66618266666666,19.754569051001454,964068864,1002438656,/data/vla-forge-artifacts/M02_libero40/registry/runs/20261010T030315-982cacc8515f/videos/object_task09_episode07_attempt1.mp4,f59c175caa76fad759bb194397c49150c59b5852ba5dcf5322145a2eee8b589b,"image:left,image2:right",/data/vla-forge-artifacts/M02_libero40/registry/runs/20261010T030315-982cacc8515f/rollout-2514474bf310c03e/trajectory.npz,8e4c6469297e1f26b5ac4b379666c7d230e33d026bbe1210c49149b82f539242,/data/vla-forge-artifacts/M02_libero40/registry/runs/20261010T030315-982cacc8515f/episodes/object_task09_episode07_attempt1/action_trace.json,1c386d37f0160c8298c60d9094d71216c08e2e7b5ce4ddae70d1ce41c82a2194,/data/vla-forge-artifacts/M02_libero40/registry/runs/20261010T030315-982cacc8515f/episodes/object_task09_episode07_attempt1/episode.json,4ee0b35fc7fdfa67c54099342f15de170b47ac233e90dbe2c35d51257f1d7f27,
object,libero_object,9,pick_up_the_orange_juice_and_place_it_in_the_basket,pick up the orange juice and place it in the basket,8,20261010T030315-982cacc8515f,8,83098,1,complete,True,success,116,280,50,50,relative,31d453f7edd78c839a8bbc39744a292686daf0de,9a9f6413e42c0f332fccbce9a0dc796af2790f82cf002f791cdbf7e01e1afca8,a1aaacb7f6cd6ee5fb43120f673cebb0cfea7dd4,ceab5341cd6ecd1fdc93bed6135ce348e27fa89f3a77b47b4b5bda4015a3b478,"{""observation.images.camera1"": [1, 3, 256, 256], ""observation.images.camera2"": [1, 3, 256, 256], ""observation.language.attention_mask"": [1, 48], ""observation.language.tokens"": [1, 48], ""observation.state"": [1, 8]}",10.304784827586206,3.35094975,318.3763886666666,18.759397584995895,964068864,1002438656,/data/vla-forge-artifacts/M02_libero40/registry/runs/20261010T030315-982cacc8515f/videos/object_task09_episode08_attempt1.mp4,7af9eba3140f8a4bcc7ef4010069772d09d003f4ed4f84176819c889e57f4f38,"image:left,image2:right",/data/vla-forge-artifacts/M02_libero40/registry/runs/20261010T030315-982cacc8515f/rollout-2a01ed7e59c35167/trajectory.npz,0001e4b49eec3f5f353ab4f0488631e6009834a18bfe99af100056d396536d8b,/data/vla-forge-artifacts/M02_libero40/registry/runs/20261010T030315-982cacc8515f/episodes/object_task09_episode08_attempt1/action_trace.json,3dd2a75de00c74bad5329e737dbe6b783adacbe99be019a9ff33ec483529a2cd,/data/vla-forge-artifacts/M02_libero40/registry/runs/20261010T030315-982cacc8515f/episodes/object_task09_episode08_attempt1/episode.json,038393b0e750b7291be484d416a5d5b6f690791863496734234b4c66f9d66ff9,
object,libero_object,9,pick_up_the_orange_juice_and_place_it_in_the_basket,pick up the orange juice and place it in the basket,9,20261010T030315-982cacc8515f,9,83099,1,complete,False,timeout,280,280,50,50,relative,31d453f7edd78c839a8bbc39744a292686daf0de,9a9f6413e42c0f332fccbce9a0dc796af2790f82cf002f791cdbf7e01e1afca8,a1aaacb7f6cd6ee5fb43120f673cebb0cfea7dd4,ceab5341cd6ecd1fdc93bed6135ce348e27fa89f3a77b47b4b5bda4015a3b478,"{""observation.images.camera1"": [1, 3, 256, 256], ""observation.images.camera2"": [1, 3, 256, 256], ""observation.language.attention_mask"": [1, 48], ""observation.language.tokens"": [1, 48], ""observation.state"": [1, 8]}",8.591319403571429,2.642255,310.31867816666664,43.447931403999974,964068864,1002438656,/data/vla-forge-artifacts/M02_libero40/registry/runs/20261010T030315-982cacc8515f/videos/object_task09_episode09_attempt1.mp4,dc74381409dbcd126daf3c6e575e56124da65061dbdaa8454b6e3618aa880cc1,"image:left,image2:right",/data/vla-forge-artifacts/M02_libero40/registry/runs/20261010T030315-982cacc8515f/rollout-576dd8dda300031e/trajectory.npz,b44fe5b662dc1b0e261a4ee0175b05536c5499d09e46ad052d5225d3504fca01,/data/vla-forge-artifacts/M02_libero40/registry/runs/20261010T030315-982cacc8515f/episodes/object_task09_episode09_attempt1/action_trace.json,7ec49e56be0b7b46159c8d006431fed1c652f380d0ad4d731f3a7a8ce7fcc91e,/data/vla-forge-artifacts/M02_libero40/registry/runs/20261010T030315-982cacc8515f/episodes/object_task09_episode09_attempt1/episode.json,d416e1a4d9c520e2e7b9ae408c080fd2572ea2341deba256d17ac62795929f2d,
spatial,libero_spatial,0,pick_up_the_black_bowl_between_the_plate_and_the_ramekin_and_place_it_on_the_plate,pick up the black bowl between the plate and the ramekin and place it on the plate,0,20261010T030116-08cb3efcaefe,0,82000,2,complete,True,success,80,220,50,50,relative,31d453f7edd78c839a8bbc39744a292686daf0de,9a9f6413e42c0f332fccbce9a0dc796af2790f82cf002f791cdbf7e01e1afca8,a1aaacb7f6cd6ee5fb43120f673cebb0cfea7dd4,d859bd533fac7ed31698ec60d4846b361d9856e2cbc6c37533881a786faecabd,"{""observation.images.camera1"": [1, 3, 256, 256], ""observation.images.camera2"": [1, 3, 256, 256], ""observation.language.attention_mask"": [1, 48], ""observation.language.tokens"": [1, 48], ""observation.state"": [1, 8]}",17.2352998375,2.3506046499999993,615.8040065,19.278034035996825,964068864,1002438656,/data/vla-forge-artifacts/M02_libero40/registry/runs/20261010T030116-08cb3efcaefe/videos/spatial_task00_episode00_attempt2.mp4,4813846aae420b32b3f97fd4f01162b6176d2399422caccdcb09212017e601af,"image:left,image2:right",/data/vla-forge-artifacts/M02_libero40/registry/runs/20261010T030116-08cb3efcaefe/rollout-f4eeb659c48e8c9e/trajectory.npz,23389d91a7278e787bc5bce8c6e522193e1ff1dbc02a8cc6cade44a5e636cd02,/data/vla-forge-artifacts/M02_libero40/registry/runs/20261010T030116-08cb3efcaefe/episodes/spatial_task00_episode00_attempt2/action_trace.json,06900a19fa34eb2383d2fe2c161e007314813f59023f8ac63cbe494791662d6a,/data/vla-forge-artifacts/M02_libero40/registry/runs/20261010T030116-08cb3efcaefe/episodes/spatial_task00_episode00_attempt2/episode.json,7bde78bc63744675c9824eeede4a9e0ef0918dc98616b1bd3c932e0e27c03f2c,
spatial,libero_spatial,0,pick_up_the_black_bowl_between_the_plate_and_the_ramekin_and_place_it_on_the_plate,pick up the black bowl between the plate and the ramekin and place it on the plate,1,20261010T030315-982cacc8515f,1,82001,1,complete,True,success,79,220,50,50,relative,31d453f7edd78c839a8bbc39744a292686daf0de,9a9f6413e42c0f332fccbce9a0dc796af2790f82cf002f791cdbf7e01e1afca8,a1aaacb7f6cd6ee5fb43120f673cebb0cfea7dd4,d859bd533fac7ed31698ec60d4846b361d9856e2cbc6c37533881a786faecabd,"{""observation.images.camera1"": [1, 3, 256, 256], ""observation.images.camera2"": [1, 3, 256, 256], ""observation.language.attention_mask"": [1, 48], ""observation.language.tokens"": [1, 48], ""observation.state"": [1, 8]}",17.566709367088606,2.767837799999995,615.4192445,19.553765027005284,964068864,1002438656,/data/vla-forge-artifacts/M02_libero40/registry/runs/20261010T030315-982cacc8515f/videos/spatial_task00_episode01_attempt1.mp4,367ee97da27e5a1bc81385d9688c0deec0702c3765d881a2995cd61ec748e043,"image:left,image2:right",/data/vla-forge-artifacts/M02_libero40/registry/runs/20261010T030315-982cacc8515f/rollout-63023014543e79db/trajectory.npz,c7673ac0faf850393f97c024a1b64bac16cee3efe1f51e1b6896af5b7f78ead3,/data/vla-forge-artifacts/M02_libero40/registry/runs/20261010T030315-982cacc8515f/episodes/spatial_task00_episode01_attempt1/action_trace.json,590d4f19bbc921c5d268eadc83db8af05b0d3d6e4317b004e4201630ff216e67,/data/vla-forge-artifacts/M02_libero40/registry/runs/20261010T030315-982cacc8515f/episodes/spatial_task00_episode01_attempt1/episode.json,771654de53d561ecf81ad4127a5760bea3699cff13c245cdce30e00d46b3aefe,
spatial,libero_spatial,0,pick_up_the_black_bowl_between_the_plate_and_the_ramekin_and_place_it_on_the_plate,pick up the black bowl between the plate and the ramekin and place it on the plate,2,20261010T030315-982cacc8515f,2,82002,1,complete,False,timeout,220,220,50,50,relative,31d453f7edd78c839a8bbc39744a292686daf0de,9a9f6413e42c0f332fccbce9a0dc796af2790f82cf002f791cdbf7e01e1afca8,a1aaacb7f6cd6ee5fb43120f673cebb0cfea7dd4,d859bd533fac7ed31698ec60d4846b361d9856e2cbc6c37533881a786faecabd,"{""observation.images.camera1"": [1, 3, 256, 256], ""observation.images.camera2"": [1, 3, 256, 256], ""observation.language.attention_mask"": [1, 48], ""observation.language.tokens"": [1, 48], ""observation.state"": [1, 8]}",8.903810359090908,2.53104445,307.1941734,53.323238319993834,964068864,1002438656,/data/vla-forge-artifacts/M02_libero40/registry/runs/20261010T030315-982cacc8515f/videos/spatial_task00_episode02_attempt1.mp4,4a6366cbf552c1b65fb9bc259e159c977aea4735e272596557009fb28374013b,"image:left,image2:right",/data/vla-forge-artifacts/M02_libero40/registry/runs/20261010T030315-982cacc8515f/rollout-f2385eceaa73a968/trajectory.npz,c2c9e0c82c3884465a02f73614a12895a6f5383bb75cef5a920e8716b9d36e15,/data/vla-forge-artifacts/M02_libero40/registry/runs/20261010T030315-982cacc8515f/episodes/spatial_task00_episode02_attempt1/action_trace.json,5cd7fd4e232f96531e1eaa755458f54640d6ef9083b181028ba41fe4bbb9764a,/data/vla-forge-artifacts/M02_libero40/registry/runs/20261010T030315-982cacc8515f/episodes/spatial_task00_episode02_attempt1/episode.json,8032a53654840925c2a316a8896399a61ed38089d645a5c55e48d2b4b005c4c9,
spatial,libero_spatial,0,pick_up_the_black_bowl_between_the_plate_and_the_ramekin_and_place_it_on_the_plate,pick up the black bowl between the plate and the ramekin and place it on the plate,3,20261010T030315-982cacc8515f,3,82003,1,complete,True,success,83,220,50,50,relative,31d453f7edd78c839a8bbc39744a292686daf0de,9a9f6413e42c0f332fccbce9a0dc796af2790f82cf002f791cdbf7e01e1afca8,a1aaacb7f6cd6ee5fb43120f673cebb0cfea7dd4,d859bd533fac7ed31698ec60d4846b361d9856e2cbc6c37533881a786faecabd,"{""observation.images.camera1"": [1, 3, 256, 256], ""observation.images.camera2"": [1, 3, 256, 256], ""observation.language.attention_mask"": [1, 48], ""observation.language.tokens"": [1, 48], ""observation.state"": [1, 8]}",9.110920132530122,3.1353735999999945,297.261535,19.669188173000293,964068864,1002438656,/data/vla-forge-artifacts/M02_libero40/registry/runs/20261010T030315-982cacc8515f/videos/spatial_task00_episode03_attempt1.mp4,c4a953c03bc29f76c9717ae1eed959577614207d285e6be2b14721161a69d0c0,"image:left,image2:right",/data/vla-forge-artifacts/M02_libero40/registry/runs/20261010T030315-982cacc8515f/rollout-bd8eb7b9dfcc8d18/trajectory.npz,daee1b6100c5def73f79e21e2186d206d4c4068d3fa33ae3a5978ad0da768604,/data/vla-forge-artifacts/M02_libero40/registry/runs/20261010T030315-982cacc8515f/episodes/spatial_task00_episode03_attempt1/action_trace.json,983bc753a63222f76867403181f65453ee115d762b2f08fd70eff7b0574af12f,/data/vla-forge-artifacts/M02_libero40/registry/runs/20261010T030315-982cacc8515f/episodes/spatial_task00_episode03_attempt1/episode.json,4382926d7c20c0b5cf6a925582ebe9e4838f59244307967eb7142d4828174f6a,
spatial,libero_spatial,0,pick_up_the_black_bowl_between_the_plate_and_the_ramekin_and_place_it_on_the_plate,pick up the black bowl between the plate and the ramekin and place it on the plate,4,20261010T030315-982cacc8515f,4,82004,1,complete,False,timeout,220,220,50,50,relative,31d453f7edd78c839a8bbc39744a292686daf0de,9a9f6413e42c0f332fccbce9a0dc796af2790f82cf002f791cdbf7e01e1afca8,a1aaacb7f6cd6ee5fb43120f673cebb0cfea7dd4,d859bd533fac7ed31698ec60d4846b361d9856e2cbc6c37533881a786faecabd,"{""observation.images.camera1"": [1, 3, 256, 256], ""observation.images.camera2"": [1, 3, 256, 256], ""observation.language.attention_mask"": [1, 48], ""observation.language.tokens"": [1, 48], ""observation.state"": [1, 8]}",9.90430845,2.6871838499999985,351.4574112,52.814465262999875,964068864,1002438656,/data/vla-forge-artifacts/M02_libero40/registry/runs/20261010T030315-982cacc8515f/videos/spatial_task00_episode04_attempt1.mp4,944a044287b6bd486d14ae842a9371cc1d368b27c92f2457de6d5717534df0bd,"image:left,image2:right",/data/vla-forge-artifacts/M02_libero40/registry/runs/20261010T030315-982cacc8515f/rollout-a822799e8fa56539/trajectory.npz,b45c09bc2e50ba6d3d0db6d415c926289ce768b37bcaead52232bf762cbe40ca,/data/vla-forge-artifacts/M02_libero40/registry/runs/20261010T030315-982cacc8515f/episodes/spatial_task00_episode04_attempt1/action_trace.json,c06359a1d1eb29621ab9923dece743336763f686c2498aea026e0c2bb94d0970,/data/vla-forge-artifacts/M02_libero40/registry/runs/20261010T030315-982cacc8515f/episodes/spatial_task00_episode04_attempt1/episode.json,08a54443553eaeb73ba6ac87431390044c9889d9cba8edd9d3d933b4449c2b7d,
spatial,libero_spatial,0,pick_up_the_black_bowl_between_the_plate_and_the_ramekin_and_place_it_on_the_plate,pick up the black bowl between the plate and the ramekin and place it on the plate,5,20261010T030315-982cacc8515f,5,82005,1,complete,True,success,111,220,50,50,relative,31d453f7edd78c839a8bbc39744a292686daf0de,9a9f6413e42c0f332fccbce9a0dc796af2790f82cf002f791cdbf7e01e1afca8,a1aaacb7f6cd6ee5fb43120f673cebb0cfea7dd4,d859bd533fac7ed31698ec60d4846b361d9856e2cbc6c37533881a786faecabd,"{""observation.images.camera1"": [1, 3, 256, 256], ""observation.images.camera2"": [1, 3, 256, 256], ""observation.language.attention_mask"": [1, 48], ""observation.language.tokens"": [1, 48], ""observation.state"": [1, 8]}",10.042020054054051,2.8652445,300.04763866666667,26.072521305002738,964068864,1002438656,/data/vla-forge-artifacts/M02_libero40/registry/runs/20261010T030315-982cacc8515f/videos/spatial_task00_episode05_attempt1.mp4,960dd94f2f686a8ffe09acc58eb86c32f7745d1ec7eda0bd04b42e007c34ffc0,"image:left,image2:right",/data/vla-forge-artifacts/M02_libero40/registry/runs/20261010T030315-982cacc8515f/rollout-b6109e34a81557cc/trajectory.npz,fb9ebe16e3843f8089f429be853f3af7125466d22eef358e987804e8aa157752,/data/vla-forge-artifacts/M02_libero40/registry/runs/20261010T030315-982cacc8515f/episodes/spatial_task00_episode05_attempt1/action_trace.json,f2fee0da3f4b5958bc147350c50bd7cc4ac758cbca16f879f5aaeaff6ca35b0d,/data/vla-forge-artifacts/M02_libero40/registry/runs/20261010T030315-982cacc8515f/episodes/spatial_task00_episode05_attempt1/episode.json,52dc07e05711353bfd637d9f4b8aba412c55d3e0e705a5f98861a31489c262cb,
spatial,libero_spatial,0,pick_up_the_black_bowl_between_the_plate_and_the_ramekin_and_place_it_on_the_plate,pick up the black bowl between the plate and the ramekin and place it on the plate,6,20261010T030315-982cacc8515f,6,82006,1,complete,True,success,79,220,50,50,relative,31d453f7edd78c839a8bbc39744a292686daf0de,9a9f6413e42c0f332fccbce9a0dc796af2790f82cf002f791cdbf7e01e1afca8,a1aaacb7f6cd6ee5fb43120f673cebb0cfea7dd4,d859bd533fac7ed31698ec60d4846b361d9856e2cbc6c37533881a786faecabd,"{""observation.images.camera1"": [1, 3, 256, 256], ""observation.images.camera2"": [1, 3, 256, 256], ""observation.language.attention_mask"": [1, 48], ""observation.language.tokens"": [1, 48], ""observation.state"": [1, 8]}",9.543924607594937,3.300128699999999,299.80298849999997,18.846950626000762,964068864,1002438656,/data/vla-forge-artifacts/M02_libero40/registry/runs/20261010T030315-982cacc8515f/videos/spatial_task00_episode06_attempt1.mp4,eb65a81900b8c0f1d4e4759e62ae376f29bbe6dfc47190fe1e094a6bc69403d8,"image:left,image2:right",/data/vla-forge-artifacts/M02_libero40/registry/runs/20261010T030315-982cacc8515f/rollout-95c355989423657b/trajectory.npz,ad42c4792cea3d82e088fe49ed666844129d903151dfc44da8525a1d6ada06fb,/data/vla-forge-artifacts/M02_libero40/registry/runs/20261010T030315-982cacc8515f/episodes/spatial_task00_episode06_attempt1/action_trace.json,9d35a40ec7ba91c49efc17f3c2caafac67381d1749f7a59034ff92e2a07bb4bf,/data/vla-forge-artifacts/M02_libero40/registry/runs/20261010T030315-982cacc8515f/episodes/spatial_task00_episode06_attempt1/episode.json,f27c4dff276aad69cfcb565a11d22c00f399ebc344f24262ef7fc720795253c2,
spatial,libero_spatial,0,pick_up_the_black_bowl_between_the_plate_and_the_ramekin_and_place_it_on_the_plate,pick up the black bowl between the plate and the ramekin and place it on the plate,7,20261010T030315-982cacc8515f,7,82007,1,complete,True,success,79,220,50,50,relative,31d453f7edd78c839a8bbc39744a292686daf0de,9a9f6413e42c0f332fccbce9a0dc796af2790f82cf002f791cdbf7e01e1afca8,a1aaacb7f6cd6ee5fb43120f673cebb0cfea7dd4,d859bd533fac7ed31698ec60d4846b361d9856e2cbc6c37533881a786faecabd,"{""observation.images.camera1"": [1, 3, 256, 256], ""observation.images.camera2"": [1, 3, 256, 256], ""observation.language.attention_mask"": [1, 48], ""observation.language.tokens"": [1, 48], ""observation.state"": [1, 8]}",9.387391354430378,3.0953428999999995,295.372002,18.218201461000717,964068864,1002438656,/data/vla-forge-artifacts/M02_libero40/registry/runs/20261010T030315-982cacc8515f/videos/spatial_task00_episode07_attempt1.mp4,7ed69a9c4f09ab9cefe57f0b15721866af86eb2838d91daf7ba0d013e2627b3d,"image:left,image2:right",/data/vla-forge-artifacts/M02_libero40/registry/runs/20261010T030315-982cacc8515f/rollout-66231d70a75abe1c/trajectory.npz,2eaa35734e325f03b73887d4762a20a33d425750d369b68c9de090ae241f6c56,/data/vla-forge-artifacts/M02_libero40/registry/runs/20261010T030315-982cacc8515f/episodes/spatial_task00_episode07_attempt1/action_trace.json,a29f6c8b04b00cde3381886210f5b2e245695ae713ddcade225e33923a4cf9d7,/data/vla-forge-artifacts/M02_libero40/registry/runs/20261010T030315-982cacc8515f/episodes/spatial_task00_episode07_attempt1/episode.json,5d298fa17b1fa7bed2cfbea6ebc95af16bd9f002c5510ce4e5568b790293ae1a,
spatial,libero_spatial,0,pick_up_the_black_bowl_between_the_plate_and_the_ramekin_and_place_it_on_the_plate,pick up the black bowl between the plate and the ramekin and place it on the plate,8,20261010T030315-982cacc8515f,8,82008,1,complete,False,timeout,220,220,50,50,relative,31d453f7edd78c839a8bbc39744a292686daf0de,9a9f6413e42c0f332fccbce9a0dc796af2790f82cf002f791cdbf7e01e1afca8,a1aaacb7f6cd6ee5fb43120f673cebb0cfea7dd4,d859bd533fac7ed31698ec60d4846b361d9856e2cbc6c37533881a786faecabd,"{""observation.images.camera1"": [1, 3, 256, 256], ""observation.images.camera2"": [1, 3, 256, 256], ""observation.language.attention_mask"": [1, 48], ""observation.language.tokens"": [1, 48], ""observation.state"": [1, 8]}",8.75395700909091,2.43500665,301.8948584,50.654432423994876,964068864,1002438656,/data/vla-forge-artifacts/M02_libero40/registry/runs/20261010T030315-982cacc8515f/videos/spatial_task00_episode08_attempt1.mp4,bab539945c98d1ba1abac94e2dd36e4695a210c162919c2a13c96676608c787e,"image:left,image2:right",/data/vla-forge-artifacts/M02_libero40/registry/runs/20261010T030315-982cacc8515f/rollout-63192293d84a4d29/trajectory.npz,c362a77375605cd985448ffacdbd7dedffe11b90d7e9f7e3f77321e4b83529db,/data/vla-forge-artifacts/M02_libero40/registry/runs/20261010T030315-982cacc8515f/episodes/spatial_task00_episode08_attempt1/action_trace.json,deed535570b2f6e44ffcbc69440c6206b7da0278b7e17b8cf0f8141df143ab31,/data/vla-forge-artifacts/M02_libero40/registry/runs/20261010T030315-982cacc8515f/episodes/spatial_task00_episode08_attempt1/episode.json,8e0ee7ee9409259f5260ec8d98f02e982f7e579626326c3ff79379854b73ceb4,
spatial,libero_spatial,0,pick_up_the_black_bowl_between_the_plate_and_the_ramekin_and_place_it_on_the_plate,pick up the black bowl between the plate and the ramekin and place it on the plate,9,20261010T030315-982cacc8515f,9,82009,1,complete,True,success,77,220,50,50,relative,31d453f7edd78c839a8bbc39744a292686daf0de,9a9f6413e42c0f332fccbce9a0dc796af2790f82cf002f791cdbf7e01e1afca8,a1aaacb7f6cd6ee5fb43120f673cebb0cfea7dd4,d859bd533fac7ed31698ec60d4846b361d9856e2cbc6c37533881a786faecabd,"{""observation.images.camera1"": [1, 3, 256, 256], ""observation.images.camera2"": [1, 3, 256, 256], ""observation.language.attention_mask"": [1, 48], ""observation.language.tokens"": [1, 48], ""observation.state"": [1, 8]}",9.638783350649346,2.1862912000000003,298.12188000000003,17.902233189997787,964068864,1002438656,/data/vla-forge-artifacts/M02_libero40/registry/runs/20261010T030315-982cacc8515f/videos/spatial_task00_episode09_attempt1.mp4,984717722b09fa20ac8a749a7404f5bc4dbbe6aef2cc67575fa5fe6f8da8b0a2,"image:left,image2:right",/data/vla-forge-artifacts/M02_libero40/registry/runs/20261010T030315-982cacc8515f/rollout-e55a613909454dc9/trajectory.npz,138aca265206f7b6a4cf7cb9cabefe6d4ae15623b2dc4c37f3ce04baf452d381,/data/vla-forge-artifacts/M02_libero40/registry/runs/20261010T030315-982cacc8515f/episodes/spatial_task00_episode09_attempt1/action_trace.json,8310333018cdecfca7774db4ff3a33f4ac6216412f81ecca3450933547624c5d,/data/vla-forge-artifacts/M02_libero40/registry/runs/20261010T030315-982cacc8515f/episodes/spatial_task00_episode09_attempt1/episode.json,7fe385dc9a680b6b0ee527f357fffff3c24d0b94d538b7cd45f9d0fc9e6b6600,
spatial,libero_spatial,1,pick_up_the_black_bowl_next_to_the_ramekin_and_place_it_on_the_plate,pick up the black bowl next to the ramekin and place it on the plate,0,20261010T030315-982cacc8515f,0,82010,1,complete,True,success,113,220,50,50,relative,31d453f7edd78c839a8bbc39744a292686daf0de,9a9f6413e42c0f332fccbce9a0dc796af2790f82cf002f791cdbf7e01e1afca8,a1aaacb7f6cd6ee5fb43120f673cebb0cfea7dd4,d859bd533fac7ed31698ec60d4846b361d9856e2cbc6c37533881a786faecabd,"{""observation.images.camera1"": [1, 3, 256, 256], ""observation.images.camera2"": [1, 3, 256, 256], ""observation.language.attention_mask"": [1, 48], ""observation.language.tokens"": [1, 48], ""observation.state"": [1, 8]}",10.675085203539824,2.426675399999998,331.1971846666667,26.087548709998373,964068864,1002438656,/data/vla-forge-artifacts/M02_libero40/registry/runs/20261010T030315-982cacc8515f/videos/spatial_task01_episode00_attempt1.mp4,1590ab2e267063caf99120d675f69e4e015e9e3bd2f7b994658ad1d9a4b59589,"image:left,image2:right",/data/vla-forge-artifacts/M02_libero40/registry/runs/20261010T030315-982cacc8515f/rollout-784d5ee04dbc63d2/trajectory.npz,95e9bc37a9ecfcd9bc45442dd076011ec9e1e12acee2a34cf9a3f750d1bc02fd,/data/vla-forge-artifacts/M02_libero40/registry/runs/20261010T030315-982cacc8515f/episodes/spatial_task01_episode00_attempt1/action_trace.json,bd852052d8f4bea661298d833d223a2f3357c43b69d00c788c567ffd9bf5d959,/data/vla-forge-artifacts/M02_libero40/registry/runs/20261010T030315-982cacc8515f/episodes/spatial_task01_episode00_attempt1/episode.json,259c74597f2868ddd0cc6ac4ac293d8f5ba74703be6ed505e0c512ea308ee945,
spatial,libero_spatial,1,pick_up_the_black_bowl_next_to_the_ramekin_and_place_it_on_the_plate,pick up the black bowl next to the ramekin and place it on the plate,1,20261010T030315-982cacc8515f,1,82011,1,complete,False,timeout,220,220,50,50,relative,31d453f7edd78c839a8bbc39744a292686daf0de,9a9f6413e42c0f332fccbce9a0dc796af2790f82cf002f791cdbf7e01e1afca8,a1aaacb7f6cd6ee5fb43120f673cebb0cfea7dd4,d859bd533fac7ed31698ec60d4846b361d9856e2cbc6c37533881a786faecabd,"{""observation.images.camera1"": [1, 3, 256, 256], ""observation.images.camera2"": [1, 3, 256, 256], ""observation.language.attention_mask"": [1, 48], ""observation.language.tokens"": [1, 48], ""observation.state"": [1, 8]}",8.695974963636361,2.4331083999999996,299.5779114,50.10178320600244,964068864,1002438656,/data/vla-forge-artifacts/M02_libero40/registry/runs/20261010T030315-982cacc8515f/videos/spatial_task01_episode01_attempt1.mp4,f6fbe6c0d4fc4e5db09e15d742bf2afa011d9b3ff58fd038b3d1ab416d9fdabf,"image:left,image2:right",/data/vla-forge-artifacts/M02_libero40/registry/runs/20261010T030315-982cacc8515f/rollout-d87b60f598aeee37/trajectory.npz,608b9caff16de62b21345f69fc162757e434fb326429ff9e68c7e10551ce8c0f,/data/vla-forge-artifacts/M02_libero40/registry/runs/20261010T030315-982cacc8515f/episodes/spatial_task01_episode01_attempt1/action_trace.json,6ec942219b6d6246ede8e8d465d6b66bb2259ca9676bf688ef4270358cce93dd,/data/vla-forge-artifacts/M02_libero40/registry/runs/20261010T030315-982cacc8515f/episodes/spatial_task01_episode01_attempt1/episode.json,f61b17d7116c3530d714a210a3ffcbd9be1b47a70343d28efe8884c2003f3eda,
spatial,libero_spatial,1,pick_up_the_black_bowl_next_to_the_ramekin_and_place_it_on_the_plate,pick up the black bowl next to the ramekin and place it on the plate,2,20261010T030315-982cacc8515f,2,82012,1,complete,True,success,106,220,50,50,relative,31d453f7edd78c839a8bbc39744a292686daf0de,9a9f6413e42c0f332fccbce9a0dc796af2790f82cf002f791cdbf7e01e1afca8,a1aaacb7f6cd6ee5fb43120f673cebb0cfea7dd4,d859bd533fac7ed31698ec60d4846b361d9856e2cbc6c37533881a786faecabd,"{""observation.images.camera1"": [1, 3, 256, 256], ""observation.images.camera2"": [1, 3, 256, 256], ""observation.language.attention_mask"": [1, 48], ""observation.language.tokens"": [1, 48], ""observation.state"": [1, 8]}",10.252693037735849,2.488982,296.02073966666666,24.87885677000304,964068864,1002438656,/data/vla-forge-artifacts/M02_libero40/registry/runs/20261010T030315-982cacc8515f/videos/spatial_task01_episode02_attempt1.mp4,638eb0a9daf958ef9e22008e26b7d751783d63d3eb2ece04b2d718b2cacca7ce,"image:left,image2:right",/data/vla-forge-artifacts/M02_libero40/registry/runs/20261010T030315-982cacc8515f/rollout-6a62b862716ad6c7/trajectory.npz,a672465c25b799d08a9bb9b8fdeff1d86e52ab97f5c5b1497e45f28c6956dde0,/data/vla-forge-artifacts/M02_libero40/registry/runs/20261010T030315-982cacc8515f/episodes/spatial_task01_episode02_attempt1/action_trace.json,220e9a33cbe31644a93f32b5700dd05ff364dc4cc4704cd9ce8085dee429dd14,/data/vla-forge-artifacts/M02_libero40/registry/runs/20261010T030315-982cacc8515f/episodes/spatial_task01_episode02_attempt1/episode.json,026dcb4536929f6e6de9835eec5e9887803c08f175f780bab123922172153126,
spatial,libero_spatial,1,pick_up_the_black_bowl_next_to_the_ramekin_and_place_it_on_the_plate,pick up the black bowl next to the ramekin and place it on the plate,3,20261010T030315-982cacc8515f,3,82013,1,complete,True,success,104,220,50,50,relative,31d453f7edd78c839a8bbc39744a292686daf0de,9a9f6413e42c0f332fccbce9a0dc796af2790f82cf002f791cdbf7e01e1afca8,a1aaacb7f6cd6ee5fb43120f673cebb0cfea7dd4,d859bd533fac7ed31698ec60d4846b361d9856e2cbc6c37533881a786faecabd,"{""observation.images.camera1"": [1, 3, 256, 256], ""observation.images.camera2"": [1, 3, 256, 256], ""observation.language.attention_mask"": [1, 48], ""observation.language.tokens"": [1, 48], ""observation.state"": [1, 8]}",10.681013875000001,2.6794112999999977,304.9399813333333,24.634872155002085,964068864,1002438656,/data/vla-forge-artifacts/M02_libero40/registry/runs/20261010T030315-982cacc8515f/videos/spatial_task01_episode03_attempt1.mp4,fcbf191d7e4fd2e0f732c51b2e836b1ac6582dc5af833b3c63c5cf8a0ea1e88b,"image:left,image2:right",/data/vla-forge-artifacts/M02_libero40/registry/runs/20261010T030315-982cacc8515f/rollout-d89e7f838392e731/trajectory.npz,eda37ce48fddb7cd3ec1b5461a48fef338a0f1e75966cf01913c99fcdbcac84d,/data/vla-forge-artifacts/M02_libero40/registry/runs/20261010T030315-982cacc8515f/episodes/spatial_task01_episode03_attempt1/action_trace.json,3ba972376befc442f5a09e06a85d22e9ee182ac48e32c0e377b5addeadd9b34e,/data/vla-forge-artifacts/M02_libero40/registry/runs/20261010T030315-982cacc8515f/episodes/spatial_task01_episode03_attempt1/episode.json,30943c62129bf67f106859feebdcf34e843e1b9bc3ebede52fe01e26c5c167a6,
spatial,libero_spatial,1,pick_up_the_black_bowl_next_to_the_ramekin_and_place_it_on_the_plate,pick up the black bowl next to the ramekin and place it on the plate,4,20261010T030315-982cacc8515f,4,82014,1,complete,False,timeout,220,220,50,50,relative,31d453f7edd78c839a8bbc39744a292686daf0de,9a9f6413e42c0f332fccbce9a0dc796af2790f82cf002f791cdbf7e01e1afca8,a1aaacb7f6cd6ee5fb43120f673cebb0cfea7dd4,d859bd533fac7ed31698ec60d4846b361d9856e2cbc6c37533881a786faecabd,"{""observation.images.camera1"": [1, 3, 256, 256], ""observation.images.camera2"": [1, 3, 256, 256], ""observation.language.attention_mask"": [1, 48], ""observation.language.tokens"": [1, 48], ""observation.state"": [1, 8]}",8.691022295454546,2.3413264,299.7400616,48.213377590000164,964068864,1002438656,/data/vla-forge-artifacts/M02_libero40/registry/runs/20261010T030315-982cacc8515f/videos/spatial_task01_episode04_attempt1.mp4,0b8d5064cf57e5b8325235554c260fc9b7f0f64535a42b05f2bc211c251f9ebe,"image:left,image2:right",/data/vla-forge-artifacts/M02_libero40/registry/runs/20261010T030315-982cacc8515f/rollout-3bdb05d9464facd8/trajectory.npz,627c1d54871dd981eaad7c7d1c97989e26c961e1ce386729246b2bc6a96f2b5c,/data/vla-forge-artifacts/M02_libero40/registry/runs/20261010T030315-982cacc8515f/episodes/spatial_task01_episode04_attempt1/action_trace.json,11e37cc59a4a135a2ce263c666523766b0afeb1ea1083cce736fc8ffd0f947f1,/data/vla-forge-artifacts/M02_libero40/registry/runs/20261010T030315-982cacc8515f/episodes/spatial_task01_episode04_attempt1/episode.json,51dc1c52cc87d783c77c87b27f8ec74439f9d0b79a4491cc2bc0f7019242c075,
spatial,libero_spatial,1,pick_up_the_black_bowl_next_to_the_ramekin_and_place_it_on_the_plate,pick up the black bowl next to the ramekin and place it on the plate,5,20261010T030315-982cacc8515f,5,82015,1,complete,True,success,105,220,50,50,relative,31d453f7edd78c839a8bbc39744a292686daf0de,9a9f6413e42c0f332fccbce9a0dc796af2790f82cf002f791cdbf7e01e1afca8,a1aaacb7f6cd6ee5fb43120f673cebb0cfea7dd4,d859bd533fac7ed31698ec60d4846b361d9856e2cbc6c37533881a786faecabd,"{""observation.images.camera1"": [1, 3, 256, 256], ""observation.images.camera2"": [1, 3, 256, 256], ""observation.language.attention_mask"": [1, 48], ""observation.language.tokens"": [1, 48], ""observation.state"": [1, 8]}",10.511564723809522,2.726536199999999,301.50336433333337,25.148877824998635,964068864,1002438656,/data/vla-forge-artifacts/M02_libero40/registry/runs/20261010T030315-982cacc8515f/videos/spatial_task01_episode05_attempt1.mp4,5cce17f10bffcce59f33c079a81a91f80d891aba05847e3a6222cbedf8a7f87b,"image:left,image2:right",/data/vla-forge-artifacts/M02_libero40/registry/runs/20261010T030315-982cacc8515f/rollout-8cfb8598eda73878/trajectory.npz,ec0e21db6f6b165a6db03f794dd3418298c8a92ddfd5f396f8f1d05f29aad496,/data/vla-forge-artifacts/M02_libero40/registry/runs/20261010T030315-982cacc8515f/episodes/spatial_task01_episode05_attempt1/action_trace.json,d0eb05caedab964ec1e82606cfb2d4b30625fd4788d2f1944240cd5d9ee6c185,/data/vla-forge-artifacts/M02_libero40/registry/runs/20261010T030315-982cacc8515f/episodes/spatial_task01_episode05_attempt1/episode.json,8baa5dd329e2fd60d9c83f0c3a209a4e1215f8f33b1719e6f83b1fa4b139010f,
spatial,libero_spatial,1,pick_up_the_black_bowl_next_to_the_ramekin_and_place_it_on_the_plate,pick up the black bowl next to the ramekin and place it on the plate,6,20261010T030315-982cacc8515f,6,82016,1,complete,True,success,112,220,50,50,relative,31d453f7edd78c839a8bbc39744a292686daf0de,9a9f6413e42c0f332fccbce9a0dc796af2790f82cf002f791cdbf7e01e1afca8,a1aaacb7f6cd6ee5fb43120f673cebb0cfea7dd4,d859bd533fac7ed31698ec60d4846b361d9856e2cbc6c37533881a786faecabd,"{""observation.images.camera1"": [1, 3, 256, 256], ""observation.images.camera2"": [1, 3, 256, 256], ""observation.language.attention_mask"": [1, 48], ""observation.language.tokens"": [1, 48], ""observation.state"": [1, 8]}",9.696856848214285,2.2725855999999998,292.7552326666667,25.456205504997342,964068864,1002438656,/data/vla-forge-artifacts/M02_libero40/registry/runs/20261010T030315-982cacc8515f/videos/spatial_task01_episode06_attempt1.mp4,8c35b5e5d27df1548665d3399c86221b2d913d640280a2d162ff3941ddcac451,"image:left,image2:right",/data/vla-forge-artifacts/M02_libero40/registry/runs/20261010T030315-982cacc8515f/rollout-1a97c72afb45baef/trajectory.npz,1902b7dbbc3c7f568de7ad6e9a96aee9396b3fc1477df236c08bf117b54d1a0b,/data/vla-forge-artifacts/M02_libero40/registry/runs/20261010T030315-982cacc8515f/episodes/spatial_task01_episode06_attempt1/action_trace.json,2896ce2dd2f36869ecff6452969d0c3c2fd786fd011d5da4f2fe262e8c6ea99f,/data/vla-forge-artifacts/M02_libero40/registry/runs/20261010T030315-982cacc8515f/episodes/spatial_task01_episode06_attempt1/episode.json,9e95eaf70f2efcc7b93c09a73278b304300d8e6e0eb4a7998957fedee903e54b,
spatial,libero_spatial,1,pick_up_the_black_bowl_next_to_the_ramekin_and_place_it_on_the_plate,pick up the black bowl next to the ramekin and place it on the plate,7,20261010T030315-982cacc8515f,7,82017,1,complete,True,success,106,220,50,50,relative,31d453f7edd78c839a8bbc39744a292686daf0de,9a9f6413e42c0f332fccbce9a0dc796af2790f82cf002f791cdbf7e01e1afca8,a1aaacb7f6cd6ee5fb43120f673cebb0cfea7dd4,d859bd533fac7ed31698ec60d4846b361d9856e2cbc6c37533881a786faecabd,"{""observation.images.camera1"": [1, 3, 256, 256], ""observation.images.camera2"": [1, 3, 256, 256], ""observation.language.attention_mask"": [1, 48], ""observation.language.tokens"": [1, 48], ""observation.state"": [1, 8]}",10.265910084905661,2.6235065,295.9250343333334,24.335763135997695,964068864,1002438656,/data/vla-forge-artifacts/M02_libero40/registry/runs/20261010T030315-982cacc8515f/videos/spatial_task01_episode07_attempt1.mp4,7cf6704dc38b8c32ecc86e383c07a0351515af8c2c369fcedd84e484454e045e,"image:left,image2:right",/data/vla-forge-artifacts/M02_libero40/registry/runs/20261010T030315-982cacc8515f/rollout-c2737a837b614329/trajectory.npz,d76be40eece7b8a9e03a56e7326eb3902f3898271187c9c776ad0135d8123c7e,/data/vla-forge-artifacts/M02_libero40/registry/runs/20261010T030315-982cacc8515f/episodes/spatial_task01_episode07_attempt1/action_trace.json,b4b182b6ec238c326d6b615a3b7d0a4ba5a9c2719f39e3ffc470ec6aa645c409,/data/vla-forge-artifacts/M02_libero40/registry/runs/20261010T030315-982cacc8515f/episodes/spatial_task01_episode07_attempt1/episode.json,68b2d1c78814871636e2da1ba16beb6bca75bdf106b9fb5baf856ba19ab11093,
spatial,libero_spatial,1,pick_up_the_black_bowl_next_to_the_ramekin_and_place_it_on_the_plate,pick up the black bowl next to the ramekin and place it on the plate,8,20261010T030315-982cacc8515f,8,82018,1,complete,False,timeout,220,220,50,50,relative,31d453f7edd78c839a8bbc39744a292686daf0de,9a9f6413e42c0f332fccbce9a0dc796af2790f82cf002f791cdbf7e01e1afca8,a1aaacb7f6cd6ee5fb43120f673cebb0cfea7dd4,d859bd533fac7ed31698ec60d4846b361d9856e2cbc6c37533881a786faecabd,"{""observation.images.camera1"": [1, 3, 256, 256], ""observation.images.camera2"": [1, 3, 256, 256], ""observation.language.attention_mask"": [1, 48], ""observation.language.tokens"": [1, 48], ""observation.state"": [1, 8]}",8.708137877272726,2.55439115,297.26864559999996,50.75280717699934,964068864,1002438656,/data/vla-forge-artifacts/M02_libero40/registry/runs/20261010T030315-982cacc8515f/videos/spatial_task01_episode08_attempt1.mp4,a9f122938ed2025041a9563b60db416bbbb831485e49f9f48358e026c24c19c3,"image:left,image2:right",/data/vla-forge-artifacts/M02_libero40/registry/runs/20261010T030315-982cacc8515f/rollout-a2dffacce418a50e/trajectory.npz,a8cff920a8c4ab9eec3968d8770c3c4fca162fa9b2fd5120d6b820ed729f9647,/data/vla-forge-artifacts/M02_libero40/registry/runs/20261010T030315-982cacc8515f/episodes/spatial_task01_episode08_attempt1/action_trace.json,4a3ddfec51f1f2900b1706338221724f6df486ffe20f15120e9bd59f45cadf8d,/data/vla-forge-artifacts/M02_libero40/registry/runs/20261010T030315-982cacc8515f/episodes/spatial_task01_episode08_attempt1/episode.json,f052144e13ceca8b16fe9f50d4b9c3077e0befdeb45f5eb4e9932ba438769c0e,
spatial,libero_spatial,1,pick_up_the_black_bowl_next_to_the_ramekin_and_place_it_on_the_plate,pick up the black bowl next to the ramekin and place it on the plate,9,20261010T030315-982cacc8515f,9,82019,1,complete,True,success,114,220,50,50,relative,31d453f7edd78c839a8bbc39744a292686daf0de,9a9f6413e42c0f332fccbce9a0dc796af2790f82cf002f791cdbf7e01e1afca8,a1aaacb7f6cd6ee5fb43120f673cebb0cfea7dd4,d859bd533fac7ed31698ec60d4846b361d9856e2cbc6c37533881a786faecabd,"{""observation.images.camera1"": [1, 3, 256, 256], ""observation.images.camera2"": [1, 3, 256, 256], ""observation.language.attention_mask"": [1, 48], ""observation.language.tokens"": [1, 48], ""observation.state"": [1, 8]}",9.741398078947366,2.4396133999999985,298.3350086666667,26.186101587001758,964068864,1002438656,/data/vla-forge-artifacts/M02_libero40/registry/runs/20261010T030315-982cacc8515f/videos/spatial_task01_episode09_attempt1.mp4,c7d193cab46269355924a0a2a255fd2cf87167b85ec75d18010ef01bcc7a222e,"image:left,image2:right",/data/vla-forge-artifacts/M02_libero40/registry/runs/20261010T030315-982cacc8515f/rollout-5440d8c5123605b1/trajectory.npz,8548f919539860ae95193eb73fa0bcebdb93614aaef1ed8fd835c4082c842ba2,/data/vla-forge-artifacts/M02_libero40/registry/runs/20261010T030315-982cacc8515f/episodes/spatial_task01_episode09_attempt1/action_trace.json,ecac90432bdd4245c5f1877e7fb29a130e7610b4501178af3b9c56e0b29fb503,/data/vla-forge-artifacts/M02_libero40/registry/runs/20261010T030315-982cacc8515f/episodes/spatial_task01_episode09_attempt1/episode.json,e8c60909d7bf79444d2edf568a7c57e0fe761136cf72d14329000f8d0907ce74,
spatial,libero_spatial,2,pick_up_the_black_bowl_from_table_center_and_place_it_on_the_plate,pick up the black bowl from table center and place it on the plate,0,20261010T030315-982cacc8515f,0,82020,1,complete,True,success,102,220,50,50,relative,31d453f7edd78c839a8bbc39744a292686daf0de,9a9f6413e42c0f332fccbce9a0dc796af2790f82cf002f791cdbf7e01e1afca8,a1aaacb7f6cd6ee5fb43120f673cebb0cfea7dd4,d859bd533fac7ed31698ec60d4846b361d9856e2cbc6c37533881a786faecabd,"{""observation.images.camera1"": [1, 3, 256, 256], ""observation.images.camera2"": [1, 3, 256, 256], ""observation.language.attention_mask"": [1, 48], ""observation.language.tokens"": [1, 48], ""observation.state"": [1, 8]}",10.718298843137255,2.4972416499999976,301.06419266666666,23.76532661699457,964068864,1002438656,/data/vla-forge-artifacts/M02_libero40/registry/runs/20261010T030315-982cacc8515f/videos/spatial_task02_episode00_attempt1.mp4,727bfc3bf3aa5098050acc524db1c9b2dca37e15eae456659dd7452409473e29,"image:left,image2:right",/data/vla-forge-artifacts/M02_libero40/registry/runs/20261010T030315-982cacc8515f/rollout-aa03aa8ce9871248/trajectory.npz,85368a5ba8a27af6cdad7b1e17c56288f64b4347d7dbd414a6c6fa55fd63a0e4,/data/vla-forge-artifacts/M02_libero40/registry/runs/20261010T030315-982cacc8515f/episodes/spatial_task02_episode00_attempt1/action_trace.json,83bc763e83873fcda8f826ca7d3331030aae319e046cc24525c0eb680045200a,/data/vla-forge-artifacts/M02_libero40/registry/runs/20261010T030315-982cacc8515f/episodes/spatial_task02_episode00_attempt1/episode.json,89299b08a5b449a475f74701ab158090c97fcddcdad610213b85bebb267e1876,
spatial,libero_spatial,2,pick_up_the_black_bowl_from_table_center_and_place_it_on_the_plate,pick up the black bowl from table center and place it on the plate,1,20261010T030315-982cacc8515f,1,82021,1,complete,True,success,92,220,50,50,relative,31d453f7edd78c839a8bbc39744a292686daf0de,9a9f6413e42c0f332fccbce9a0dc796af2790f82cf002f791cdbf7e01e1afca8,a1aaacb7f6cd6ee5fb43120f673cebb0cfea7dd4,d859bd533fac7ed31698ec60d4846b361d9856e2cbc6c37533881a786faecabd,"{""observation.images.camera1"": [1, 3, 256, 256], ""observation.images.camera2"": [1, 3, 256, 256], ""observation.language.attention_mask"": [1, 48], ""observation.language.tokens"": [1, 48], ""observation.state"": [1, 8]}",8.357247336956522,2.56087995,297.0369245,21.48930003699934,964068864,1002438656,/data/vla-forge-artifacts/M02_libero40/registry/runs/20261010T030315-982cacc8515f/videos/spatial_task02_episode01_attempt1.mp4,cd351e2bcbc6a6c584a929f6e70bcfa10a26554077b75bb159f5706734c27d56,"image:left,image2:right",/data/vla-forge-artifacts/M02_libero40/registry/runs/20261010T030315-982cacc8515f/rollout-a38ef226dc06b45f/trajectory.npz,67b72f891c42ab78fa0c8e6cfa310ed0fd433662245a6a26fe629503ae393be2,/data/vla-forge-artifacts/M02_libero40/registry/runs/20261010T030315-982cacc8515f/episodes/spatial_task02_episode01_attempt1/action_trace.json,5e074b435be80d63657889b7a745070a11b7c4b04e2e5b901828c0c1bf441c32,/data/vla-forge-artifacts/M02_libero40/registry/runs/20261010T030315-982cacc8515f/episodes/spatial_task02_episode01_attempt1/episode.json,d8950e578acba56ccaaffbba652ee450c23b1ce472db2decaef40c5b29923c50,
spatial,libero_spatial,2,pick_up_the_black_bowl_from_table_center_and_place_it_on_the_plate,pick up the black bowl from table center and place it on the plate,2,20261010T030315-982cacc8515f,2,82022,1,complete,False,timeout,220,220,50,50,relative,31d453f7edd78c839a8bbc39744a292686daf0de,9a9f6413e42c0f332fccbce9a0dc796af2790f82cf002f791cdbf7e01e1afca8,a1aaacb7f6cd6ee5fb43120f673cebb0cfea7dd4,d859bd533fac7ed31698ec60d4846b361d9856e2cbc6c37533881a786faecabd,"{""observation.images.camera1"": [1, 3, 256, 256], ""observation.images.camera2"": [1, 3, 256, 256], ""observation.language.attention_mask"": [1, 48], ""observation.language.tokens"": [1, 48], ""observation.state"": [1, 8]}",8.785214777272728,2.563329049999996,302.9147188,51.61851406400092,964068864,1002438656,/data/vla-forge-artifacts/M02_libero40/registry/runs/20261010T030315-982cacc8515f/videos/spatial_task02_episode02_attempt1.mp4,03b5d6533d24cc488b46282c850abc7942dacd942e5eac1d192adfc58d7db691,"image:left,image2:right",/data/vla-forge-artifacts/M02_libero40/registry/runs/20261010T030315-982cacc8515f/rollout-939e1ef43ec850bc/trajectory.npz,9e141b0ec38dbd8e9985364964d881055bdf6af71b6a4b106ab5fdfffb501c7b,/data/vla-forge-artifacts/M02_libero40/registry/runs/20261010T030315-982cacc8515f/episodes/spatial_task02_episode02_attempt1/action_trace.json,25d630f097589e569c1a3b9e1453c712b6ac78ad113a6320acbfbeb3151d4a81,/data/vla-forge-artifacts/M02_libero40/registry/runs/20261010T030315-982cacc8515f/episodes/spatial_task02_episode02_attempt1/episode.json,cefd7208ce4368d7297de2a7464f39604a2d79d0c271adc838c0939f8649f13f,
spatial,libero_spatial,2,pick_up_the_black_bowl_from_table_center_and_place_it_on_the_plate,pick up the black bowl from table center and place it on the plate,3,20261010T030315-982cacc8515f,3,82023,1,complete,True,success,96,220,50,50,relative,31d453f7edd78c839a8bbc39744a292686daf0de,9a9f6413e42c0f332fccbce9a0dc796af2790f82cf002f791cdbf7e01e1afca8,a1aaacb7f6cd6ee5fb43120f673cebb0cfea7dd4,d859bd533fac7ed31698ec60d4846b361d9856e2cbc6c37533881a786faecabd,"{""observation.images.camera1"": [1, 3, 256, 256], ""observation.images.camera2"": [1, 3, 256, 256], ""observation.language.attention_mask"": [1, 48], ""observation.language.tokens"": [1, 48], ""observation.state"": [1, 8]}",8.170864708333335,2.7959305,299.967285,22.984741815002053,964068864,1002438656,/data/vla-forge-artifacts/M02_libero40/registry/runs/20261010T030315-982cacc8515f/videos/spatial_task02_episode03_attempt1.mp4,4945fe4593d560ed156541ff84aa51c50ea400a9700bba400a684fc5030ecd98,"image:left,image2:right",/data/vla-forge-artifacts/M02_libero40/registry/runs/20261010T030315-982cacc8515f/rollout-65ae9ae7b1dc41d6/trajectory.npz,63836b139e10dd5003b42a173106ea02fe79e90d531dd40a8eace5f84ee0ba92,/data/vla-forge-artifacts/M02_libero40/registry/runs/20261010T030315-982cacc8515f/episodes/spatial_task02_episode03_attempt1/action_trace.json,90e962c41411c9bfc0fff4fa836a936bc21e6aac17cdb4409da92f58f493a7a2,/data/vla-forge-artifacts/M02_libero40/registry/runs/20261010T030315-982cacc8515f/episodes/spatial_task02_episode03_attempt1/episode.json,6b57f303973b92d9850df566763dc085b7aa43f229f68ebff02201c8764e3f99,
spatial,libero_spatial,2,pick_up_the_black_bowl_from_table_center_and_place_it_on_the_plate,pick up the black bowl from table center and place it on the plate,4,20261010T030315-982cacc8515f,4,82024,1,complete,True,success,104,220,50,50,relative,31d453f7edd78c839a8bbc39744a292686daf0de,9a9f6413e42c0f332fccbce9a0dc796af2790f82cf002f791cdbf7e01e1afca8,a1aaacb7f6cd6ee5fb43120f673cebb0cfea7dd4,d859bd533fac7ed31698ec60d4846b361d9856e2cbc6c37533881a786faecabd,"{""observation.images.camera1"": [1, 3, 256, 256], ""observation.images.camera2"": [1, 3, 256, 256], ""observation.language.attention_mask"": [1, 48], ""observation.language.tokens"": [1, 48], ""observation.state"": [1, 8]}",10.756446990384616,2.5836673500000003,306.452567,24.781261866999557,964068864,1002438656,/data/vla-forge-artifacts/M02_libero40/registry/runs/20261010T030315-982cacc8515f/videos/spatial_task02_episode04_attempt1.mp4,e4d2010d61223b15cbcbcfa50807f0c427fab06b738cd43cd4aa5efd5194d0b4,"image:left,image2:right",/data/vla-forge-artifacts/M02_libero40/registry/runs/20261010T030315-982cacc8515f/rollout-01d72c0f4fa22345/trajectory.npz,9894b5178dab097f6a5bf9b8d5e4c8763e145307cc583d5a9ce626255a8b7c21,/data/vla-forge-artifacts/M02_libero40/registry/runs/20261010T030315-982cacc8515f/episodes/spatial_task02_episode04_attempt1/action_trace.json,0ba2961af3977dc0d4a59989035737acfd9519a76c56d443a6be6a01c5e190ab,/data/vla-forge-artifacts/M02_libero40/registry/runs/20261010T030315-982cacc8515f/episodes/spatial_task02_episode04_attempt1/episode.json,79c3b449b6be406da4b197bf38bd9cc7c86c7d8c5edbc2b0baaf7ffde8bdae6f,
spatial,libero_spatial,2,pick_up_the_black_bowl_from_table_center_and_place_it_on_the_plate,pick up the black bowl from table center and place it on the plate,5,20261010T030315-982cacc8515f,5,82025,1,complete,False,timeout,220,220,50,50,relative,31d453f7edd78c839a8bbc39744a292686daf0de,9a9f6413e42c0f332fccbce9a0dc796af2790f82cf002f791cdbf7e01e1afca8,a1aaacb7f6cd6ee5fb43120f673cebb0cfea7dd4,d859bd533fac7ed31698ec60d4846b361d9856e2cbc6c37533881a786faecabd,"{""observation.images.camera1"": [1, 3, 256, 256], ""observation.images.camera2"": [1, 3, 256, 256], ""observation.language.attention_mask"": [1, 48], ""observation.language.tokens"": [1, 48], ""observation.state"": [1, 8]}",8.574164968181819,2.3008328499999995,294.82862919999997,53.04316333899624,964068864,1002438656,/data/vla-forge-artifacts/M02_libero40/registry/runs/20261010T030315-982cacc8515f/videos/spatial_task02_episode05_attempt1.mp4,3867560daa49967ef201d002f3443d55f4b1a0799304097946fda1821dd11cd2,"image:left,image2:right",/data/vla-forge-artifacts/M02_libero40/registry/runs/20261010T030315-982cacc8515f/rollout-de6a068ece123573/trajectory.npz,3d41a6f80c6dab9ad5329909823bef36bcaf7f9ccd6e2a9505b692c2663c53bc,/data/vla-forge-artifacts/M02_libero40/registry/runs/20261010T030315-982cacc8515f/episodes/spatial_task02_episode05_attempt1/action_trace.json,ab4604ab8fc97d1f507f88aa5f258ee335316f087a150d69be3db1b8b85b1dfc,/data/vla-forge-artifacts/M02_libero40/registry/runs/20261010T030315-982cacc8515f/episodes/spatial_task02_episode05_attempt1/episode.json,ce5b0f50a4e2ef709497e9ae937c25b7d28b08b782c30bfee35c0dfeadb0060b,
spatial,libero_spatial,2,pick_up_the_black_bowl_from_table_center_and_place_it_on_the_plate,pick up the black bowl from table center and place it on the plate,6,20261010T030315-982cacc8515f,6,82026,1,complete,True,success,99,220,50,50,relative,31d453f7edd78c839a8bbc39744a292686daf0de,9a9f6413e42c0f332fccbce9a0dc796af2790f82cf002f791cdbf7e01e1afca8,a1aaacb7f6cd6ee5fb43120f673cebb0cfea7dd4,d859bd533fac7ed31698ec60d4846b361d9856e2cbc6c37533881a786faecabd,"{""observation.images.camera1"": [1, 3, 256, 256], ""observation.images.camera2"": [1, 3, 256, 256], ""observation.language.attention_mask"": [1, 48], ""observation.language.tokens"": [1, 48], ""observation.state"": [1, 8]}",8.13730807070707,2.812801299999999,307.2963625,23.828279722001753,964068864,1002438656,/data/vla-forge-artifacts/M02_libero40/registry/runs/20261010T030315-982cacc8515f/videos/spatial_task02_episode06_attempt1.mp4,d6254010c184169339804ed71951f61aa5a472403b68056d5df4b1a77dbfa212,"image:left,image2:right",/data/vla-forge-artifacts/M02_libero40/registry/runs/20261010T030315-982cacc8515f/rollout-20d77815dabc5b71/trajectory.npz,4eb3cf60141649ac925ac21af09c7afbfc38219a5805640c0ef18ba506454fc1,/data/vla-forge-artifacts/M02_libero40/registry/runs/20261010T030315-982cacc8515f/episodes/spatial_task02_episode06_attempt1/action_trace.json,c9011671cf7b920f7b3f2470c2f3fa5138280dd6991db55826b89ac748d730ef,/data/vla-forge-artifacts/M02_libero40/registry/runs/20261010T030315-982cacc8515f/episodes/spatial_task02_episode06_attempt1/episode.json,cc1bbaa210f5e636988f3a68e9d33f62ad3d442990c0ef90154c9b143fd6339d,
spatial,libero_spatial,2,pick_up_the_black_bowl_from_table_center_and_place_it_on_the_plate,pick up the black bowl from table center and place it on the plate,7,20261010T030315-982cacc8515f,7,82027,1,complete,True,success,115,220,50,50,relative,31d453f7edd78c839a8bbc39744a292686daf0de,9a9f6413e42c0f332fccbce9a0dc796af2790f82cf002f791cdbf7e01e1afca8,a1aaacb7f6cd6ee5fb43120f673cebb0cfea7dd4,d859bd533fac7ed31698ec60d4846b361d9856e2cbc6c37533881a786faecabd,"{""observation.images.camera1"": [1, 3, 256, 256], ""observation.images.camera2"": [1, 3, 256, 256], ""observation.language.attention_mask"": [1, 48], ""observation.language.tokens"": [1, 48], ""observation.state"": [1, 8]}",9.760746678260867,2.850078499999999,299.909785,28.326349850998668,964068864,1002438656,/data/vla-forge-artifacts/M02_libero40/registry/runs/20261010T030315-982cacc8515f/videos/spatial_task02_episode07_attempt1.mp4,06b1a4f2dda20c3fcd0f2442f596b537227ee70f1c0df27d93f6d7d2347e44eb,"image:left,image2:right",/data/vla-forge-artifacts/M02_libero40/registry/runs/20261010T030315-982cacc8515f/rollout-b0143bc9ba643b25/trajectory.npz,2747d3dc9056e4c729ead0d0f2fd046b54b3998a96db4667d57f5a0482fa96b1,/data/vla-forge-artifacts/M02_libero40/registry/runs/20261010T030315-982cacc8515f/episodes/spatial_task02_episode07_attempt1/action_trace.json,ba2ecaa2e4c7f9848a7616ef2e25aa170e769bb52377bbc7b7549f53d73e3664,/data/vla-forge-artifacts/M02_libero40/registry/runs/20261010T030315-982cacc8515f/episodes/spatial_task02_episode07_attempt1/episode.json,d2bdbb39837e75b8c418485fff72358e8d3247c9e48b3963ef30a3d5cb4afe4c,
spatial,libero_spatial,2,pick_up_the_black_bowl_from_table_center_and_place_it_on_the_plate,pick up the black bowl from table center and place it on the plate,8,20261010T030315-982cacc8515f,8,82028,1,complete,True,success,99,220,50,50,relative,31d453f7edd78c839a8bbc39744a292686daf0de,9a9f6413e42c0f332fccbce9a0dc796af2790f82cf002f791cdbf7e01e1afca8,a1aaacb7f6cd6ee5fb43120f673cebb0cfea7dd4,d859bd533fac7ed31698ec60d4846b361d9856e2cbc6c37533881a786faecabd,"{""observation.images.camera1"": [1, 3, 256, 256], ""observation.images.camera2"": [1, 3, 256, 256], ""observation.language.attention_mask"": [1, 48], ""observation.language.tokens"": [1, 48], ""observation.state"": [1, 8]}",8.006910444444443,2.5381081999999995,301.9327725,23.349089092000213,964068864,1002438656,/data/vla-forge-artifacts/M02_libero40/registry/runs/20261010T030315-982cacc8515f/videos/spatial_task02_episode08_attempt1.mp4,45f27e742e8e9981df2c4a01d18bdcb8e9044f9f6dd12cbfeebbb9bc40f52cb9,"image:left,image2:right",/data/vla-forge-artifacts/M02_libero40/registry/runs/20261010T030315-982cacc8515f/rollout-462cb27bdab8bb30/trajectory.npz,c040d932cf68f06cbc272ed12de6c13e0cc3cd87f74dd3ab13ee4d13691ee539,/data/vla-forge-artifacts/M02_libero40/registry/runs/20261010T030315-982cacc8515f/episodes/spatial_task02_episode08_attempt1/action_trace.json,49ca66033016e76e10cafc016bd9041c7e35cc812bea16e2d5b7be4869cfe5bf,/data/vla-forge-artifacts/M02_libero40/registry/runs/20261010T030315-982cacc8515f/episodes/spatial_task02_episode08_attempt1/episode.json,bd81ee628415dd77b812dd9fc1a64e681eec86ad38c082a37d951eefcf0d3dbc,
spatial,libero_spatial,2,pick_up_the_black_bowl_from_table_center_and_place_it_on_the_plate,pick up the black bowl from table center and place it on the plate,9,20261010T030315-982cacc8515f,9,82029,1,complete,True,success,95,220,50,50,relative,31d453f7edd78c839a8bbc39744a292686daf0de,9a9f6413e42c0f332fccbce9a0dc796af2790f82cf002f791cdbf7e01e1afca8,a1aaacb7f6cd6ee5fb43120f673cebb0cfea7dd4,d859bd533fac7ed31698ec60d4846b361d9856e2cbc6c37533881a786faecabd,"{""observation.images.camera1"": [1, 3, 256, 256], ""observation.images.camera2"": [1, 3, 256, 256], ""observation.language.attention_mask"": [1, 48], ""observation.language.tokens"": [1, 48], ""observation.state"": [1, 8]}",8.120988978947368,2.2766375,296.41682000000003,23.2109947429999,964068864,1002438656,/data/vla-forge-artifacts/M02_libero40/registry/runs/20261010T030315-982cacc8515f/videos/spatial_task02_episode09_attempt1.mp4,2dd6a8d612fed75e1d238c2f33f00e3696c97b0d0ef017574ef7b8396e7d030f,"image:left,image2:right",/data/vla-forge-artifacts/M02_libero40/registry/runs/20261010T030315-982cacc8515f/rollout-7720776360c35790/trajectory.npz,1a8f8a6cb9b9efcdb29bacffaa84ab40ccf3f0f0fe7e30f75a6c7c4bab76e600,/data/vla-forge-artifacts/M02_libero40/registry/runs/20261010T030315-982cacc8515f/episodes/spatial_task02_episode09_attempt1/action_trace.json,ef613dd28563528b3c6a2d6aedbd90fe6435e772ff9679931689f7ad57951caa,/data/vla-forge-artifacts/M02_libero40/registry/runs/20261010T030315-982cacc8515f/episodes/spatial_task02_episode09_attempt1/episode.json,831cf78090242c74286ff84befe04cd490daf22e05072533d87f8a891651ad67,
spatial,libero_spatial,3,pick_up_the_black_bowl_on_the_cookie_box_and_place_it_on_the_plate,pick up the black bowl on the cookie box and place it on the plate,0,20261010T030315-982cacc8515f,0,82030,1,complete,True,success,87,220,50,50,relative,31d453f7edd78c839a8bbc39744a292686daf0de,9a9f6413e42c0f332fccbce9a0dc796af2790f82cf002f791cdbf7e01e1afca8,a1aaacb7f6cd6ee5fb43120f673cebb0cfea7dd4,d859bd533fac7ed31698ec60d4846b361d9856e2cbc6c37533881a786faecabd,"{""observation.images.camera1"": [1, 3, 256, 256], ""observation.images.camera2"": [1, 3, 256, 256], ""observation.language.attention_mask"": [1, 48], ""observation.language.tokens"": [1, 48], ""observation.state"": [1, 8]}",8.796347011494253,2.3497164,300.42293900000004,20.04738456000632,964068864,1002438656,/data/vla-forge-artifacts/M02_libero40/registry/runs/20261010T030315-982cacc8515f/videos/spatial_task03_episode00_attempt1.mp4,d95e3fc05563d790dbba3ee914035dae7c4a472a6760c5f723660065c7b1521f,"image:left,image2:right",/data/vla-forge-artifacts/M02_libero40/registry/runs/20261010T030315-982cacc8515f/rollout-fdee7df951e1439d/trajectory.npz,e6a43b68acaeb14758f7de9a438191f32a10ea153d3cc6ebf847787980e64a76,/data/vla-forge-artifacts/M02_libero40/registry/runs/20261010T030315-982cacc8515f/episodes/spatial_task03_episode00_attempt1/action_trace.json,f1584eeefcc2822193e621aaca3a37697bb64ebe715571d5d278990d6e9220b1,/data/vla-forge-artifacts/M02_libero40/registry/runs/20261010T030315-982cacc8515f/episodes/spatial_task03_episode00_attempt1/episode.json,9d0edde913fa2cb4f749059d02ccc8ff582d82591a1a7935c5bd184ea17587da,
spatial,libero_spatial,3,pick_up_the_black_bowl_on_the_cookie_box_and_place_it_on_the_plate,pick up the black bowl on the cookie box and place it on the plate,1,20261010T030315-982cacc8515f,1,82031,1,complete,True,success,83,220,50,50,relative,31d453f7edd78c839a8bbc39744a292686daf0de,9a9f6413e42c0f332fccbce9a0dc796af2790f82cf002f791cdbf7e01e1afca8,a1aaacb7f6cd6ee5fb43120f673cebb0cfea7dd4,d859bd533fac7ed31698ec60d4846b361d9856e2cbc6c37533881a786faecabd,"{""observation.images.camera1"": [1, 3, 256, 256], ""observation.images.camera2"": [1, 3, 256, 256], ""observation.language.attention_mask"": [1, 48], ""observation.language.tokens"": [1, 48], ""observation.state"": [1, 8]}",8.888271578313251,2.3785682999999964,291.548593,19.224105487999623,964068864,1002438656,/data/vla-forge-artifacts/M02_libero40/registry/runs/20261010T030315-982cacc8515f/videos/spatial_task03_episode01_attempt1.mp4,6d1bbc6a003b2750444f5ad6576aec7c383034ece6a253f285ed73ea832e7221,"image:left,image2:right",/data/vla-forge-artifacts/M02_libero40/registry/runs/20261010T030315-982cacc8515f/rollout-addb9ddce61b9648/trajectory.npz,2a350c4759febba8827059b68bc854bf355a063dddd42c5383b8c52f8e7998f7,/data/vla-forge-artifacts/M02_libero40/registry/runs/20261010T030315-982cacc8515f/episodes/spatial_task03_episode01_attempt1/action_trace.json,9e00e2b839ddfdc003160a8f16d1c0a30893366a35cf080b3801a08bf2218514,/data/vla-forge-artifacts/M02_libero40/registry/runs/20261010T030315-982cacc8515f/episodes/spatial_task03_episode01_attempt1/episode.json,bcb9f8182757415031b907c78b895bf6e3feef01ef69948ae317a63ff53aa5dc,
spatial,libero_spatial,3,pick_up_the_black_bowl_on_the_cookie_box_and_place_it_on_the_plate,pick up the black bowl on the cookie box and place it on the plate,2,20261010T030315-982cacc8515f,2,82032,1,complete,True,success,80,220,50,50,relative,31d453f7edd78c839a8bbc39744a292686daf0de,9a9f6413e42c0f332fccbce9a0dc796af2790f82cf002f791cdbf7e01e1afca8,a1aaacb7f6cd6ee5fb43120f673cebb0cfea7dd4,d859bd533fac7ed31698ec60d4846b361d9856e2cbc6c37533881a786faecabd,"{""observation.images.camera1"": [1, 3, 256, 256], ""observation.images.camera2"": [1, 3, 256, 256], ""observation.language.attention_mask"": [1, 48], ""observation.language.tokens"": [1, 48], ""observation.state"": [1, 8]}",9.343179625000001,2.8804914499999996,295.9851365,19.19201637199876,964068864,1002438656,/data/vla-forge-artifacts/M02_libero40/registry/runs/20261010T030315-982cacc8515f/videos/spatial_task03_episode02_attempt1.mp4,1b5adc0b76de489823bf6d5f78eb4cf74f9aaaf3115568448132cda70a0e5fbf,"image:left,image2:right",/data/vla-forge-artifacts/M02_libero40/registry/runs/20261010T030315-982cacc8515f/rollout-1d06dde832a0f816/trajectory.npz,c435b16bc8fe21b945314feec315de3596b3fb527709aa0834d8ff4472f1a7af,/data/vla-forge-artifacts/M02_libero40/registry/runs/20261010T030315-982cacc8515f/episodes/spatial_task03_episode02_attempt1/action_trace.json,5d8f3c610d6fd04067875750383518fede43971692575c0be5ba2f8b0984bf1f,/data/vla-forge-artifacts/M02_libero40/registry/runs/20261010T030315-982cacc8515f/episodes/spatial_task03_episode02_attempt1/episode.json,249d5780863cf459899729b6fdd6aa3da4c760f965dda6068dbc2bf1a5b39640,
spatial,libero_spatial,3,pick_up_the_black_bowl_on_the_cookie_box_and_place_it_on_the_plate,pick up the black bowl on the cookie box and place it on the plate,3,20261010T030315-982cacc8515f,3,82033,1,complete,True,success,82,220,50,50,relative,31d453f7edd78c839a8bbc39744a292686daf0de,9a9f6413e42c0f332fccbce9a0dc796af2790f82cf002f791cdbf7e01e1afca8,a1aaacb7f6cd6ee5fb43120f673cebb0cfea7dd4,d859bd533fac7ed31698ec60d4846b361d9856e2cbc6c37533881a786faecabd,"{""observation.images.camera1"": [1, 3, 256, 256], ""observation.images.camera2"": [1, 3, 256, 256], ""observation.language.attention_mask"": [1, 48], ""observation.language.tokens"": [1, 48], ""observation.state"": [1, 8]}",9.386707219512193,3.113800700000001,306.246391,19.160417477003648,964068864,1002438656,/data/vla-forge-artifacts/M02_libero40/registry/runs/20261010T030315-982cacc8515f/videos/spatial_task03_episode03_attempt1.mp4,bf4f458e9830d8e1c450a7d2bb37afcf72e4081b326e1303040eaf29ac9c23b2,"image:left,image2:right",/data/vla-forge-artifacts/M02_libero40/registry/runs/20261010T030315-982cacc8515f/rollout-e26d5f69237fe437/trajectory.npz,e6600dc23dbe5bec0486e0a4a9bd46af265c547c5f125a9c5ff404e5799ad092,/data/vla-forge-artifacts/M02_libero40/registry/runs/20261010T030315-982cacc8515f/episodes/spatial_task03_episode03_attempt1/action_trace.json,a093f77bdfd1e01fa46b5599d4ff254cea55790a1f473db8af2af8392de852cd,/data/vla-forge-artifacts/M02_libero40/registry/runs/20261010T030315-982cacc8515f/episodes/spatial_task03_episode03_attempt1/episode.json,6bd8b802fff916d20e9ec395c7c9c63fe99c6670555cf4892faebe2bbdcc0b27,
spatial,libero_spatial,3,pick_up_the_black_bowl_on_the_cookie_box_and_place_it_on_the_plate,pick up the black bowl on the cookie box and place it on the plate,4,20261010T030315-982cacc8515f,4,82034,1,complete,True,success,85,220,50,50,relative,31d453f7edd78c839a8bbc39744a292686daf0de,9a9f6413e42c0f332fccbce9a0dc796af2790f82cf002f791cdbf7e01e1afca8,a1aaacb7f6cd6ee5fb43120f673cebb0cfea7dd4,d859bd533fac7ed31698ec60d4846b361d9856e2cbc6c37533881a786faecabd,"{""observation.images.camera1"": [1, 3, 256, 256], ""observation.images.camera2"": [1, 3, 256, 256], ""observation.language.attention_mask"": [1, 48], ""observation.language.tokens"": [1, 48], ""observation.state"": [1, 8]}",8.942235129411765,3.0896162,296.10283300000003,20.099640413995076,964068864,1002438656,/data/vla-forge-artifacts/M02_libero40/registry/runs/20261010T030315-982cacc8515f/videos/spatial_task03_episode04_attempt1.mp4,f70c18b3419b116cce40d6566ef881caadf2ed4d9f2efeb71df19f5f26d46ede,"image:left,image2:right",/data/vla-forge-artifacts/M02_libero40/registry/runs/20261010T030315-982cacc8515f/rollout-518827915fca500f/trajectory.npz,069c62466aa2d28be9837a192f702b4d3d9d69004a156d0aca71f0dc5ba8695d,/data/vla-forge-artifacts/M02_libero40/registry/runs/20261010T030315-982cacc8515f/episodes/spatial_task03_episode04_attempt1/action_trace.json,59a6f8d3ad9a649870f991e205fa0aed41626e6a09d5cb9804d7d8ffdb78f1fe,/data/vla-forge-artifacts/M02_libero40/registry/runs/20261010T030315-982cacc8515f/episodes/spatial_task03_episode04_attempt1/episode.json,a317637375c8688afaf8cacb6c396306c2f35182e89b5e866b6c2d14e2f9d4db,
spatial,libero_spatial,3,pick_up_the_black_bowl_on_the_cookie_box_and_place_it_on_the_plate,pick up the black bowl on the cookie box and place it on the plate,5,20261010T030315-982cacc8515f,5,82035,1,complete,False,timeout,220,220,50,50,relative,31d453f7edd78c839a8bbc39744a292686daf0de,9a9f6413e42c0f332fccbce9a0dc796af2790f82cf002f791cdbf7e01e1afca8,a1aaacb7f6cd6ee5fb43120f673cebb0cfea7dd4,d859bd533fac7ed31698ec60d4846b361d9856e2cbc6c37533881a786faecabd,"{""observation.images.camera1"": [1, 3, 256, 256], ""observation.images.camera2"": [1, 3, 256, 256], ""observation.language.attention_mask"": [1, 48], ""observation.language.tokens"": [1, 48], ""observation.state"": [1, 8]}",9.066153009090907,3.04589525,314.70158840000005,51.533313840998744,964068864,1002438656,/data/vla-forge-artifacts/M02_libero40/registry/runs/20261010T030315-982cacc8515f/videos/spatial_task03_episode05_attempt1.mp4,e3d087c29425f58b8f29bda2db5e8e20e98b6fb8f9740f0c9c81905e86101c2a,"image:left,image2:right",/data/vla-forge-artifacts/M02_libero40/registry/runs/20261010T030315-982cacc8515f/rollout-3e26e0aaf60c4558/trajectory.npz,b83e081f83510963c04f9b365fac9b2869b10e9b1cdc51af2a9438d2f41bced3,/data/vla-forge-artifacts/M02_libero40/registry/runs/20261010T030315-982cacc8515f/episodes/spatial_task03_episode05_attempt1/action_trace.json,c97ea485db67b3958b5bf600c89832584e962694df2ba84ac1c8bc2293ee0d09,/data/vla-forge-artifacts/M02_libero40/registry/runs/20261010T030315-982cacc8515f/episodes/spatial_task03_episode05_attempt1/episode.json,d3a1426e100a7fb2cd588dd3b19e8a72074a6a21dc345b9522fb2ed1a5cd886e,
spatial,libero_spatial,3,pick_up_the_black_bowl_on_the_cookie_box_and_place_it_on_the_plate,pick up the black bowl on the cookie box and place it on the plate,6,20261010T030315-982cacc8515f,6,82036,1,complete,True,success,89,220,50,50,relative,31d453f7edd78c839a8bbc39744a292686daf0de,9a9f6413e42c0f332fccbce9a0dc796af2790f82cf002f791cdbf7e01e1afca8,a1aaacb7f6cd6ee5fb43120f673cebb0cfea7dd4,d859bd533fac7ed31698ec60d4846b361d9856e2cbc6c37533881a786faecabd,"{""observation.images.camera1"": [1, 3, 256, 256], ""observation.images.camera2"": [1, 3, 256, 256], ""observation.language.attention_mask"": [1, 48], ""observation.language.tokens"": [1, 48], ""observation.state"": [1, 8]}",8.40391928089888,2.5807213999999994,290.19076099999995,20.251695102000667,964068864,1002438656,/data/vla-forge-artifacts/M02_libero40/registry/runs/20261010T030315-982cacc8515f/videos/spatial_task03_episode06_attempt1.mp4,890ddbeba30099815f182a2717892ac71678f0907d5f847094e4e7c150e04123,"image:left,image2:right",/data/vla-forge-artifacts/M02_libero40/registry/runs/20261010T030315-982cacc8515f/rollout-9cf9e8d781aab7d1/trajectory.npz,38995136c8de0ecb165c42174ad350145a0fb0b960a20a13b399ee30d2a5377b,/data/vla-forge-artifacts/M02_libero40/registry/runs/20261010T030315-982cacc8515f/episodes/spatial_task03_episode06_attempt1/action_trace.json,08b0b80110086d300f9c83312ab38c7150aef56107c55f7904ee9ef51fa3e2ea,/data/vla-forge-artifacts/M02_libero40/registry/runs/20261010T030315-982cacc8515f/episodes/spatial_task03_episode06_attempt1/episode.json,d2ee1fce3b6b33afec26c66413ab183d0d87b4c9f1be23ce4668d74e131af8e4,
spatial,libero_spatial,3,pick_up_the_black_bowl_on_the_cookie_box_and_place_it_on_the_plate,pick up the black bowl on the cookie box and place it on the plate,7,20261010T030315-982cacc8515f,7,82037,1,complete,False,timeout,220,220,50,50,relative,31d453f7edd78c839a8bbc39744a292686daf0de,9a9f6413e42c0f332fccbce9a0dc796af2790f82cf002f791cdbf7e01e1afca8,a1aaacb7f6cd6ee5fb43120f673cebb0cfea7dd4,d859bd533fac7ed31698ec60d4846b361d9856e2cbc6c37533881a786faecabd,"{""observation.images.camera1"": [1, 3, 256, 256], ""observation.images.camera2"": [1, 3, 256, 256], ""observation.language.attention_mask"": [1, 48], ""observation.language.tokens"": [1, 48], ""observation.state"": [1, 8]}",8.660128127272728,2.5233044499999986,298.2237282,50.745344762995956,964068864,1002438656,/data/vla-forge-artifacts/M02_libero40/registry/runs/20261010T030315-982cacc8515f/videos/spatial_task03_episode07_attempt1.mp4,aa3f6ad3be23902a401e5e07c63e55decd7c7273a4359058b683eb99b6fca307,"image:left,image2:right",/data/vla-forge-artifacts/M02_libero40/registry/runs/20261010T030315-982cacc8515f/rollout-d8c450e1f8c0416d/trajectory.npz,e9965c1016dc25156f980c41199bfdbecad113a620f0ec888e4d508985414c89,/data/vla-forge-artifacts/M02_libero40/registry/runs/20261010T030315-982cacc8515f/episodes/spatial_task03_episode07_attempt1/action_trace.json,8bfb21ba3340cb157fcbaf2e78af56ecd2c1c1f4398ee9323d558ed7b73319c8,/data/vla-forge-artifacts/M02_libero40/registry/runs/20261010T030315-982cacc8515f/episodes/spatial_task03_episode07_attempt1/episode.json,e4ef2093da95a8fa6cd375cb4691987ab8a46fc1b3495bfde63ab9ce48ee603a,
spatial,libero_spatial,3,pick_up_the_black_bowl_on_the_cookie_box_and_place_it_on_the_plate,pick up the black bowl on the cookie box and place it on the plate,8,20261010T030315-982cacc8515f,8,82038,1,complete,True,success,90,220,50,50,relative,31d453f7edd78c839a8bbc39744a292686daf0de,9a9f6413e42c0f332fccbce9a0dc796af2790f82cf002f791cdbf7e01e1afca8,a1aaacb7f6cd6ee5fb43120f673cebb0cfea7dd4,d859bd533fac7ed31698ec60d4846b361d9856e2cbc6c37533881a786faecabd,"{""observation.images.camera1"": [1, 3, 256, 256], ""observation.images.camera2"": [1, 3, 256, 256], ""observation.language.attention_mask"": [1, 48], ""observation.language.tokens"": [1, 48], ""observation.state"": [1, 8]}",8.545135744444444,2.6921209999999998,300.365594,20.684113051996974,964068864,1002438656,/data/vla-forge-artifacts/M02_libero40/registry/runs/20261010T030315-982cacc8515f/videos/spatial_task03_episode08_attempt1.mp4,b01eff04c3a13d55d4fa2492e5f1225851130ff759334e2dad7446b8e785fc73,"image:left,image2:right",/data/vla-forge-artifacts/M02_libero40/registry/runs/20261010T030315-982cacc8515f/rollout-c0329a3f36b4c9d3/trajectory.npz,a134576281ad45072a3f149ec0b25ec9ca420267b91d8f19756030bfeeabc288,/data/vla-forge-artifacts/M02_libero40/registry/runs/20261010T030315-982cacc8515f/episodes/spatial_task03_episode08_attempt1/action_trace.json,92c14526714798211933cd38b82d2c4b290dce9e0b184a4aef35676107819f1a,/data/vla-forge-artifacts/M02_libero40/registry/runs/20261010T030315-982cacc8515f/episodes/spatial_task03_episode08_attempt1/episode.json,650910addc18f8804ce97312e516e8ec5721385b899af6665bf74d936a386ee7,
spatial,libero_spatial,3,pick_up_the_black_bowl_on_the_cookie_box_and_place_it_on_the_plate,pick up the black bowl on the cookie box and place it on the plate,9,20261010T030315-982cacc8515f,9,82039,1,complete,True,success,81,220,50,50,relative,31d453f7edd78c839a8bbc39744a292686daf0de,9a9f6413e42c0f332fccbce9a0dc796af2790f82cf002f791cdbf7e01e1afca8,a1aaacb7f6cd6ee5fb43120f673cebb0cfea7dd4,d859bd533fac7ed31698ec60d4846b361d9856e2cbc6c37533881a786faecabd,"{""observation.images.camera1"": [1, 3, 256, 256], ""observation.images.camera2"": [1, 3, 256, 256], ""observation.language.attention_mask"": [1, 48], ""observation.language.tokens"": [1, 48], ""observation.state"": [1, 8]}",9.118992580246914,2.560315,293.382407,18.94014400499873,964068864,1002438656,/data/vla-forge-artifacts/M02_libero40/registry/runs/20261010T030315-982cacc8515f/videos/spatial_task03_episode09_attempt1.mp4,de7632b0bd7ad7a7bb4ce460762d1888d73812c0a619c266389ab2eb7f3eaa94,"image:left,image2:right",/data/vla-forge-artifacts/M02_libero40/registry/runs/20261010T030315-982cacc8515f/rollout-96fe57bd0d8d8f78/trajectory.npz,8579cca177c13e0fcd020ebfac50c4f0f6741d1b56327a614d7125a3eca745a8,/data/vla-forge-artifacts/M02_libero40/registry/runs/20261010T030315-982cacc8515f/episodes/spatial_task03_episode09_attempt1/action_trace.json,a91a2a51642c43149870483c79da374700c21050aa4d9942dc2f311412e343c8,/data/vla-forge-artifacts/M02_libero40/registry/runs/20261010T030315-982cacc8515f/episodes/spatial_task03_episode09_attempt1/episode.json,6964d95c8296e0d7cf9a05250bcde50178601339b495c58b64ba6739ce6efe70,
spatial,libero_spatial,4,pick_up_the_black_bowl_in_the_top_drawer_of_the_wooden_cabinet_and_place_it_on_the_plate,pick up the black bowl in the top drawer of the wooden cabinet and place it on the plate,0,20261010T030315-982cacc8515f,0,82040,1,complete,True,success,131,220,50,50,relative,31d453f7edd78c839a8bbc39744a292686daf0de,9a9f6413e42c0f332fccbce9a0dc796af2790f82cf002f791cdbf7e01e1afca8,a1aaacb7f6cd6ee5fb43120f673cebb0cfea7dd4,d859bd533fac7ed31698ec60d4846b361d9856e2cbc6c37533881a786faecabd,"{""observation.images.camera1"": [1, 3, 256, 256], ""observation.images.camera2"": [1, 3, 256, 256], ""observation.language.attention_mask"": [1, 48], ""observation.language.tokens"": [1, 48], ""observation.state"": [1, 8]}",9.705621145038169,2.8332205,337.4521316666667,32.42973642099969,964068864,1002438656,/data/vla-forge-artifacts/M02_libero40/registry/runs/20261010T030315-982cacc8515f/videos/spatial_task04_episode00_attempt1.mp4,ffe5d0a2d2bacc33c230b7edb0e9812969023136735b995a592eed24c1721873,"image:left,image2:right",/data/vla-forge-artifacts/M02_libero40/registry/runs/20261010T030315-982cacc8515f/rollout-2bf8a1486834d391/trajectory.npz,1c9dfbc6a5fd19305469219c77edd335792943ccb100af2683731c101350d0e3,/data/vla-forge-artifacts/M02_libero40/registry/runs/20261010T030315-982cacc8515f/episodes/spatial_task04_episode00_attempt1/action_trace.json,3b8872cf79d6ec86a63e511f5365f436043dcd3557cc60a72049f8886b79791d,/data/vla-forge-artifacts/M02_libero40/registry/runs/20261010T030315-982cacc8515f/episodes/spatial_task04_episode00_attempt1/episode.json,b5dd04788d23feeb7ee21b777f1061da36e711f2a3e1e8099f18f3b77ec8410e,
spatial,libero_spatial,4,pick_up_the_black_bowl_in_the_top_drawer_of_the_wooden_cabinet_and_place_it_on_the_plate,pick up the black bowl in the top drawer of the wooden cabinet and place it on the plate,1,20261010T030315-982cacc8515f,1,82041,1,complete,False,timeout,220,220,50,50,relative,31d453f7edd78c839a8bbc39744a292686daf0de,9a9f6413e42c0f332fccbce9a0dc796af2790f82cf002f791cdbf7e01e1afca8,a1aaacb7f6cd6ee5fb43120f673cebb0cfea7dd4,d859bd533fac7ed31698ec60d4846b361d9856e2cbc6c37533881a786faecabd,"{""observation.images.camera1"": [1, 3, 256, 256], ""observation.images.camera2"": [1, 3, 256, 256], ""observation.language.attention_mask"": [1, 48], ""observation.language.tokens"": [1, 48], ""observation.state"": [1, 8]}",8.80552495,2.6388656,304.37909679999996,50.6926210209931,964068864,1002438656,/data/vla-forge-artifacts/M02_libero40/registry/runs/20261010T030315-982cacc8515f/videos/spatial_task04_episode01_attempt1.mp4,7d2b2f4fb15d31bb40d9d1c29548f6c965f6829d600b6c2bc585c2cdb3eb3b49,"image:left,image2:right",/data/vla-forge-artifacts/M02_libero40/registry/runs/20261010T030315-982cacc8515f/rollout-73c507ffb415fac4/trajectory.npz,e4872cbe28fe6b851edc777cc4c52cb50feea26b7e06694b6d50d199e04d7d42,/data/vla-forge-artifacts/M02_libero40/registry/runs/20261010T030315-982cacc8515f/episodes/spatial_task04_episode01_attempt1/action_trace.json,462fba2bffb76e0e3ba459916cbe809f94a2cb00b4aefb8d2999f7a9dab493bb,/data/vla-forge-artifacts/M02_libero40/registry/runs/20261010T030315-982cacc8515f/episodes/spatial_task04_episode01_attempt1/episode.json,bab67966903d69ccfb10bcfbbd624a5d2e454554815059d50f5821e7180478b8,
spatial,libero_spatial,4,pick_up_the_black_bowl_in_the_top_drawer_of_the_wooden_cabinet_and_place_it_on_the_plate,pick up the black bowl in the top drawer of the wooden cabinet and place it on the plate,2,20261010T030315-982cacc8515f,2,82042,1,complete,False,timeout,220,220,50,50,relative,31d453f7edd78c839a8bbc39744a292686daf0de,9a9f6413e42c0f332fccbce9a0dc796af2790f82cf002f791cdbf7e01e1afca8,a1aaacb7f6cd6ee5fb43120f673cebb0cfea7dd4,d859bd533fac7ed31698ec60d4846b361d9856e2cbc6c37533881a786faecabd,"{""observation.images.camera1"": [1, 3, 256, 256], ""observation.images.camera2"": [1, 3, 256, 256], ""observation.language.attention_mask"": [1, 48], ""observation.language.tokens"": [1, 48], ""observation.state"": [1, 8]}",9.034185231818181,2.537380149999997,314.50369140000004,51.88023919799889,964068864,1002438656,/data/vla-forge-artifacts/M02_libero40/registry/runs/20261010T030315-982cacc8515f/videos/spatial_task04_episode02_attempt1.mp4,ad8a25c134fa033b40da962e991229d0027082d35baf4a519373e3114d629bed,"image:left,image2:right",/data/vla-forge-artifacts/M02_libero40/registry/runs/20261010T030315-982cacc8515f/rollout-6bdd5ced6d4610f0/trajectory.npz,70c65bb72ceab1a9a9631a641231c210d32b3e1ea7a38910e0a4b774ad1dbc73,/data/vla-forge-artifacts/M02_libero40/registry/runs/20261010T030315-982cacc8515f/episodes/spatial_task04_episode02_attempt1/action_trace.json,ff3121d12dbda6cb82fd19676af3830f0cebb1013ca98ae371d5892b7902e82a,/data/vla-forge-artifacts/M02_libero40/registry/runs/20261010T030315-982cacc8515f/episodes/spatial_task04_episode02_attempt1/episode.json,8e5f3d50efd924abf9fc2625ba3b9969f22012220b1b5072fd07b06a549c91ff,
spatial,libero_spatial,4,pick_up_the_black_bowl_in_the_top_drawer_of_the_wooden_cabinet_and_place_it_on_the_plate,pick up the black bowl in the top drawer of the wooden cabinet and place it on the plate,3,20261010T030315-982cacc8515f,3,82043,1,complete,False,timeout,220,220,50,50,relative,31d453f7edd78c839a8bbc39744a292686daf0de,9a9f6413e42c0f332fccbce9a0dc796af2790f82cf002f791cdbf7e01e1afca8,a1aaacb7f6cd6ee5fb43120f673cebb0cfea7dd4,d859bd533fac7ed31698ec60d4846b361d9856e2cbc6c37533881a786faecabd,"{""observation.images.camera1"": [1, 3, 256, 256], ""observation.images.camera2"": [1, 3, 256, 256], ""observation.language.attention_mask"": [1, 48], ""observation.language.tokens"": [1, 48], ""observation.state"": [1, 8]}",8.776632954545457,2.517171949999999,302.726493,51.20209508499829,964068864,1002438656,/data/vla-forge-artifacts/M02_libero40/registry/runs/20261010T030315-982cacc8515f/videos/spatial_task04_episode03_attempt1.mp4,f62270b3b125da6da495f2d624fb3ba6ccbaf74b755a3c11d4506e79e3268bab,"image:left,image2:right",/data/vla-forge-artifacts/M02_libero40/registry/runs/20261010T030315-982cacc8515f/rollout-894d8ec37fc2f53b/trajectory.npz,0301028b11b7943dced12c1fdf999cc6090310c930a67ac50f981c447141ec7b,/data/vla-forge-artifacts/M02_libero40/registry/runs/20261010T030315-982cacc8515f/episodes/spatial_task04_episode03_attempt1/action_trace.json,908427dc5c2874e64f5d89d78dcf32e1374e3d21621a7c9c05187fc32ea33bed,/data/vla-forge-artifacts/M02_libero40/registry/runs/20261010T030315-982cacc8515f/episodes/spatial_task04_episode03_attempt1/episode.json,0ed53880b710e2e738a2c8d2c4b2fca498f64819da4a7d3e6ff3238f93cc5694,
spatial,libero_spatial,4,pick_up_the_black_bowl_in_the_top_drawer_of_the_wooden_cabinet_and_place_it_on_the_plate,pick up the black bowl in the top drawer of the wooden cabinet and place it on the plate,4,20261010T030315-982cacc8515f,4,82044,1,complete,False,timeout,220,220,50,50,relative,31d453f7edd78c839a8bbc39744a292686daf0de,9a9f6413e42c0f332fccbce9a0dc796af2790f82cf002f791cdbf7e01e1afca8,a1aaacb7f6cd6ee5fb43120f673cebb0cfea7dd4,d859bd533fac7ed31698ec60d4846b361d9856e2cbc6c37533881a786faecabd,"{""observation.images.camera1"": [1, 3, 256, 256], ""observation.images.camera2"": [1, 3, 256, 256], ""observation.language.attention_mask"": [1, 48], ""observation.language.tokens"": [1, 48], ""observation.state"": [1, 8]}",9.063559159090909,2.3762462999999996,315.9605364,53.167275742998754,964068864,1002438656,/data/vla-forge-artifacts/M02_libero40/registry/runs/20261010T030315-982cacc8515f/videos/spatial_task04_episode04_attempt1.mp4,e55ae6d5ac3c4726ab540e336d97b47ea1ffe269e39b3b32d0962f856f8880ec,"image:left,image2:right",/data/vla-forge-artifacts/M02_libero40/registry/runs/20261010T030315-982cacc8515f/rollout-5f50b422cf4f830a/trajectory.npz,0c3fce22c4ed76ab846c4e1c1aa3f93eb2c91fff207785870e1b8204dd423cf8,/data/vla-forge-artifacts/M02_libero40/registry/runs/20261010T030315-982cacc8515f/episodes/spatial_task04_episode04_attempt1/action_trace.json,b70d9ecfde35b0195a6efefe0dfb287d9791e4371a0445ac38995f875159031c,/data/vla-forge-artifacts/M02_libero40/registry/runs/20261010T030315-982cacc8515f/episodes/spatial_task04_episode04_attempt1/episode.json,eff8d967bdbc5af0869f88a27a8a895344c4a22f60a8eea01e71300b9d096f9f,
spatial,libero_spatial,4,pick_up_the_black_bowl_in_the_top_drawer_of_the_wooden_cabinet_and_place_it_on_the_plate,pick up the black bowl in the top drawer of the wooden cabinet and place it on the plate,5,20261010T030315-982cacc8515f,5,82045,1,complete,False,timeout,220,220,50,50,relative,31d453f7edd78c839a8bbc39744a292686daf0de,9a9f6413e42c0f332fccbce9a0dc796af2790f82cf002f791cdbf7e01e1afca8,a1aaacb7f6cd6ee5fb43120f673cebb0cfea7dd4,d859bd533fac7ed31698ec60d4846b361d9856e2cbc6c37533881a786faecabd,"{""observation.images.camera1"": [1, 3, 256, 256], ""observation.images.camera2"": [1, 3, 256, 256], ""observation.language.attention_mask"": [1, 48], ""observation.language.tokens"": [1, 48], ""observation.state"": [1, 8]}",8.795448350000001,2.541163649999994,305.285462,51.36690050299512,964068864,1002438656,/data/vla-forge-artifacts/M02_libero40/registry/runs/20261010T030315-982cacc8515f/videos/spatial_task04_episode05_attempt1.mp4,679c3737f1139ce4105ad444caf0be30d7986afb6970c5af5ff576b61b3a4062,"image:left,image2:right",/data/vla-forge-artifacts/M02_libero40/registry/runs/20261010T030315-982cacc8515f/rollout-29229187e0719161/trajectory.npz,42e73562d0f5fd981899b10ceaa8a42b44b5997c53f21d3198959fb51e4486ce,/data/vla-forge-artifacts/M02_libero40/registry/runs/20261010T030315-982cacc8515f/episodes/spatial_task04_episode05_attempt1/action_trace.json,a59c3c01abc574ea28c76fef7d64414c4d5ca79f988eb0b8db073b82bcce0d5c,/data/vla-forge-artifacts/M02_libero40/registry/runs/20261010T030315-982cacc8515f/episodes/spatial_task04_episode05_attempt1/episode.json,dcfb5e1a8ed59cd725169675f3496c2fb64bb747b71f820f00972f04bab57c90,
spatial,libero_spatial,4,pick_up_the_black_bowl_in_the_top_drawer_of_the_wooden_cabinet_and_place_it_on_the_plate,pick up the black bowl in the top drawer of the wooden cabinet and place it on the plate,6,20261010T030315-982cacc8515f,6,82046,1,complete,False,timeout,220,220,50,50,relative,31d453f7edd78c839a8bbc39744a292686daf0de,9a9f6413e42c0f332fccbce9a0dc796af2790f82cf002f791cdbf7e01e1afca8,a1aaacb7f6cd6ee5fb43120f673cebb0cfea7dd4,d859bd533fac7ed31698ec60d4846b361d9856e2cbc6c37533881a786faecabd,"{""observation.images.camera1"": [1, 3, 256, 256], ""observation.images.camera2"": [1, 3, 256, 256], ""observation.language.attention_mask"": [1, 48], ""observation.language.tokens"": [1, 48], ""observation.state"": [1, 8]}",8.864557499999998,2.755362349999999,305.7384326,52.15062396499707,964068864,1002438656,/data/vla-forge-artifacts/M02_libero40/registry/runs/20261010T030315-982cacc8515f/videos/spatial_task04_episode06_attempt1.mp4,99e99e475e1c54ae0128c8b2503f755223c04bed653d147a86116edcd014fff8,"image:left,image2:right",/data/vla-forge-artifacts/M02_libero40/registry/runs/20261010T030315-982cacc8515f/rollout-3b70578fa0276e79/trajectory.npz,e45e483b879a754c10cbb688ef650ce3382c72f13b966b97054224afc939d60f,/data/vla-forge-artifacts/M02_libero40/registry/runs/20261010T030315-982cacc8515f/episodes/spatial_task04_episode06_attempt1/action_trace.json,6af00e8e233eff49f433c3ffc3b1750e492b1cfe06ef896323a2f84b99024c48,/data/vla-forge-artifacts/M02_libero40/registry/runs/20261010T030315-982cacc8515f/episodes/spatial_task04_episode06_attempt1/episode.json,453e04a1abfdd144cc5ac9b34e13ad3791609626d017bb17878363c6f6ba186d,
spatial,libero_spatial,4,pick_up_the_black_bowl_in_the_top_drawer_of_the_wooden_cabinet_and_place_it_on_the_plate,pick up the black bowl in the top drawer of the wooden cabinet and place it on the plate,7,20261010T030315-982cacc8515f,7,82047,1,complete,True,success,128,220,50,50,relative,31d453f7edd78c839a8bbc39744a292686daf0de,9a9f6413e42c0f332fccbce9a0dc796af2790f82cf002f791cdbf7e01e1afca8,a1aaacb7f6cd6ee5fb43120f673cebb0cfea7dd4,d859bd533fac7ed31698ec60d4846b361d9856e2cbc6c37533881a786faecabd,"{""observation.images.camera1"": [1, 3, 256, 256], ""observation.images.camera2"": [1, 3, 256, 256], ""observation.language.attention_mask"": [1, 48], ""observation.language.tokens"": [1, 48], ""observation.state"": [1, 8]}",8.7401657734375,2.3123981999999996,293.0135726666667,30.899974785999802,964068864,1002438656,/data/vla-forge-artifacts/M02_libero40/registry/runs/20261010T030315-982cacc8515f/videos/spatial_task04_episode07_attempt1.mp4,4306dfe1565f239506d72955dba5922d0cda3ceecc13fc2f31b24089c0f00a09,"image:left,image2:right",/data/vla-forge-artifacts/M02_libero40/registry/runs/20261010T030315-982cacc8515f/rollout-7956fab228d54172/trajectory.npz,bb1d2a0c70c44d6e8042f9eee1067a6f22b6171999d381c229d3df94233d6bb3,/data/vla-forge-artifacts/M02_libero40/registry/runs/20261010T030315-982cacc8515f/episodes/spatial_task04_episode07_attempt1/action_trace.json,c7dc1295625a8aa484ae5d73adc4fc974484c8c3bd41f918dd4480ddd09eaa46,/data/vla-forge-artifacts/M02_libero40/registry/runs/20261010T030315-982cacc8515f/episodes/spatial_task04_episode07_attempt1/episode.json,c1a38c57f768ada7a5419abd34ea649ed5d067179c25f49a5b127ee27ff1c736,
spatial,libero_spatial,4,pick_up_the_black_bowl_in_the_top_drawer_of_the_wooden_cabinet_and_place_it_on_the_plate,pick up the black bowl in the top drawer of the wooden cabinet and place it on the plate,8,20261010T030315-982cacc8515f,8,82048,1,complete,False,timeout,220,220,50,50,relative,31d453f7edd78c839a8bbc39744a292686daf0de,9a9f6413e42c0f332fccbce9a0dc796af2790f82cf002f791cdbf7e01e1afca8,a1aaacb7f6cd6ee5fb43120f673cebb0cfea7dd4,d859bd533fac7ed31698ec60d4846b361d9856e2cbc6c37533881a786faecabd,"{""observation.images.camera1"": [1, 3, 256, 256], ""observation.images.camera2"": [1, 3, 256, 256], ""observation.language.attention_mask"": [1, 48], ""observation.language.tokens"": [1, 48], ""observation.state"": [1, 8]}",8.764748895454547,2.4868876999999996,303.6646276,52.423649211996235,964068864,1002438656,/data/vla-forge-artifacts/M02_libero40/registry/runs/20261010T030315-982cacc8515f/videos/spatial_task04_episode08_attempt1.mp4,22bdc78086edbc012f892c824188d7dfb362cd3e5a5ff4c2fe6d210978a3d39c,"image:left,image2:right",/data/vla-forge-artifacts/M02_libero40/registry/runs/20261010T030315-982cacc8515f/rollout-b0236e204e3bf31c/trajectory.npz,4c20d6c0494ccf578fde6c4c707df57b25618f40891187c03966835ced7f79dc,/data/vla-forge-artifacts/M02_libero40/registry/runs/20261010T030315-982cacc8515f/episodes/spatial_task04_episode08_attempt1/action_trace.json,eb7b4ece1c62ea6a56dd780d1817f33c9d835590df9113cddfd95525f81a3434,/data/vla-forge-artifacts/M02_libero40/registry/runs/20261010T030315-982cacc8515f/episodes/spatial_task04_episode08_attempt1/episode.json,325689b85669d80046c489ca11177a0de7f47aea69b49d2c46404fae94d59d76,
spatial,libero_spatial,4,pick_up_the_black_bowl_in_the_top_drawer_of_the_wooden_cabinet_and_place_it_on_the_plate,pick up the black bowl in the top drawer of the wooden cabinet and place it on the plate,9,20261010T030315-982cacc8515f,9,82049,1,complete,True,success,131,220,50,50,relative,31d453f7edd78c839a8bbc39744a292686daf0de,9a9f6413e42c0f332fccbce9a0dc796af2790f82cf002f791cdbf7e01e1afca8,a1aaacb7f6cd6ee5fb43120f673cebb0cfea7dd4,d859bd533fac7ed31698ec60d4846b361d9856e2cbc6c37533881a786faecabd,"{""observation.images.camera1"": [1, 3, 256, 256], ""observation.images.camera2"": [1, 3, 256, 256], ""observation.language.attention_mask"": [1, 48], ""observation.language.tokens"": [1, 48], ""observation.state"": [1, 8]}",8.778273213740457,2.411834,300.911746,32.07011693399545,964068864,1002438656,/data/vla-forge-artifacts/M02_libero40/registry/runs/20261010T030315-982cacc8515f/videos/spatial_task04_episode09_attempt1.mp4,be5c4a5e1b68ba07f4966669120997d25470cd12ef03cf6465b7cfa5a9881678,"image:left,image2:right",/data/vla-forge-artifacts/M02_libero40/registry/runs/20261010T030315-982cacc8515f/rollout-4f17143b4bcd983d/trajectory.npz,7d657cca49b8c12b689c55d75fb5289cdb42b8fca3ebcd917f8a3cd9963d0e16,/data/vla-forge-artifacts/M02_libero40/registry/runs/20261010T030315-982cacc8515f/episodes/spatial_task04_episode09_attempt1/action_trace.json,ec9343026f6261b41afed4299f1420eb522a2475e506cfcae2fe270f89b6feac,/data/vla-forge-artifacts/M02_libero40/registry/runs/20261010T030315-982cacc8515f/episodes/spatial_task04_episode09_attempt1/episode.json,dbffe8a1525b93078cace945f65803e152a7ea2caf0a9099a2acbc511fa9f260,
spatial,libero_spatial,5,pick_up_the_black_bowl_on_the_ramekin_and_place_it_on_the_plate,pick up the black bowl on the ramekin and place it on the plate,0,20261010T030315-982cacc8515f,0,82050,1,complete,False,timeout,220,220,50,50,relative,31d453f7edd78c839a8bbc39744a292686daf0de,9a9f6413e42c0f332fccbce9a0dc796af2790f82cf002f791cdbf7e01e1afca8,a1aaacb7f6cd6ee5fb43120f673cebb0cfea7dd4,d859bd533fac7ed31698ec60d4846b361d9856e2cbc6c37533881a786faecabd,"{""observation.images.camera1"": [1, 3, 256, 256], ""observation.images.camera2"": [1, 3, 256, 256], ""observation.language.attention_mask"": [1, 48], ""observation.language.tokens"": [1, 48], ""observation.state"": [1, 8]}",8.622405222727274,2.6581612999999997,294.72238559999994,54.58527226099977,964068864,1002438656,/data/vla-forge-artifacts/M02_libero40/registry/runs/20261010T030315-982cacc8515f/videos/spatial_task05_episode00_attempt1.mp4,dec59923b3a6fd2d510f1bf53a3d1f10e9c2e38f94d100b2509733dcecf3200f,"image:left,image2:right",/data/vla-forge-artifacts/M02_libero40/registry/runs/20261010T030315-982cacc8515f/rollout-23435160a2b9cdfb/trajectory.npz,fd719734032dd7b88bab977ba21d03b295c05127ab432e5d26fe1bc7d35d169c,/data/vla-forge-artifacts/M02_libero40/registry/runs/20261010T030315-982cacc8515f/episodes/spatial_task05_episode00_attempt1/action_trace.json,99f1f1c03eb5023ddcdadf6468b93fb933b277e19aa9a98b9da8f3c84dc841da,/data/vla-forge-artifacts/M02_libero40/registry/runs/20261010T030315-982cacc8515f/episodes/spatial_task05_episode00_attempt1/episode.json,456c498b08438848a7210afcbc6469d626fd489ad36fa459150e311563020544,
spatial,libero_spatial,5,pick_up_the_black_bowl_on_the_ramekin_and_place_it_on_the_plate,pick up the black bowl on the ramekin and place it on the plate,1,20261010T030315-982cacc8515f,1,82051,1,complete,False,timeout,220,220,50,50,relative,31d453f7edd78c839a8bbc39744a292686daf0de,9a9f6413e42c0f332fccbce9a0dc796af2790f82cf002f791cdbf7e01e1afca8,a1aaacb7f6cd6ee5fb43120f673cebb0cfea7dd4,d859bd533fac7ed31698ec60d4846b361d9856e2cbc6c37533881a786faecabd,"{""observation.images.camera1"": [1, 3, 256, 256], ""observation.images.camera2"": [1, 3, 256, 256], ""observation.language.attention_mask"": [1, 48], ""observation.language.tokens"": [1, 48], ""observation.state"": [1, 8]}",8.56845150909091,2.4060499499999994,293.23424919999997,57.067347972995776,964068864,1002438656,/data/vla-forge-artifacts/M02_libero40/registry/runs/20261010T030315-982cacc8515f/videos/spatial_task05_episode01_attempt1.mp4,2e84042048f5e768eb45e59c33703cece531dc93095db9b15dcdd73380b07164,"image:left,image2:right",/data/vla-forge-artifacts/M02_libero40/registry/runs/20261010T030315-982cacc8515f/rollout-bf86188cf33b10ea/trajectory.npz,a6eac9dd52b10828ca53e1ec4a69d060aac7d693e18fe503929b910a1603da5b,/data/vla-forge-artifacts/M02_libero40/registry/runs/20261010T030315-982cacc8515f/episodes/spatial_task05_episode01_attempt1/action_trace.json,bd8e03392c0e37e804315044441b1c6f193ceafb650d63807e935d01537d2d1b,/data/vla-forge-artifacts/M02_libero40/registry/runs/20261010T030315-982cacc8515f/episodes/spatial_task05_episode01_attempt1/episode.json,cd8159acbec2b29ec95f770094521d8c0b469a3b72d0e03d3215752bbbaf927d,
spatial,libero_spatial,5,pick_up_the_black_bowl_on_the_ramekin_and_place_it_on_the_plate,pick up the black bowl on the ramekin and place it on the plate,2,20261010T030315-982cacc8515f,2,82052,1,complete,False,timeout,220,220,50,50,relative,31d453f7edd78c839a8bbc39744a292686daf0de,9a9f6413e42c0f332fccbce9a0dc796af2790f82cf002f791cdbf7e01e1afca8,a1aaacb7f6cd6ee5fb43120f673cebb0cfea7dd4,d859bd533fac7ed31698ec60d4846b361d9856e2cbc6c37533881a786faecabd,"{""observation.images.camera1"": [1, 3, 256, 256], ""observation.images.camera2"": [1, 3, 256, 256], ""observation.language.attention_mask"": [1, 48], ""observation.language.tokens"": [1, 48], ""observation.state"": [1, 8]}",8.795972381818181,2.911729849999998,301.8615598,54.23195410900371,964068864,1002438656,/data/vla-forge-artifacts/M02_libero40/registry/runs/20261010T030315-982cacc8515f/videos/spatial_task05_episode02_attempt1.mp4,d26b53f19b9e70cab44c7f088cfa60da644e6e849a1b519434911e0964df0d8a,"image:left,image2:right",/data/vla-forge-artifacts/M02_libero40/registry/runs/20261010T030315-982cacc8515f/rollout-f73c02e1d4b4c34d/trajectory.npz,59dbfc52ba444f0b5b726b881a3046a6aa78f0572eb31184c7fbf73e845925ba,/data/vla-forge-artifacts/M02_libero40/registry/runs/20261010T030315-982cacc8515f/episodes/spatial_task05_episode02_attempt1/action_trace.json,3b2edf6386142197921b95860369bd54712164e69ec63665ecd5526c73ac2c04,/data/vla-forge-artifacts/M02_libero40/registry/runs/20261010T030315-982cacc8515f/episodes/spatial_task05_episode02_attempt1/episode.json,5df8313682e8d6307ba674dbc2a776d21283f6a7fbf987693703d26d1068c032,
spatial,libero_spatial,5,pick_up_the_black_bowl_on_the_ramekin_and_place_it_on_the_plate,pick up the black bowl on the ramekin and place it on the plate,3,20261010T030315-982cacc8515f,3,82053,1,complete,False,timeout,220,220,50,50,relative,31d453f7edd78c839a8bbc39744a292686daf0de,9a9f6413e42c0f332fccbce9a0dc796af2790f82cf002f791cdbf7e01e1afca8,a1aaacb7f6cd6ee5fb43120f673cebb0cfea7dd4,d859bd533fac7ed31698ec60d4846b361d9856e2cbc6c37533881a786faecabd,"{""observation.images.camera1"": [1, 3, 256, 256], ""observation.images.camera2"": [1, 3, 256, 256], ""observation.language.attention_mask"": [1, 48], ""observation.language.tokens"": [1, 48], ""observation.state"": [1, 8]}",8.770020845454546,2.5312668499999966,302.2650384,54.274869970999134,964068864,1002438656,/data/vla-forge-artifacts/M02_libero40/registry/runs/20261010T030315-982cacc8515f/videos/spatial_task05_episode03_attempt1.mp4,a220b2528c2a19bab06ee485194d79282030429c830faf23dcc420f97b27ad77,"image:left,image2:right",/data/vla-forge-artifacts/M02_libero40/registry/runs/20261010T030315-982cacc8515f/rollout-bb071b668c7a81e6/trajectory.npz,db3e178da1ecac7deb240501ea7c47bcc2d642fdbebf217654410422bcb517c4,/data/vla-forge-artifacts/M02_libero40/registry/runs/20261010T030315-982cacc8515f/episodes/spatial_task05_episode03_attempt1/action_trace.json,1a57df4f2c3b30273f88a2204288913919049ea602c3fc97e2954b8bc0750eeb,/data/vla-forge-artifacts/M02_libero40/registry/runs/20261010T030315-982cacc8515f/episodes/spatial_task05_episode03_attempt1/episode.json,3c885c905496fd2cbecc662c5f233d5d7a2cb0f211a0c0f7f8a5db5d568f7a62,
spatial,libero_spatial,5,pick_up_the_black_bowl_on_the_ramekin_and_place_it_on_the_plate,pick up the black bowl on the ramekin and place it on the plate,4,20261010T030315-982cacc8515f,4,82054,1,complete,False,timeout,220,220,50,50,relative,31d453f7edd78c839a8bbc39744a292686daf0de,9a9f6413e42c0f332fccbce9a0dc796af2790f82cf002f791cdbf7e01e1afca8,a1aaacb7f6cd6ee5fb43120f673cebb0cfea7dd4,d859bd533fac7ed31698ec60d4846b361d9856e2cbc6c37533881a786faecabd,"{""observation.images.camera1"": [1, 3, 256, 256], ""observation.images.camera2"": [1, 3, 256, 256], ""observation.language.attention_mask"": [1, 48], ""observation.language.tokens"": [1, 48], ""observation.state"": [1, 8]}",8.730188013636365,2.9111684999999983,300.28594780000003,53.50372825199884,964068864,1002438656,/data/vla-forge-artifacts/M02_libero40/registry/runs/20261010T030315-982cacc8515f/videos/spatial_task05_episode04_attempt1.mp4,52232f6e416c683202bac11f2c39d899dc85e85dfde82b519c022e6d077e7d2d,"image:left,image2:right",/data/vla-forge-artifacts/M02_libero40/registry/runs/20261010T030315-982cacc8515f/rollout-cdca0fc27c8b6ad2/trajectory.npz,b4ee5edbff9517da4de508e00831e4fce7cd724bc99be1c413826a9f31796599,/data/vla-forge-artifacts/M02_libero40/registry/runs/20261010T030315-982cacc8515f/episodes/spatial_task05_episode04_attempt1/action_trace.json,b7a234161fe7aa9412eec4a1adafa0aa25af1ae0efe6991e83b9e036d2c9b545,/data/vla-forge-artifacts/M02_libero40/registry/runs/20261010T030315-982cacc8515f/episodes/spatial_task05_episode04_attempt1/episode.json,bc43349e48ef558591640ca1cfb20b0b6b1e4b85339f8a9508ff87163a667d5f,
spatial,libero_spatial,5,pick_up_the_black_bowl_on_the_ramekin_and_place_it_on_the_plate,pick up the black bowl on the ramekin and place it on the plate,5,20261010T030315-982cacc8515f,5,82055,1,complete,False,timeout,220,220,50,50,relative,31d453f7edd78c839a8bbc39744a292686daf0de,9a9f6413e42c0f332fccbce9a0dc796af2790f82cf002f791cdbf7e01e1afca8,a1aaacb7f6cd6ee5fb43120f673cebb0cfea7dd4,d859bd533fac7ed31698ec60d4846b361d9856e2cbc6c37533881a786faecabd,"{""observation.images.camera1"": [1, 3, 256, 256], ""observation.images.camera2"": [1, 3, 256, 256], ""observation.language.attention_mask"": [1, 48], ""observation.language.tokens"": [1, 48], ""observation.state"": [1, 8]}",8.575042468181818,2.546365399999999,293.6929634,56.09768568900472,964068864,1002438656,/data/vla-forge-artifacts/M02_libero40/registry/runs/20261010T030315-982cacc8515f/videos/spatial_task05_episode05_attempt1.mp4,174d33207a55b2f6476081d08dfe87f411db62f0606c2860a2005a0435cdd165,"image:left,image2:right",/data/vla-forge-artifacts/M02_libero40/registry/runs/20261010T030315-982cacc8515f/rollout-1b8d2e5076850e9e/trajectory.npz,b93320301a8aba6efa77f3bc68f106e3542a51853fd8d18ca7ac070cf0e87a84,/data/vla-forge-artifacts/M02_libero40/registry/runs/20261010T030315-982cacc8515f/episodes/spatial_task05_episode05_attempt1/action_trace.json,648ea10d51c9b303755bb0f07e3b39d5d48c5c3c6b98fb2e31f70963fd2c993f,/data/vla-forge-artifacts/M02_libero40/registry/runs/20261010T030315-982cacc8515f/episodes/spatial_task05_episode05_attempt1/episode.json,6363aa1218fceac85ddf3d2604d59b2918136c5532b6816f85c50ef2ad22333d,
spatial,libero_spatial,5,pick_up_the_black_bowl_on_the_ramekin_and_place_it_on_the_plate,pick up the black bowl on the ramekin and place it on the plate,6,20261010T030315-982cacc8515f,6,82056,1,complete,False,timeout,220,220,50,50,relative,31d453f7edd78c839a8bbc39744a292686daf0de,9a9f6413e42c0f332fccbce9a0dc796af2790f82cf002f791cdbf7e01e1afca8,a1aaacb7f6cd6ee5fb43120f673cebb0cfea7dd4,d859bd533fac7ed31698ec60d4846b361d9856e2cbc6c37533881a786faecabd,"{""observation.images.camera1"": [1, 3, 256, 256], ""observation.images.camera2"": [1, 3, 256, 256], ""observation.language.attention_mask"": [1, 48], ""observation.language.tokens"": [1, 48], ""observation.state"": [1, 8]}",8.586654377272728,2.8647591999999995,291.8260386,54.46995876200526,964068864,1002438656,/data/vla-forge-artifacts/M02_libero40/registry/runs/20261010T030315-982cacc8515f/videos/spatial_task05_episode06_attempt1.mp4,29ed2fbb0a093f5df410d2a90d6d439027b030da06451fbf01f99f8d3ff60af5,"image:left,image2:right",/data/vla-forge-artifacts/M02_libero40/registry/runs/20261010T030315-982cacc8515f/rollout-e78d1a50c2864020/trajectory.npz,c68976d90d73d97b40289dfa4853187760d8ea81ca3f3cd565631e1cb57f2877,/data/vla-forge-artifacts/M02_libero40/registry/runs/20261010T030315-982cacc8515f/episodes/spatial_task05_episode06_attempt1/action_trace.json,606c2e8e43cc5084a5d98767702ce47b26ce13b1f6d7bac39c6aeae45d2c4e23,/data/vla-forge-artifacts/M02_libero40/registry/runs/20261010T030315-982cacc8515f/episodes/spatial_task05_episode06_attempt1/episode.json,cc6b24efdf9c37550c0f4a97d0bf9612ea462d7e8b09967a11942c1025681922,
spatial,libero_spatial,5,pick_up_the_black_bowl_on_the_ramekin_and_place_it_on_the_plate,pick up the black bowl on the ramekin and place it on the plate,7,20261010T030315-982cacc8515f,7,82057,1,complete,False,timeout,220,220,50,50,relative,31d453f7edd78c839a8bbc39744a292686daf0de,9a9f6413e42c0f332fccbce9a0dc796af2790f82cf002f791cdbf7e01e1afca8,a1aaacb7f6cd6ee5fb43120f673cebb0cfea7dd4,d859bd533fac7ed31698ec60d4846b361d9856e2cbc6c37533881a786faecabd,"{""observation.images.camera1"": [1, 3, 256, 256], ""observation.images.camera2"": [1, 3, 256, 256], ""observation.language.attention_mask"": [1, 48], ""observation.language.tokens"": [1, 48], ""observation.state"": [1, 8]}",8.677249172727274,2.7439958999999985,298.5581258,52.37998384299863,964068864,1002438656,/data/vla-forge-artifacts/M02_libero40/registry/runs/20261010T030315-982cacc8515f/videos/spatial_task05_episode07_attempt1.mp4,657e2b9cd90d451ec002863e2b516709439edf7dd2ad2634b25959006e5c963e,"image:left,image2:right",/data/vla-forge-artifacts/M02_libero40/registry/runs/20261010T030315-982cacc8515f/rollout-e13215d3e7d5f10c/trajectory.npz,b701aeef4e3356ce99eb54ebdf897ce9ac4fd04ff864addb1907d8ef72562ec6,/data/vla-forge-artifacts/M02_libero40/registry/runs/20261010T030315-982cacc8515f/episodes/spatial_task05_episode07_attempt1/action_trace.json,ec1b8ef89676e9e7582409e3d949769840762423faac3d3d7333883567335427,/data/vla-forge-artifacts/M02_libero40/registry/runs/20261010T030315-982cacc8515f/episodes/spatial_task05_episode07_attempt1/episode.json,0e6bea492dd0c70733d08ba4ca6db1976bd65317adc2fc750bdf98721c68df23,
spatial,libero_spatial,5,pick_up_the_black_bowl_on_the_ramekin_and_place_it_on_the_plate,pick up the black bowl on the ramekin and place it on the plate,8,20261010T030315-982cacc8515f,8,82058,1,complete,False,timeout,220,220,50,50,relative,31d453f7edd78c839a8bbc39744a292686daf0de,9a9f6413e42c0f332fccbce9a0dc796af2790f82cf002f791cdbf7e01e1afca8,a1aaacb7f6cd6ee5fb43120f673cebb0cfea7dd4,d859bd533fac7ed31698ec60d4846b361d9856e2cbc6c37533881a786faecabd,"{""observation.images.camera1"": [1, 3, 256, 256], ""observation.images.camera2"": [1, 3, 256, 256], ""observation.language.attention_mask"": [1, 48], ""observation.language.tokens"": [1, 48], ""observation.state"": [1, 8]}",8.83134459090909,2.6921658,304.335555,53.05401927400089,964068864,1002438656,/data/vla-forge-artifacts/M02_libero40/registry/runs/20261010T030315-982cacc8515f/videos/spatial_task05_episode08_attempt1.mp4,2bd838dac1f87ec137c7c23fb43866aa42b66c38b62d2bb1679daedc94f5eb35,"image:left,image2:right",/data/vla-forge-artifacts/M02_libero40/registry/runs/20261010T030315-982cacc8515f/rollout-ab48bda500a4e638/trajectory.npz,4eb9087fe3c95c242eff82b257ab1dfb219f0a246aee1ef7ffb9f92d45e7307f,/data/vla-forge-artifacts/M02_libero40/registry/runs/20261010T030315-982cacc8515f/episodes/spatial_task05_episode08_attempt1/action_trace.json,97e0b55b4d724d8e44f51b13b0614155ce1f0929c1bf7d2ec94ef497dc530b1d,/data/vla-forge-artifacts/M02_libero40/registry/runs/20261010T030315-982cacc8515f/episodes/spatial_task05_episode08_attempt1/episode.json,24b941c054ff2e0c0877a872e59da0e1486fdd4d9617169fba42c5da36a1fd13,
spatial,libero_spatial,5,pick_up_the_black_bowl_on_the_ramekin_and_place_it_on_the_plate,pick up the black bowl on the ramekin and place it on the plate,9,20261010T030315-982cacc8515f,9,82059,1,complete,False,timeout,220,220,50,50,relative,31d453f7edd78c839a8bbc39744a292686daf0de,9a9f6413e42c0f332fccbce9a0dc796af2790f82cf002f791cdbf7e01e1afca8,a1aaacb7f6cd6ee5fb43120f673cebb0cfea7dd4,d859bd533fac7ed31698ec60d4846b361d9856e2cbc6c37533881a786faecabd,"{""observation.images.camera1"": [1, 3, 256, 256], ""observation.images.camera2"": [1, 3, 256, 256], ""observation.language.attention_mask"": [1, 48], ""observation.language.tokens"": [1, 48], ""observation.state"": [1, 8]}",8.946015554545452,2.6107491499999993,308.7702024,57.657288182999764,964068864,1002438656,/data/vla-forge-artifacts/M02_libero40/registry/runs/20261010T030315-982cacc8515f/videos/spatial_task05_episode09_attempt1.mp4,29e44f29e23b3c8fdbfd5a47e5dd5fffc333604b7d9671ef2cb79ef7d86428f8,"image:left,image2:right",/data/vla-forge-artifacts/M02_libero40/registry/runs/20261010T030315-982cacc8515f/rollout-21713f72f5b59365/trajectory.npz,d3c2e9600e62393499fe9c322a81cff83f8fb7c660e3dd558c9de02b7359d18a,/data/vla-forge-artifacts/M02_libero40/registry/runs/20261010T030315-982cacc8515f/episodes/spatial_task05_episode09_attempt1/action_trace.json,ec632f732b0db2e5f97e2be79e696e3d7fad1dcc2132931b02373bb86657ffa4,/data/vla-forge-artifacts/M02_libero40/registry/runs/20261010T030315-982cacc8515f/episodes/spatial_task05_episode09_attempt1/episode.json,8776b0ad43a98e98e7db56d0bbf174c5cd94396f801a47054c3dbee98e8fbcc4,
spatial,libero_spatial,6,pick_up_the_black_bowl_next_to_the_cookie_box_and_place_it_on_the_plate,pick up the black bowl next to the cookie box and place it on the plate,0,20261010T030315-982cacc8515f,0,82060,1,complete,True,success,103,220,50,50,relative,31d453f7edd78c839a8bbc39744a292686daf0de,9a9f6413e42c0f332fccbce9a0dc796af2790f82cf002f791cdbf7e01e1afca8,a1aaacb7f6cd6ee5fb43120f673cebb0cfea7dd4,d859bd533fac7ed31698ec60d4846b361d9856e2cbc6c37533881a786faecabd,"{""observation.images.camera1"": [1, 3, 256, 256], ""observation.images.camera2"": [1, 3, 256, 256], ""observation.language.attention_mask"": [1, 48], ""observation.language.tokens"": [1, 48], ""observation.state"": [1, 8]}",10.784992631067961,3.1418795999999993,300.81266166666666,25.946172459996887,964068864,1002438656,/data/vla-forge-artifacts/M02_libero40/registry/runs/20261010T030315-982cacc8515f/videos/spatial_task06_episode00_attempt1.mp4,830ff9c5a4b7ee4e3519c453c47e3eb6ddaaff490840df9135f840c490620cb5,"image:left,image2:right",/data/vla-forge-artifacts/M02_libero40/registry/runs/20261010T030315-982cacc8515f/rollout-9f49209c5da73044/trajectory.npz,d1d608aab285c423f8447ba0f8d0eba09024ef9b3f4ad01d096a232a9364a3f1,/data/vla-forge-artifacts/M02_libero40/registry/runs/20261010T030315-982cacc8515f/episodes/spatial_task06_episode00_attempt1/action_trace.json,499e94b1da7458ba640317f66d7f146c2845e545e54c4e0f3e1e421e061b19a0,/data/vla-forge-artifacts/M02_libero40/registry/runs/20261010T030315-982cacc8515f/episodes/spatial_task06_episode00_attempt1/episode.json,2deb31d4a2c29ef2f78323d17a1099b61db4ef6aec9cdb30ef263d22d3cf38c0,
spatial,libero_spatial,6,pick_up_the_black_bowl_next_to_the_cookie_box_and_place_it_on_the_plate,pick up the black bowl next to the cookie box and place it on the plate,1,20261010T030315-982cacc8515f,1,82061,1,complete,True,success,114,220,50,50,relative,31d453f7edd78c839a8bbc39744a292686daf0de,9a9f6413e42c0f332fccbce9a0dc796af2790f82cf002f791cdbf7e01e1afca8,a1aaacb7f6cd6ee5fb43120f673cebb0cfea7dd4,d859bd533fac7ed31698ec60d4846b361d9856e2cbc6c37533881a786faecabd,"{""observation.images.camera1"": [1, 3, 256, 256], ""observation.images.camera2"": [1, 3, 256, 256], ""observation.language.attention_mask"": [1, 48], ""observation.language.tokens"": [1, 48], ""observation.state"": [1, 8]}",10.038839000000003,2.89702375,307.13887700000004,28.057660332000523,964068864,1002438656,/data/vla-forge-artifacts/M02_libero40/registry/runs/20261010T030315-982cacc8515f/videos/spatial_task06_episode01_attempt1.mp4,89e264d8e93087adcaa21a156f1457d955a2a0f73ab710b79028d363dbbd9493,"image:left,image2:right",/data/vla-forge-artifacts/M02_libero40/registry/runs/20261010T030315-982cacc8515f/rollout-1221f78a9cda131e/trajectory.npz,1f1127b15db9ded129281d07a733efb536c58fb8e02a86c4a6f5a65416495d72,/data/vla-forge-artifacts/M02_libero40/registry/runs/20261010T030315-982cacc8515f/episodes/spatial_task06_episode01_attempt1/action_trace.json,fca82d9a016087131533701405ce1f482b8fefe5bf9d38de38059aa03abb2331,/data/vla-forge-artifacts/M02_libero40/registry/runs/20261010T030315-982cacc8515f/episodes/spatial_task06_episode01_attempt1/episode.json,2eab4243fe7aa12c2a16e9ca79b21fb30f799e4e6d679435add88a1f62a00bb3,
spatial,libero_spatial,6,pick_up_the_black_bowl_next_to_the_cookie_box_and_place_it_on_the_plate,pick up the black bowl next to the cookie box and place it on the plate,2,20261010T030315-982cacc8515f,2,82062,1,complete,True,success,107,220,50,50,relative,31d453f7edd78c839a8bbc39744a292686daf0de,9a9f6413e42c0f332fccbce9a0dc796af2790f82cf002f791cdbf7e01e1afca8,a1aaacb7f6cd6ee5fb43120f673cebb0cfea7dd4,d859bd533fac7ed31698ec60d4846b361d9856e2cbc6c37533881a786faecabd,"{""observation.images.camera1"": [1, 3, 256, 256], ""observation.images.camera2"": [1, 3, 256, 256], ""observation.language.attention_mask"": [1, 48], ""observation.language.tokens"": [1, 48], ""observation.state"": [1, 8]}",10.908798869158877,2.7956937999999996,319.70382566666666,26.372551496002416,964068864,1002438656,/data/vla-forge-artifacts/M02_libero40/registry/runs/20261010T030315-982cacc8515f/videos/spatial_task06_episode02_attempt1.mp4,54f5b82ef9f858bb5e89fd4b4af2e3f6783232afd9d7588f11413e1ceeb20d1c,"image:left,image2:right",/data/vla-forge-artifacts/M02_libero40/registry/runs/20261010T030315-982cacc8515f/rollout-1999352b96269f2b/trajectory.npz,51134101fd322f68ecbbaa6c8b6ef9cc2f5e8d26486c19a3b6a88f8d5727ff0b,/data/vla-forge-artifacts/M02_libero40/registry/runs/20261010T030315-982cacc8515f/episodes/spatial_task06_episode02_attempt1/action_trace.json,2d721c55d8942689d6cf8e4bed7cebcc72859d6e0d197b016fa85c1a7a3cbaa5,/data/vla-forge-artifacts/M02_libero40/registry/runs/20261010T030315-982cacc8515f/episodes/spatial_task06_episode02_attempt1/episode.json,7c703f5f994a092836ab19222be4229a0e3907c83737248e6f83fb65856f9047,
spatial,libero_spatial,6,pick_up_the_black_bowl_next_to_the_cookie_box_and_place_it_on_the_plate,pick up the black bowl next to the cookie box and place it on the plate,3,20261010T030315-982cacc8515f,3,82063,1,complete,True,success,97,220,50,50,relative,31d453f7edd78c839a8bbc39744a292686daf0de,9a9f6413e42c0f332fccbce9a0dc796af2790f82cf002f791cdbf7e01e1afca8,a1aaacb7f6cd6ee5fb43120f673cebb0cfea7dd4,d859bd533fac7ed31698ec60d4846b361d9856e2cbc6c37533881a786faecabd,"{""observation.images.camera1"": [1, 3, 256, 256], ""observation.images.camera2"": [1, 3, 256, 256], ""observation.language.attention_mask"": [1, 48], ""observation.language.tokens"": [1, 48], ""observation.state"": [1, 8]}",8.753966814432989,2.9077231999999955,326.438622,24.213975876002223,964068864,1002438656,/data/vla-forge-artifacts/M02_libero40/registry/runs/20261010T030315-982cacc8515f/videos/spatial_task06_episode03_attempt1.mp4,1449c56f1edb51dab47175d2c98a9c681addd6a0395124afc8cf13236112869c,"image:left,image2:right",/data/vla-forge-artifacts/M02_libero40/registry/runs/20261010T030315-982cacc8515f/rollout-44d2225bceb0ce63/trajectory.npz,e52e5a8936276a38b0bf20c6d0332c5073b829918d560af25b1a1ce64be34ee2,/data/vla-forge-artifacts/M02_libero40/registry/runs/20261010T030315-982cacc8515f/episodes/spatial_task06_episode03_attempt1/action_trace.json,88c9f297842c61b77c31fd3458272a91a280fdc4a96607bf7923ec77f07664f6,/data/vla-forge-artifacts/M02_libero40/registry/runs/20261010T030315-982cacc8515f/episodes/spatial_task06_episode03_attempt1/episode.json,fd60f0a60554bbef03a632f7c05f85b95377f18dbca98735dfe72eb4384f881d,
spatial,libero_spatial,6,pick_up_the_black_bowl_next_to_the_cookie_box_and_place_it_on_the_plate,pick up the black bowl next to the cookie box and place it on the plate,4,20261010T030315-982cacc8515f,4,82064,1,complete,True,success,99,220,50,50,relative,31d453f7edd78c839a8bbc39744a292686daf0de,9a9f6413e42c0f332fccbce9a0dc796af2790f82cf002f791cdbf7e01e1afca8,a1aaacb7f6cd6ee5fb43120f673cebb0cfea7dd4,d859bd533fac7ed31698ec60d4846b361d9856e2cbc6c37533881a786faecabd,"{""observation.images.camera1"": [1, 3, 256, 256], ""observation.images.camera2"": [1, 3, 256, 256], ""observation.language.attention_mask"": [1, 48], ""observation.language.tokens"": [1, 48], ""observation.state"": [1, 8]}",8.284784454545454,2.764787499999998,313.0999065,24.373101191995374,964068864,1002438656,/data/vla-forge-artifacts/M02_libero40/registry/runs/20261010T030315-982cacc8515f/videos/spatial_task06_episode04_attempt1.mp4,5a3ad85bc46404d3f9810e884accfe0a37d4331ef49194191929d323f8dd489e,"image:left,image2:right",/data/vla-forge-artifacts/M02_libero40/registry/runs/20261010T030315-982cacc8515f/rollout-91ca8d2acabc70e2/trajectory.npz,93b7d24f5a54744b4ee93300e7beae356f7795a4b90fa9f17f47330239483695,/data/vla-forge-artifacts/M02_libero40/registry/runs/20261010T030315-982cacc8515f/episodes/spatial_task06_episode04_attempt1/action_trace.json,99244a5537701f5b62cc0644f33415c8c706de6de2ae4bbc7b240ddc562f8d6d,/data/vla-forge-artifacts/M02_libero40/registry/runs/20261010T030315-982cacc8515f/episodes/spatial_task06_episode04_attempt1/episode.json,93f7af3b708912e68b8713908ed2ae66b89338d208592c0265ae3080661fa8cf,
spatial,libero_spatial,6,pick_up_the_black_bowl_next_to_the_cookie_box_and_place_it_on_the_plate,pick up the black bowl next to the cookie box and place it on the plate,5,20261010T030315-982cacc8515f,5,82065,1,complete,True,success,107,220,50,50,relative,31d453f7edd78c839a8bbc39744a292686daf0de,9a9f6413e42c0f332fccbce9a0dc796af2790f82cf002f791cdbf7e01e1afca8,a1aaacb7f6cd6ee5fb43120f673cebb0cfea7dd4,d859bd533fac7ed31698ec60d4846b361d9856e2cbc6c37533881a786faecabd,"{""observation.images.camera1"": [1, 3, 256, 256], ""observation.images.camera2"": [1, 3, 256, 256], ""observation.language.attention_mask"": [1, 48], ""observation.language.tokens"": [1, 48], ""observation.state"": [1, 8]}",10.714640186915888,3.006193099999999,312.03732099999996,26.1330505549995,964068864,1002438656,/data/vla-forge-artifacts/M02_libero40/registry/runs/20261010T030315-982cacc8515f/videos/spatial_task06_episode05_attempt1.mp4,a841d95c04a2a4c7a7759e041ae61884b1b096eccd90662b4facc6ea5aa78127,"image:left,image2:right",/data/vla-forge-artifacts/M02_libero40/registry/runs/20261010T030315-982cacc8515f/rollout-a99aa2298bf8d392/trajectory.npz,9db843f13d412df3eb63315ee5750ac32a42f5af7e0bf35ca06a8db1aafe3191,/data/vla-forge-artifacts/M02_libero40/registry/runs/20261010T030315-982cacc8515f/episodes/spatial_task06_episode05_attempt1/action_trace.json,72fe4433e6444418d9b2c742067179b67aac7968e0fb25ea5c9d5bbd1cd5ee73,/data/vla-forge-artifacts/M02_libero40/registry/runs/20261010T030315-982cacc8515f/episodes/spatial_task06_episode05_attempt1/episode.json,bb0f9752526df43d7cd2a50a66e46a72671257f26276e363cf95d858d492d657,
spatial,libero_spatial,6,pick_up_the_black_bowl_next_to_the_cookie_box_and_place_it_on_the_plate,pick up the black bowl next to the cookie box and place it on the plate,6,20261010T030315-982cacc8515f,6,82066,1,complete,True,success,114,220,50,50,relative,31d453f7edd78c839a8bbc39744a292686daf0de,9a9f6413e42c0f332fccbce9a0dc796af2790f82cf002f791cdbf7e01e1afca8,a1aaacb7f6cd6ee5fb43120f673cebb0cfea7dd4,d859bd533fac7ed31698ec60d4846b361d9856e2cbc6c37533881a786faecabd,"{""observation.images.camera1"": [1, 3, 256, 256], ""observation.images.camera2"": [1, 3, 256, 256], ""observation.language.attention_mask"": [1, 48], ""observation.language.tokens"": [1, 48], ""observation.state"": [1, 8]}",9.975678412280704,2.726232049999998,306.08412633333336,28.433606181999494,964068864,1002438656,/data/vla-forge-artifacts/M02_libero40/registry/runs/20261010T030315-982cacc8515f/videos/spatial_task06_episode06_attempt1.mp4,3da5394128b3afd3cc73c388e0558e4913391a98f28d26bf3dc471da87d4d275,"image:left,image2:right",/data/vla-forge-artifacts/M02_libero40/registry/runs/20261010T030315-982cacc8515f/rollout-9aa258cd114868d2/trajectory.npz,47781a1d7e1e96801fc92c31cdfc532526e751e0c8108dfa473f9a1429600fc0,/data/vla-forge-artifacts/M02_libero40/registry/runs/20261010T030315-982cacc8515f/episodes/spatial_task06_episode06_attempt1/action_trace.json,57da50d5d442abab6a384ace5e0f0efb809e64233e1fe074dde68a5f5a60f5cf,/data/vla-forge-artifacts/M02_libero40/registry/runs/20261010T030315-982cacc8515f/episodes/spatial_task06_episode06_attempt1/episode.json,7551b906b6fa503d6e0a87eaf8b7aeb5ffd3e832cdd800483b8b4a3b566d4c79,
spatial,libero_spatial,6,pick_up_the_black_bowl_next_to_the_cookie_box_and_place_it_on_the_plate,pick up the black bowl next to the cookie box and place it on the plate,7,20261010T030315-982cacc8515f,7,82067,1,complete,True,success,103,220,50,50,relative,31d453f7edd78c839a8bbc39744a292686daf0de,9a9f6413e42c0f332fccbce9a0dc796af2790f82cf002f791cdbf7e01e1afca8,a1aaacb7f6cd6ee5fb43120f673cebb0cfea7dd4,d859bd533fac7ed31698ec60d4846b361d9856e2cbc6c37533881a786faecabd,"{""observation.images.camera1"": [1, 3, 256, 256], ""observation.images.camera2"": [1, 3, 256, 256], ""observation.language.attention_mask"": [1, 48], ""observation.language.tokens"": [1, 48], ""observation.state"": [1, 8]}",11.78154212621359,3.1264927999999985,336.70997400000005,25.866930550997495,964068864,1002438656,/data/vla-forge-artifacts/M02_libero40/registry/runs/20261010T030315-982cacc8515f/videos/spatial_task06_episode07_attempt1.mp4,e6ed3b2dc2277f2ecec72e0c61cddac25272e19056c5dcb40aafbb0837e6140e,"image:left,image2:right",/data/vla-forge-artifacts/M02_libero40/registry/runs/20261010T030315-982cacc8515f/rollout-809758a1dc98fc43/trajectory.npz,5b5aee0da81b48c5c5d6cea3c5380b007982156414e2b956b86d7b5471eb17dd,/data/vla-forge-artifacts/M02_libero40/registry/runs/20261010T030315-982cacc8515f/episodes/spatial_task06_episode07_attempt1/action_trace.json,b9bb3a554407a068cd70dadf209a8a1ed9e6dd4ad008f6029ac33bdd3b44ccce,/data/vla-forge-artifacts/M02_libero40/registry/runs/20261010T030315-982cacc8515f/episodes/spatial_task06_episode07_attempt1/episode.json,05a9a703824da7d0ef5dd4fd8d148659d31246240121548dd9698ac77fc78c3a,
spatial,libero_spatial,6,pick_up_the_black_bowl_next_to_the_cookie_box_and_place_it_on_the_plate,pick up the black bowl next to the cookie box and place it on the plate,8,20261010T030315-982cacc8515f,8,82068,1,complete,True,success,110,220,50,50,relative,31d453f7edd78c839a8bbc39744a292686daf0de,9a9f6413e42c0f332fccbce9a0dc796af2790f82cf002f791cdbf7e01e1afca8,a1aaacb7f6cd6ee5fb43120f673cebb0cfea7dd4,d859bd533fac7ed31698ec60d4846b361d9856e2cbc6c37533881a786faecabd,"{""observation.images.camera1"": [1, 3, 256, 256], ""observation.images.camera2"": [1, 3, 256, 256], ""observation.language.attention_mask"": [1, 48], ""observation.language.tokens"": [1, 48], ""observation.state"": [1, 8]}",10.414408927272728,3.13034455,310.4136096666666,26.92751939199661,964068864,1002438656,/data/vla-forge-artifacts/M02_libero40/registry/runs/20261010T030315-982cacc8515f/videos/spatial_task06_episode08_attempt1.mp4,bf2e296c16e3fd6a549eda146b3d1404bbe84bce7f3776cb67b30202707c1db5,"image:left,image2:right",/data/vla-forge-artifacts/M02_libero40/registry/runs/20261010T030315-982cacc8515f/rollout-f8de7123a752efe7/trajectory.npz,9c44d73532106dff9d942164b85e764941db679c26923bd258a150b1dffe33e7,/data/vla-forge-artifacts/M02_libero40/registry/runs/20261010T030315-982cacc8515f/episodes/spatial_task06_episode08_attempt1/action_trace.json,5afa97b1e425215eaf73d0946269b0bfacbd61269666979ea1ef4da110447062,/data/vla-forge-artifacts/M02_libero40/registry/runs/20261010T030315-982cacc8515f/episodes/spatial_task06_episode08_attempt1/episode.json,ecb0ad64d66a3e92898ed35de36b1471a43a79274c7506213e56c41dab253a24,
spatial,libero_spatial,6,pick_up_the_black_bowl_next_to_the_cookie_box_and_place_it_on_the_plate,pick up the black bowl next to the cookie box and place it on the plate,9,20261010T030315-982cacc8515f,9,82069,1,complete,False,timeout,220,220,50,50,relative,31d453f7edd78c839a8bbc39744a292686daf0de,9a9f6413e42c0f332fccbce9a0dc796af2790f82cf002f791cdbf7e01e1afca8,a1aaacb7f6cd6ee5fb43120f673cebb0cfea7dd4,d859bd533fac7ed31698ec60d4846b361d9856e2cbc6c37533881a786faecabd,"{""observation.images.camera1"": [1, 3, 256, 256], ""observation.images.camera2"": [1, 3, 256, 256], ""observation.language.attention_mask"": [1, 48], ""observation.language.tokens"": [1, 48], ""observation.state"": [1, 8]}",9.140273845454544,3.09853545,313.43173019999995,52.07994874799624,964068864,1002438656,/data/vla-forge-artifacts/M02_libero40/registry/runs/20261010T030315-982cacc8515f/videos/spatial_task06_episode09_attempt1.mp4,dfd44b3298126da1e095a41702f1aeaf0b5adc6cf9c8ca3d58c9135f39a28b57,"image:left,image2:right",/data/vla-forge-artifacts/M02_libero40/registry/runs/20261010T030315-982cacc8515f/rollout-4cc30038d36c3ddd/trajectory.npz,2cab98191f4a0080585251b38cf02d3a95583111194ef080e46c97e2dee96b71,/data/vla-forge-artifacts/M02_libero40/registry/runs/20261010T030315-982cacc8515f/episodes/spatial_task06_episode09_attempt1/action_trace.json,1e5d2b73b809d3661b0c21200354b64081a59903ec7b23ee70c229d28f2b5588,/data/vla-forge-artifacts/M02_libero40/registry/runs/20261010T030315-982cacc8515f/episodes/spatial_task06_episode09_attempt1/episode.json,f873d2b4a6f8ba72fefe0c826fea09b706641d4c5696066c371e9a356c236a33,
spatial,libero_spatial,7,pick_up_the_black_bowl_on_the_stove_and_place_it_on_the_plate,pick up the black bowl on the stove and place it on the plate,0,20261010T030315-982cacc8515f,0,82070,1,complete,False,timeout,220,220,50,50,relative,31d453f7edd78c839a8bbc39744a292686daf0de,9a9f6413e42c0f332fccbce9a0dc796af2790f82cf002f791cdbf7e01e1afca8,a1aaacb7f6cd6ee5fb43120f673cebb0cfea7dd4,d859bd533fac7ed31698ec60d4846b361d9856e2cbc6c37533881a786faecabd,"{""observation.images.camera1"": [1, 3, 256, 256], ""observation.images.camera2"": [1, 3, 256, 256], ""observation.language.attention_mask"": [1, 48], ""observation.language.tokens"": [1, 48], ""observation.state"": [1, 8]}",8.90843755909091,2.879754099999999,305.2125578,54.77345254399552,964068864,1002438656,/data/vla-forge-artifacts/M02_libero40/registry/runs/20261010T030315-982cacc8515f/videos/spatial_task07_episode00_attempt1.mp4,141de0d866e961ceb04bd50046cccde34de346b422c6e79d253eddd97ed1cbf7,"image:left,image2:right",/data/vla-forge-artifacts/M02_libero40/registry/runs/20261010T030315-982cacc8515f/rollout-5ae067a5d78dd466/trajectory.npz,4c088325867c49412e503a70bc3a985c44477da0480602858935759df3d1c0c4,/data/vla-forge-artifacts/M02_libero40/registry/runs/20261010T030315-982cacc8515f/episodes/spatial_task07_episode00_attempt1/action_trace.json,3a656f7c00cde1da19ec4ef4585d794aec65be956893000e19c635c992646e11,/data/vla-forge-artifacts/M02_libero40/registry/runs/20261010T030315-982cacc8515f/episodes/spatial_task07_episode00_attempt1/episode.json,e95eea392b31cdd1ee1484db447df1456e144f57057114718f0e86b792b352a1,
spatial,libero_spatial,7,pick_up_the_black_bowl_on_the_stove_and_place_it_on_the_plate,pick up the black bowl on the stove and place it on the plate,1,20261010T030315-982cacc8515f,1,82071,1,complete,True,success,129,220,50,50,relative,31d453f7edd78c839a8bbc39744a292686daf0de,9a9f6413e42c0f332fccbce9a0dc796af2790f82cf002f791cdbf7e01e1afca8,a1aaacb7f6cd6ee5fb43120f673cebb0cfea7dd4,d859bd533fac7ed31698ec60d4846b361d9856e2cbc6c37533881a786faecabd,"{""observation.images.camera1"": [1, 3, 256, 256], ""observation.images.camera2"": [1, 3, 256, 256], ""observation.language.attention_mask"": [1, 48], ""observation.language.tokens"": [1, 48], ""observation.state"": [1, 8]}",9.71030858139535,2.549936799999998,335.10999999999996,32.556527671004005,964068864,1002438656,/data/vla-forge-artifacts/M02_libero40/registry/runs/20261010T030315-982cacc8515f/videos/spatial_task07_episode01_attempt1.mp4,646901695ea0ae4e8579bab0be8303476de0c6f05a0ed7c699d95f535ab1cdc6,"image:left,image2:right",/data/vla-forge-artifacts/M02_libero40/registry/runs/20261010T030315-982cacc8515f/rollout-87c42f240ab8dfb9/trajectory.npz,89675babc5b42e4bf406e0394feb236a66cba942b99903251adc4438607c4418,/data/vla-forge-artifacts/M02_libero40/registry/runs/20261010T030315-982cacc8515f/episodes/spatial_task07_episode01_attempt1/action_trace.json,d9292b22ecff52e24f8904333b51a9930dfac479354b33dc577fb24bc3757294,/data/vla-forge-artifacts/M02_libero40/registry/runs/20261010T030315-982cacc8515f/episodes/spatial_task07_episode01_attempt1/episode.json,8a16a29ca4be6162ce0b9402823f2f021629bc40887d3e316eebece633360b41,
spatial,libero_spatial,7,pick_up_the_black_bowl_on_the_stove_and_place_it_on_the_plate,pick up the black bowl on the stove and place it on the plate,2,20261010T030315-982cacc8515f,2,82072,1,complete,True,success,120,220,50,50,relative,31d453f7edd78c839a8bbc39744a292686daf0de,9a9f6413e42c0f332fccbce9a0dc796af2790f82cf002f791cdbf7e01e1afca8,a1aaacb7f6cd6ee5fb43120f673cebb0cfea7dd4,d859bd533fac7ed31698ec60d4846b361d9856e2cbc6c37533881a786faecabd,"{""observation.images.camera1"": [1, 3, 256, 256], ""observation.images.camera2"": [1, 3, 256, 256], ""observation.language.attention_mask"": [1, 48], ""observation.language.tokens"": [1, 48], ""observation.state"": [1, 8]}",9.706058508333335,3.0767995999999993,310.8941836666667,30.080985819993657,964068864,1002438656,/data/vla-forge-artifacts/M02_libero40/registry/runs/20261010T030315-982cacc8515f/videos/spatial_task07_episode02_attempt1.mp4,8bc0cd28ae2f1fa62f14d9eb6aee006f42c90c65cb756e1f37ef93ffc31e88b1,"image:left,image2:right",/data/vla-forge-artifacts/M02_libero40/registry/runs/20261010T030315-982cacc8515f/rollout-d44268bf04d20893/trajectory.npz,88eca8ab3e761a75afce8777ddccd02ba234c9a51973622653c1080ddd15bf8a,/data/vla-forge-artifacts/M02_libero40/registry/runs/20261010T030315-982cacc8515f/episodes/spatial_task07_episode02_attempt1/action_trace.json,b4f875bda296ce8761904830bba688487a4e77d7e3b5349fd0b3b406752293da,/data/vla-forge-artifacts/M02_libero40/registry/runs/20261010T030315-982cacc8515f/episodes/spatial_task07_episode02_attempt1/episode.json,f51074f3110bb14512d788a711dce7f0ba36f320ce894fd25a2ad5be9ca26e18,
spatial,libero_spatial,7,pick_up_the_black_bowl_on_the_stove_and_place_it_on_the_plate,pick up the black bowl on the stove and place it on the plate,3,20261010T030315-982cacc8515f,3,82073,1,complete,True,success,123,220,50,50,relative,31d453f7edd78c839a8bbc39744a292686daf0de,9a9f6413e42c0f332fccbce9a0dc796af2790f82cf002f791cdbf7e01e1afca8,a1aaacb7f6cd6ee5fb43120f673cebb0cfea7dd4,d859bd533fac7ed31698ec60d4846b361d9856e2cbc6c37533881a786faecabd,"{""observation.images.camera1"": [1, 3, 256, 256], ""observation.images.camera2"": [1, 3, 256, 256], ""observation.language.attention_mask"": [1, 48], ""observation.language.tokens"": [1, 48], ""observation.state"": [1, 8]}",9.368945300813005,2.740952999999999,304.9075226666667,30.614655194003717,964068864,1002438656,/data/vla-forge-artifacts/M02_libero40/registry/runs/20261010T030315-982cacc8515f/videos/spatial_task07_episode03_attempt1.mp4,6874744f9d1c07dee923ab3d1cf9291b5e80d5e43a5e87c6746c085905354928,"image:left,image2:right",/data/vla-forge-artifacts/M02_libero40/registry/runs/20261010T030315-982cacc8515f/rollout-c80a636f20e72e1b/trajectory.npz,417819deefdf6a4ac3bed4845b116351b1b7629a31a3c2fedf188b4b61f602ff,/data/vla-forge-artifacts/M02_libero40/registry/runs/20261010T030315-982cacc8515f/episodes/spatial_task07_episode03_attempt1/action_trace.json,82e1c23d5a262b5909e7b456873d641154def9f118b5f2a0c5a34b481538dffd,/data/vla-forge-artifacts/M02_libero40/registry/runs/20261010T030315-982cacc8515f/episodes/spatial_task07_episode03_attempt1/episode.json,f4e110fd430ebbdd482d7c2ecce191ae1f3edfc9bf1a4dd2108827f2d4df391a,
spatial,libero_spatial,7,pick_up_the_black_bowl_on_the_stove_and_place_it_on_the_plate,pick up the black bowl on the stove and place it on the plate,4,20261010T030315-982cacc8515f,4,82074,1,complete,True,success,120,220,50,50,relative,31d453f7edd78c839a8bbc39744a292686daf0de,9a9f6413e42c0f332fccbce9a0dc796af2790f82cf002f791cdbf7e01e1afca8,a1aaacb7f6cd6ee5fb43120f673cebb0cfea7dd4,d859bd533fac7ed31698ec60d4846b361d9856e2cbc6c37533881a786faecabd,"{""observation.images.camera1"": [1, 3, 256, 256], ""observation.images.camera2"": [1, 3, 256, 256], ""observation.language.attention_mask"": [1, 48], ""observation.language.tokens"": [1, 48], ""observation.state"": [1, 8]}",9.953418616666665,3.2006623999999997,317.070443,31.21701780299918,964068864,1002438656,/data/vla-forge-artifacts/M02_libero40/registry/runs/20261010T030315-982cacc8515f/videos/spatial_task07_episode04_attempt1.mp4,a51b99595b56f4e49116ccfc155343eb06dd8f62687e06fc56e0d3b200e3f0b6,"image:left,image2:right",/data/vla-forge-artifacts/M02_libero40/registry/runs/20261010T030315-982cacc8515f/rollout-0c536bceed6a30e4/trajectory.npz,df0b74379e0f5c7099b9b03855409cd4d4dbf1597878fbef5a6f6b2dfbd58c31,/data/vla-forge-artifacts/M02_libero40/registry/runs/20261010T030315-982cacc8515f/episodes/spatial_task07_episode04_attempt1/action_trace.json,98eb617de232e454d61703a1883c721e0a43e318c63636c8da5cc904e642ecf7,/data/vla-forge-artifacts/M02_libero40/registry/runs/20261010T030315-982cacc8515f/episodes/spatial_task07_episode04_attempt1/episode.json,b35efbc2999f886e71ded60c512b29fd5b98570c3ab326d6c08c72cd35e84394,
spatial,libero_spatial,7,pick_up_the_black_bowl_on_the_stove_and_place_it_on_the_plate,pick up the black bowl on the stove and place it on the plate,5,20261010T030315-982cacc8515f,5,82075,1,complete,True,success,115,220,50,50,relative,31d453f7edd78c839a8bbc39744a292686daf0de,9a9f6413e42c0f332fccbce9a0dc796af2790f82cf002f791cdbf7e01e1afca8,a1aaacb7f6cd6ee5fb43120f673cebb0cfea7dd4,d859bd533fac7ed31698ec60d4846b361d9856e2cbc6c37533881a786faecabd,"{""observation.images.camera1"": [1, 3, 256, 256], ""observation.images.camera2"": [1, 3, 256, 256], ""observation.language.attention_mask"": [1, 48], ""observation.language.tokens"": [1, 48], ""observation.state"": [1, 8]}",10.39011832173913,2.9846506,322.3747936666667,29.23266646800039,964068864,1002438656,/data/vla-forge-artifacts/M02_libero40/registry/runs/20261010T030315-982cacc8515f/videos/spatial_task07_episode05_attempt1.mp4,040b366f3136782023a591301ba413ff4999ad20b93a28b473f65f84d74c14bd,"image:left,image2:right",/data/vla-forge-artifacts/M02_libero40/registry/runs/20261010T030315-982cacc8515f/rollout-c72a1775fb623a1a/trajectory.npz,5616e863bdd5046ac3c5ee7113b1afa901f73ff40b0891947892bf4f52f1b53c,/data/vla-forge-artifacts/M02_libero40/registry/runs/20261010T030315-982cacc8515f/episodes/spatial_task07_episode05_attempt1/action_trace.json,d775f4d65e5ed1d472f4d43487cd43b0b089e461cd1e874d9d8da7ec6a05945b,/data/vla-forge-artifacts/M02_libero40/registry/runs/20261010T030315-982cacc8515f/episodes/spatial_task07_episode05_attempt1/episode.json,ad426afc4d174c32b305606da6ca0588992d8bd6e5e5cf04387e07dbbc663c29,
spatial,libero_spatial,7,pick_up_the_black_bowl_on_the_stove_and_place_it_on_the_plate,pick up the black bowl on the stove and place it on the plate,6,20261010T030315-982cacc8515f,6,82076,1,complete,True,success,122,220,50,50,relative,31d453f7edd78c839a8bbc39744a292686daf0de,9a9f6413e42c0f332fccbce9a0dc796af2790f82cf002f791cdbf7e01e1afca8,a1aaacb7f6cd6ee5fb43120f673cebb0cfea7dd4,d859bd533fac7ed31698ec60d4846b361d9856e2cbc6c37533881a786faecabd,"{""observation.images.camera1"": [1, 3, 256, 256], ""observation.images.camera2"": [1, 3, 256, 256], ""observation.language.attention_mask"": [1, 48], ""observation.language.tokens"": [1, 48], ""observation.state"": [1, 8]}",9.839351991803278,2.840536849999999,321.0674946666666,30.61862601499888,964068864,1002438656,/data/vla-forge-artifacts/M02_libero40/registry/runs/20261010T030315-982cacc8515f/videos/spatial_task07_episode06_attempt1.mp4,1dff2a6ef6500402e86b5da9f742db56211fd337070b7002476f7ba204e460ec,"image:left,image2:right",/data/vla-forge-artifacts/M02_libero40/registry/runs/20261010T030315-982cacc8515f/rollout-4b655a2e908c0d4c/trajectory.npz,8c5b3d4e0bfbe898fd128ac79974a5379d53e09ceae4f9b03dbbfd969cd49d57,/data/vla-forge-artifacts/M02_libero40/registry/runs/20261010T030315-982cacc8515f/episodes/spatial_task07_episode06_attempt1/action_trace.json,f1590fdcefab759f10d3365ccc1b0d4f777af06a371826691cd065f383c1b71b,/data/vla-forge-artifacts/M02_libero40/registry/runs/20261010T030315-982cacc8515f/episodes/spatial_task07_episode06_attempt1/episode.json,2963a8ab5ce384ab6dea9fc8df9477514a3c198ffa3326866d47bea1b4efae09,
spatial,libero_spatial,7,pick_up_the_black_bowl_on_the_stove_and_place_it_on_the_plate,pick up the black bowl on the stove and place it on the plate,7,20261010T030315-982cacc8515f,7,82077,1,complete,True,success,124,220,50,50,relative,31d453f7edd78c839a8bbc39744a292686daf0de,9a9f6413e42c0f332fccbce9a0dc796af2790f82cf002f791cdbf7e01e1afca8,a1aaacb7f6cd6ee5fb43120f673cebb0cfea7dd4,d859bd533fac7ed31698ec60d4846b361d9856e2cbc6c37533881a786faecabd,"{""observation.images.camera1"": [1, 3, 256, 256], ""observation.images.camera2"": [1, 3, 256, 256], ""observation.language.attention_mask"": [1, 48], ""observation.language.tokens"": [1, 48], ""observation.state"": [1, 8]}",9.82407552419355,2.9287252999999995,325.5997703333333,31.4477194889987,964068864,1002438656,/data/vla-forge-artifacts/M02_libero40/registry/runs/20261010T030315-982cacc8515f/videos/spatial_task07_episode07_attempt1.mp4,d2949989dc32932d82105f820d2e12c7d0ce35c53c7b562365416de2fd3ffd9f,"image:left,image2:right",/data/vla-forge-artifacts/M02_libero40/registry/runs/20261010T030315-982cacc8515f/rollout-92f7c9cb8a6f3b73/trajectory.npz,94735673ed2233d9fd2811d05578cb97a86679695149d960ab6d14b9d83b1056,/data/vla-forge-artifacts/M02_libero40/registry/runs/20261010T030315-982cacc8515f/episodes/spatial_task07_episode07_attempt1/action_trace.json,2743a324504e6069c69e24f79c23ff5600e339303d08c5d89e8c219d3f0803ac,/data/vla-forge-artifacts/M02_libero40/registry/runs/20261010T030315-982cacc8515f/episodes/spatial_task07_episode07_attempt1/episode.json,57f394ebd83f9b1d1dfb3266eaa39ea173742ef345fafd4672c99994edb81360,
spatial,libero_spatial,7,pick_up_the_black_bowl_on_the_stove_and_place_it_on_the_plate,pick up the black bowl on the stove and place it on the plate,8,20261010T030315-982cacc8515f,8,82078,1,complete,True,success,125,220,50,50,relative,31d453f7edd78c839a8bbc39744a292686daf0de,9a9f6413e42c0f332fccbce9a0dc796af2790f82cf002f791cdbf7e01e1afca8,a1aaacb7f6cd6ee5fb43120f673cebb0cfea7dd4,d859bd533fac7ed31698ec60d4846b361d9856e2cbc6c37533881a786faecabd,"{""observation.images.camera1"": [1, 3, 256, 256], ""observation.images.camera2"": [1, 3, 256, 256], ""observation.language.attention_mask"": [1, 48], ""observation.language.tokens"": [1, 48], ""observation.state"": [1, 8]}",9.537528792000003,3.4588026,312.513946,31.62910640300106,964068864,1002438656,/data/vla-forge-artifacts/M02_libero40/registry/runs/20261010T030315-982cacc8515f/videos/spatial_task07_episode08_attempt1.mp4,54326f8d0ed6cfbdde4807861420fdcb13d0946db55b667dd985e943b4d8903d,"image:left,image2:right",/data/vla-forge-artifacts/M02_libero40/registry/runs/20261010T030315-982cacc8515f/rollout-ca0b02b9a5d8362d/trajectory.npz,cc8c71229a1f7db2f29e21b82694e0d98e73dc6c59e19acd10f8bfdb8f1e77ab,/data/vla-forge-artifacts/M02_libero40/registry/runs/20261010T030315-982cacc8515f/episodes/spatial_task07_episode08_attempt1/action_trace.json,4745d77ea5833132f2dd4612dd9add090f306b4fcf7bc5ecd2dae27b5197ca5f,/data/vla-forge-artifacts/M02_libero40/registry/runs/20261010T030315-982cacc8515f/episodes/spatial_task07_episode08_attempt1/episode.json,a0dc340b42d07e6cefe0a97ac3c86ac7f9cdd08da2a326a59eed92d23a4c8cda,
spatial,libero_spatial,7,pick_up_the_black_bowl_on_the_stove_and_place_it_on_the_plate,pick up the black bowl on the stove and place it on the plate,9,20261010T030315-982cacc8515f,9,82079,1,complete,True,success,117,220,50,50,relative,31d453f7edd78c839a8bbc39744a292686daf0de,9a9f6413e42c0f332fccbce9a0dc796af2790f82cf002f791cdbf7e01e1afca8,a1aaacb7f6cd6ee5fb43120f673cebb0cfea7dd4,d859bd533fac7ed31698ec60d4846b361d9856e2cbc6c37533881a786faecabd,"{""observation.images.camera1"": [1, 3, 256, 256], ""observation.images.camera2"": [1, 3, 256, 256], ""observation.language.attention_mask"": [1, 48], ""observation.language.tokens"": [1, 48], ""observation.state"": [1, 8]}",9.80924034188034,2.7039056,308.4931216666667,28.69253770600335,964068864,1002438656,/data/vla-forge-artifacts/M02_libero40/registry/runs/20261010T030315-982cacc8515f/videos/spatial_task07_episode09_attempt1.mp4,6c9b86da9532890610bc58c94185d1f21c45168c3bccae050d031453dbb076a4,"image:left,image2:right",/data/vla-forge-artifacts/M02_libero40/registry/runs/20261010T030315-982cacc8515f/rollout-b89b7dbe5ac9fce0/trajectory.npz,e8c0d93d3fd7b97a5bafd6d3ee2a1fa70afb3e9bbcc17809f30d61ce1a8cdf1f,/data/vla-forge-artifacts/M02_libero40/registry/runs/20261010T030315-982cacc8515f/episodes/spatial_task07_episode09_attempt1/action_trace.json,afd25a3f4a96f14cb2b9cceb9680ca8498f081005b5cfdf42880f7bbdf6f268b,/data/vla-forge-artifacts/M02_libero40/registry/runs/20261010T030315-982cacc8515f/episodes/spatial_task07_episode09_attempt1/episode.json,42ec3163c6e001c80f68ed3f20f9d0e96095717d356f3427c2473443c2aeed5f,
spatial,libero_spatial,8,pick_up_the_black_bowl_next_to_the_plate_and_place_it_on_the_plate,pick up the black bowl next to the plate and place it on the plate,0,20261010T030315-982cacc8515f,0,82080,1,complete,True,success,93,220,50,50,relative,31d453f7edd78c839a8bbc39744a292686daf0de,9a9f6413e42c0f332fccbce9a0dc796af2790f82cf002f791cdbf7e01e1afca8,a1aaacb7f6cd6ee5fb43120f673cebb0cfea7dd4,d859bd533fac7ed31698ec60d4846b361d9856e2cbc6c37533881a786faecabd,"{""observation.images.camera1"": [1, 3, 256, 256], ""observation.images.camera2"": [1, 3, 256, 256], ""observation.language.attention_mask"": [1, 48], ""observation.language.tokens"": [1, 48], ""observation.state"": [1, 8]}",8.36567347311828,2.3707333999999984,303.0679615,21.408832763001556,964068864,1002438656,/data/vla-forge-artifacts/M02_libero40/registry/runs/20261010T030315-982cacc8515f/videos/spatial_task08_episode00_attempt1.mp4,62f6bcdcae4cafc201a85a685376cdbee2797eaa8d0178744a12ea09c2d0f0dd,"image:left,image2:right",/data/vla-forge-artifacts/M02_libero40/registry/runs/20261010T030315-982cacc8515f/rollout-f2fd187df410c6d9/trajectory.npz,f7ac0726b295e621452c5218ae5d0125795a31c34c03d92484974a9487c72ecb,/data/vla-forge-artifacts/M02_libero40/registry/runs/20261010T030315-982cacc8515f/episodes/spatial_task08_episode00_attempt1/action_trace.json,abd3744d2526d8ec2823b25d3d1ab05418078557483d95b1637daa6a857981cb,/data/vla-forge-artifacts/M02_libero40/registry/runs/20261010T030315-982cacc8515f/episodes/spatial_task08_episode00_attempt1/episode.json,3d0ad97fd563d2229975fef1af90e4c6fadc527aa485493966c35000bc3013d7,
spatial,libero_spatial,8,pick_up_the_black_bowl_next_to_the_plate_and_place_it_on_the_plate,pick up the black bowl next to the plate and place it on the plate,1,20261010T030315-982cacc8515f,1,82081,1,complete,False,timeout,220,220,50,50,relative,31d453f7edd78c839a8bbc39744a292686daf0de,9a9f6413e42c0f332fccbce9a0dc796af2790f82cf002f791cdbf7e01e1afca8,a1aaacb7f6cd6ee5fb43120f673cebb0cfea7dd4,d859bd533fac7ed31698ec60d4846b361d9856e2cbc6c37533881a786faecabd,"{""observation.images.camera1"": [1, 3, 256, 256], ""observation.images.camera2"": [1, 3, 256, 256], ""observation.language.attention_mask"": [1, 48], ""observation.language.tokens"": [1, 48], ""observation.state"": [1, 8]}",8.906437413636365,3.149130249999998,306.72670159999996,52.42499317099282,964068864,1002438656,/data/vla-forge-artifacts/M02_libero40/registry/runs/20261010T030315-982cacc8515f/videos/spatial_task08_episode01_attempt1.mp4,beacd476069503b49889b4ca00300c6c216e6d5b9ea3dc3e1ad63484a9948123,"image:left,image2:right",/data/vla-forge-artifacts/M02_libero40/registry/runs/20261010T030315-982cacc8515f/rollout-27a34bb2cf64b5bd/trajectory.npz,a2c30aa194a58b56f29fbbb6607e5e7649f5a3fa83921194fc415256beea3720,/data/vla-forge-artifacts/M02_libero40/registry/runs/20261010T030315-982cacc8515f/episodes/spatial_task08_episode01_attempt1/action_trace.json,b137520c1069dbe52b36c8284f6f598d82f6ba561f58f6c519fd97b5352f695e,/data/vla-forge-artifacts/M02_libero40/registry/runs/20261010T030315-982cacc8515f/episodes/spatial_task08_episode01_attempt1/episode.json,568fc1e7aee9ef75ed8ecb86451d47a6d3eb2a1060faf095d8e29435ac2acab9,
spatial,libero_spatial,8,pick_up_the_black_bowl_next_to_the_plate_and_place_it_on_the_plate,pick up the black bowl next to the plate and place it on the plate,2,20261010T030315-982cacc8515f,2,82082,1,complete,True,success,100,220,50,50,relative,31d453f7edd78c839a8bbc39744a292686daf0de,9a9f6413e42c0f332fccbce9a0dc796af2790f82cf002f791cdbf7e01e1afca8,a1aaacb7f6cd6ee5fb43120f673cebb0cfea7dd4,d859bd533fac7ed31698ec60d4846b361d9856e2cbc6c37533881a786faecabd,"{""observation.images.camera1"": [1, 3, 256, 256], ""observation.images.camera2"": [1, 3, 256, 256], ""observation.language.attention_mask"": [1, 48], ""observation.language.tokens"": [1, 48], ""observation.state"": [1, 8]}",7.972228230000001,2.57895385,304.6059715,23.190510202999576,964068864,1002438656,/data/vla-forge-artifacts/M02_libero40/registry/runs/20261010T030315-982cacc8515f/videos/spatial_task08_episode02_attempt1.mp4,51e7c7ea8d60c4d665f5d334ff3334d298411fedc92e567d0cdd6d42a1d33ac9,"image:left,image2:right",/data/vla-forge-artifacts/M02_libero40/registry/runs/20261010T030315-982cacc8515f/rollout-1591425dac506a15/trajectory.npz,8115347cdff27acbbb0e9da6dbdb2355dd708452fafffaa1b5632912882d7f0c,/data/vla-forge-artifacts/M02_libero40/registry/runs/20261010T030315-982cacc8515f/episodes/spatial_task08_episode02_attempt1/action_trace.json,a08b064b1c8ff0c87ea3a458f1d0f78112576fcb6b059bfc5787e338fb05bcb1,/data/vla-forge-artifacts/M02_libero40/registry/runs/20261010T030315-982cacc8515f/episodes/spatial_task08_episode02_attempt1/episode.json,94dab67c8c66f83ecfd0281ea7b4fc6cd0cd91e90779d6c1526436a7a74fcc25,
spatial,libero_spatial,8,pick_up_the_black_bowl_next_to_the_plate_and_place_it_on_the_plate,pick up the black bowl next to the plate and place it on the plate,3,20261010T030315-982cacc8515f,3,82083,1,complete,True,success,104,220,50,50,relative,31d453f7edd78c839a8bbc39744a292686daf0de,9a9f6413e42c0f332fccbce9a0dc796af2790f82cf002f791cdbf7e01e1afca8,a1aaacb7f6cd6ee5fb43120f673cebb0cfea7dd4,d859bd533fac7ed31698ec60d4846b361d9856e2cbc6c37533881a786faecabd,"{""observation.images.camera1"": [1, 3, 256, 256], ""observation.images.camera2"": [1, 3, 256, 256], ""observation.language.attention_mask"": [1, 48], ""observation.language.tokens"": [1, 48], ""observation.state"": [1, 8]}",10.656956884615386,2.6332080499999995,304.035239,24.57891078299872,964068864,1002438656,/data/vla-forge-artifacts/M02_libero40/registry/runs/20261010T030315-982cacc8515f/videos/spatial_task08_episode03_attempt1.mp4,2afc331d7f5f9899dd2fd5d0ece7b1d68f3b53a43c8687f434260378f9798133,"image:left,image2:right",/data/vla-forge-artifacts/M02_libero40/registry/runs/20261010T030315-982cacc8515f/rollout-0c36782d01e3e507/trajectory.npz,ee24273963b7658e0a4e0e74ef7908f980e853b3de6ce9526fe4a6db9001360b,/data/vla-forge-artifacts/M02_libero40/registry/runs/20261010T030315-982cacc8515f/episodes/spatial_task08_episode03_attempt1/action_trace.json,dec8a5b00ce2f1ef4b26d1ec160d8dc10e3eca39590438264c120d9671bdf47c,/data/vla-forge-artifacts/M02_libero40/registry/runs/20261010T030315-982cacc8515f/episodes/spatial_task08_episode03_attempt1/episode.json,0f8e4a2ee413dd311a9de07634daba8ebb64fc0228f6641c63a07355577c5f02,
spatial,libero_spatial,8,pick_up_the_black_bowl_next_to_the_plate_and_place_it_on_the_plate,pick up the black bowl next to the plate and place it on the plate,4,20261010T030315-982cacc8515f,4,82084,1,complete,False,timeout,220,220,50,50,relative,31d453f7edd78c839a8bbc39744a292686daf0de,9a9f6413e42c0f332fccbce9a0dc796af2790f82cf002f791cdbf7e01e1afca8,a1aaacb7f6cd6ee5fb43120f673cebb0cfea7dd4,d859bd533fac7ed31698ec60d4846b361d9856e2cbc6c37533881a786faecabd,"{""observation.images.camera1"": [1, 3, 256, 256], ""observation.images.camera2"": [1, 3, 256, 256], ""observation.language.attention_mask"": [1, 48], ""observation.language.tokens"": [1, 48], ""observation.state"": [1, 8]}",8.793737445454546,2.5187589499999956,303.4851926,49.49599322199356,964068864,1002438656,/data/vla-forge-artifacts/M02_libero40/registry/runs/20261010T030315-982cacc8515f/videos/spatial_task08_episode04_attempt1.mp4,68b5b1740c1741451fe5897909a7e1884b659fe3b162db730ff36bd6fcdbbcf9,"image:left,image2:right",/data/vla-forge-artifacts/M02_libero40/registry/runs/20261010T030315-982cacc8515f/rollout-b9870c24961ab28c/trajectory.npz,920e02520243c91d358b8bff9ca24df9375ab52e84519c3ffcf6fcfa8b84dc0d,/data/vla-forge-artifacts/M02_libero40/registry/runs/20261010T030315-982cacc8515f/episodes/spatial_task08_episode04_attempt1/action_trace.json,b4feba50eea235aca3ddc193fc67401a7f252d30677b984272912c8f2b98ce8d,/data/vla-forge-artifacts/M02_libero40/registry/runs/20261010T030315-982cacc8515f/episodes/spatial_task08_episode04_attempt1/episode.json,9eef8a5276405396cd32f8bc9d0e44255571354d86b3640de7edca803c4da38f,
spatial,libero_spatial,8,pick_up_the_black_bowl_next_to_the_plate_and_place_it_on_the_plate,pick up the black bowl next to the plate and place it on the plate,5,20261010T030315-982cacc8515f,5,82085,1,complete,False,timeout,220,220,50,50,relative,31d453f7edd78c839a8bbc39744a292686daf0de,9a9f6413e42c0f332fccbce9a0dc796af2790f82cf002f791cdbf7e01e1afca8,a1aaacb7f6cd6ee5fb43120f673cebb0cfea7dd4,d859bd533fac7ed31698ec60d4846b361d9856e2cbc6c37533881a786faecabd,"{""observation.images.camera1"": [1, 3, 256, 256], ""observation.images.camera2"": [1, 3, 256, 256], ""observation.language.attention_mask"": [1, 48], ""observation.language.tokens"": [1, 48], ""observation.state"": [1, 8]}",8.92886799090909,2.6558410499999967,309.28136359999996,49.619210703000135,964068864,1002438656,/data/vla-forge-artifacts/M02_libero40/registry/runs/20261010T030315-982cacc8515f/videos/spatial_task08_episode05_attempt1.mp4,41d778c8ba9470004b5f35e0ff4ea1bcc5a5bd739ea53bf5050f087a513b4725,"image:left,image2:right",/data/vla-forge-artifacts/M02_libero40/registry/runs/20261010T030315-982cacc8515f/rollout-ecadb706f15d40ff/trajectory.npz,af59602d701a53404d5c409b7b3c29ee0477d892b968e7bad200082af5ab3ba4,/data/vla-forge-artifacts/M02_libero40/registry/runs/20261010T030315-982cacc8515f/episodes/spatial_task08_episode05_attempt1/action_trace.json,91c005cb8b432c549cfb2e3a01ee57504ecff7e961b4e778555f97db842ac539,/data/vla-forge-artifacts/M02_libero40/registry/runs/20261010T030315-982cacc8515f/episodes/spatial_task08_episode05_attempt1/episode.json,670e133a2b7fd8b3d98b6210f6080193fd8cf37248fe32fc9adf91581c808d0e,
spatial,libero_spatial,8,pick_up_the_black_bowl_next_to_the_plate_and_place_it_on_the_plate,pick up the black bowl next to the plate and place it on the plate,6,20261010T030315-982cacc8515f,6,82086,1,complete,False,timeout,220,220,50,50,relative,31d453f7edd78c839a8bbc39744a292686daf0de,9a9f6413e42c0f332fccbce9a0dc796af2790f82cf002f791cdbf7e01e1afca8,a1aaacb7f6cd6ee5fb43120f673cebb0cfea7dd4,d859bd533fac7ed31698ec60d4846b361d9856e2cbc6c37533881a786faecabd,"{""observation.images.camera1"": [1, 3, 256, 256], ""observation.images.camera2"": [1, 3, 256, 256], ""observation.language.attention_mask"": [1, 48], ""observation.language.tokens"": [1, 48], ""observation.state"": [1, 8]}",8.926508895454544,2.7175131999999977,308.58181279999997,53.056550761000835,964068864,1002438656,/data/vla-forge-artifacts/M02_libero40/registry/runs/20261010T030315-982cacc8515f/videos/spatial_task08_episode06_attempt1.mp4,8235ce30dbebff405936eed79ef6d0494f900a8049a12f851105742a041289e3,"image:left,image2:right",/data/vla-forge-artifacts/M02_libero40/registry/runs/20261010T030315-982cacc8515f/rollout-bd8182852fc65254/trajectory.npz,2a6292b67d7809d5d2576f91cf3c3365db3a319fa75c097a17b98bd7f5afa8ff,/data/vla-forge-artifacts/M02_libero40/registry/runs/20261010T030315-982cacc8515f/episodes/spatial_task08_episode06_attempt1/action_trace.json,adf3429e86b8bbe9c6bfee6b34fddac0f65b644f476373cf6da221d76d576c89,/data/vla-forge-artifacts/M02_libero40/registry/runs/20261010T030315-982cacc8515f/episodes/spatial_task08_episode06_attempt1/episode.json,845f63c555dae0d43e10239c0fad4a3425c47203879681679d261f7868be9f3b,
spatial,libero_spatial,8,pick_up_the_black_bowl_next_to_the_plate_and_place_it_on_the_plate,pick up the black bowl next to the plate and place it on the plate,7,20261010T030315-982cacc8515f,7,82087,1,complete,True,success,96,220,50,50,relative,31d453f7edd78c839a8bbc39744a292686daf0de,9a9f6413e42c0f332fccbce9a0dc796af2790f82cf002f791cdbf7e01e1afca8,a1aaacb7f6cd6ee5fb43120f673cebb0cfea7dd4,d859bd533fac7ed31698ec60d4846b361d9856e2cbc6c37533881a786faecabd,"{""observation.images.camera1"": [1, 3, 256, 256], ""observation.images.camera2"": [1, 3, 256, 256], ""observation.language.attention_mask"": [1, 48], ""observation.language.tokens"": [1, 48], ""observation.state"": [1, 8]}",8.418728010416668,3.1607995,306.6360615,22.925822601006075,964068864,1002438656,/data/vla-forge-artifacts/M02_libero40/registry/runs/20261010T030315-982cacc8515f/videos/spatial_task08_episode07_attempt1.mp4,23fb4340af0e004676b1fba86ccbed572cf21d0d53a3c575ea9b1d8a60232f87,"image:left,image2:right",/data/vla-forge-artifacts/M02_libero40/registry/runs/20261010T030315-982cacc8515f/rollout-0c2595b219c76cb3/trajectory.npz,231b8713ee2c7c570b67cb8110ce365f1f53ca4c12f2fb3eb8673ec21db43480,/data/vla-forge-artifacts/M02_libero40/registry/runs/20261010T030315-982cacc8515f/episodes/spatial_task08_episode07_attempt1/action_trace.json,0e49093790006adf56c0c5c44e5684e40651ce5527bbd0fe83c88678456d80f2,/data/vla-forge-artifacts/M02_libero40/registry/runs/20261010T030315-982cacc8515f/episodes/spatial_task08_episode07_attempt1/episode.json,fbb3e4e0059ea956423c42a27ebb27355eb55d1d86d2368f6af27ba5d615eb2a,
spatial,libero_spatial,8,pick_up_the_black_bowl_next_to_the_plate_and_place_it_on_the_plate,pick up the black bowl next to the plate and place it on the plate,8,20261010T030315-982cacc8515f,8,82088,1,complete,True,success,168,220,50,50,relative,31d453f7edd78c839a8bbc39744a292686daf0de,9a9f6413e42c0f332fccbce9a0dc796af2790f82cf002f791cdbf7e01e1afca8,a1aaacb7f6cd6ee5fb43120f673cebb0cfea7dd4,d859bd533fac7ed31698ec60d4846b361d9856e2cbc6c37533881a786faecabd,"{""observation.images.camera1"": [1, 3, 256, 256], ""observation.images.camera2"": [1, 3, 256, 256], ""observation.language.attention_mask"": [1, 48], ""observation.language.tokens"": [1, 48], ""observation.state"": [1, 8]}",9.920543041666667,2.8816082000000005,335.950103,39.53167268800462,964068864,1002438656,/data/vla-forge-artifacts/M02_libero40/registry/runs/20261010T030315-982cacc8515f/videos/spatial_task08_episode08_attempt1.mp4,6c58d8b54d28f28c3097a897ee5364368061d068853870eb11daa60d5c0e4b4b,"image:left,image2:right",/data/vla-forge-artifacts/M02_libero40/registry/runs/20261010T030315-982cacc8515f/rollout-f55f35458f90a6c2/trajectory.npz,de6f07016faff6569ac306f7d15eebc6105e0313f3e09d6555b4858281e76e85,/data/vla-forge-artifacts/M02_libero40/registry/runs/20261010T030315-982cacc8515f/episodes/spatial_task08_episode08_attempt1/action_trace.json,bb656aa1de8ad3c82c5206857e3b393ca4fc4cf5e9d53ce36a20d4163b18f1b9,/data/vla-forge-artifacts/M02_libero40/registry/runs/20261010T030315-982cacc8515f/episodes/spatial_task08_episode08_attempt1/episode.json,0ac23c7c8a96f7a640ca13bd16a664027962d66448f05398127ccbe767be0a12,
spatial,libero_spatial,8,pick_up_the_black_bowl_next_to_the_plate_and_place_it_on_the_plate,pick up the black bowl next to the plate and place it on the plate,9,20261010T030315-982cacc8515f,9,82089,1,complete,False,timeout,220,220,50,50,relative,31d453f7edd78c839a8bbc39744a292686daf0de,9a9f6413e42c0f332fccbce9a0dc796af2790f82cf002f791cdbf7e01e1afca8,a1aaacb7f6cd6ee5fb43120f673cebb0cfea7dd4,d859bd533fac7ed31698ec60d4846b361d9856e2cbc6c37533881a786faecabd,"{""observation.images.camera1"": [1, 3, 256, 256], ""observation.images.camera2"": [1, 3, 256, 256], ""observation.language.attention_mask"": [1, 48], ""observation.language.tokens"": [1, 48], ""observation.state"": [1, 8]}",9.145053959090909,2.683867149999999,318.2902056,50.79056362799747,964068864,1002438656,/data/vla-forge-artifacts/M02_libero40/registry/runs/20261010T030315-982cacc8515f/videos/spatial_task08_episode09_attempt1.mp4,3ecf16e11c8c98d1518abfd76081b66b441c4c8c55a56f8e630a24305b3e8ae2,"image:left,image2:right",/data/vla-forge-artifacts/M02_libero40/registry/runs/20261010T030315-982cacc8515f/rollout-cb318443b22e8579/trajectory.npz,4a5daae0c9ca51af17793a7b3cb61d418a622dbb8fdfa5a10efb98e2e0105709,/data/vla-forge-artifacts/M02_libero40/registry/runs/20261010T030315-982cacc8515f/episodes/spatial_task08_episode09_attempt1/action_trace.json,17fdc2ac2cb822fca6e0816595897e30d1c3d8552562ef62b08c8180ff10f942,/data/vla-forge-artifacts/M02_libero40/registry/runs/20261010T030315-982cacc8515f/episodes/spatial_task08_episode09_attempt1/episode.json,2e0edc6b33c3e1b5a24e41576b33cdfcee0a4896214bec5e4aaddf8af8e25524,
spatial,libero_spatial,9,pick_up_the_black_bowl_on_the_wooden_cabinet_and_place_it_on_the_plate,pick up the black bowl on the wooden cabinet and place it on the plate,0,20261010T030315-982cacc8515f,0,82090,1,complete,False,timeout,220,220,50,50,relative,31d453f7edd78c839a8bbc39744a292686daf0de,9a9f6413e42c0f332fccbce9a0dc796af2790f82cf002f791cdbf7e01e1afca8,a1aaacb7f6cd6ee5fb43120f673cebb0cfea7dd4,d859bd533fac7ed31698ec60d4846b361d9856e2cbc6c37533881a786faecabd,"{""observation.images.camera1"": [1, 3, 256, 256], ""observation.images.camera2"": [1, 3, 256, 256], ""observation.language.attention_mask"": [1, 48], ""observation.language.tokens"": [1, 48], ""observation.state"": [1, 8]}",8.889241140909093,2.6969829499999993,307.6117414,51.13516231299582,964068864,1002438656,/data/vla-forge-artifacts/M02_libero40/registry/runs/20261010T030315-982cacc8515f/videos/spatial_task09_episode00_attempt1.mp4,27d2e4ad7f2ad6b196dd0194555451b6697aafe12a0f7dccb1fd70ca38a2ce50,"image:left,image2:right",/data/vla-forge-artifacts/M02_libero40/registry/runs/20261010T030315-982cacc8515f/rollout-95df674eadd56557/trajectory.npz,f60db1986a0a68c2010952f66138176b0f917ed23daf5fafee3d3f417246679d,/data/vla-forge-artifacts/M02_libero40/registry/runs/20261010T030315-982cacc8515f/episodes/spatial_task09_episode00_attempt1/action_trace.json,336cd7b02097dc8bf8846c47c767c2f2d90b33c8becbe6d6c969fb2371b1bf98,/data/vla-forge-artifacts/M02_libero40/registry/runs/20261010T030315-982cacc8515f/episodes/spatial_task09_episode00_attempt1/episode.json,b71eeeaad0c92867cbb9520d6eb4d11664ba2ba35b60b688357f266b7d5a80de,
spatial,libero_spatial,9,pick_up_the_black_bowl_on_the_wooden_cabinet_and_place_it_on_the_plate,pick up the black bowl on the wooden cabinet and place it on the plate,1,20261010T030315-982cacc8515f,1,82091,1,complete,True,success,122,220,50,50,relative,31d453f7edd78c839a8bbc39744a292686daf0de,9a9f6413e42c0f332fccbce9a0dc796af2790f82cf002f791cdbf7e01e1afca8,a1aaacb7f6cd6ee5fb43120f673cebb0cfea7dd4,d859bd533fac7ed31698ec60d4846b361d9856e2cbc6c37533881a786faecabd,"{""observation.images.camera1"": [1, 3, 256, 256], ""observation.images.camera2"": [1, 3, 256, 256], ""observation.language.attention_mask"": [1, 48], ""observation.language.tokens"": [1, 48], ""observation.state"": [1, 8]}",9.781531573770494,2.6367431999999993,320.710828,29.648052805001498,964068864,1002438656,/data/vla-forge-artifacts/M02_libero40/registry/runs/20261010T030315-982cacc8515f/videos/spatial_task09_episode01_attempt1.mp4,d9762be5249c0f4bee984c5958e80fb08307bea988d3e567177b58129a7f72e4,"image:left,image2:right",/data/vla-forge-artifacts/M02_libero40/registry/runs/20261010T030315-982cacc8515f/rollout-d49f18084cdd5974/trajectory.npz,df6006965721e0736a39de0d2e71dae7466968850c0a2d8e19b1c98fecc90678,/data/vla-forge-artifacts/M02_libero40/registry/runs/20261010T030315-982cacc8515f/episodes/spatial_task09_episode01_attempt1/action_trace.json,f48d36e681e358d7cd12e2ccd0e2794b7e93327f384fd9a6d4754215a959782e,/data/vla-forge-artifacts/M02_libero40/registry/runs/20261010T030315-982cacc8515f/episodes/spatial_task09_episode01_attempt1/episode.json,32761cc9a6eb78b3e43094a16aeb59da20c98b063695d9a7c058d012e31ffc19,
spatial,libero_spatial,9,pick_up_the_black_bowl_on_the_wooden_cabinet_and_place_it_on_the_plate,pick up the black bowl on the wooden cabinet and place it on the plate,2,20261010T030315-982cacc8515f,2,82092,1,complete,True,success,125,220,50,50,relative,31d453f7edd78c839a8bbc39744a292686daf0de,9a9f6413e42c0f332fccbce9a0dc796af2790f82cf002f791cdbf7e01e1afca8,a1aaacb7f6cd6ee5fb43120f673cebb0cfea7dd4,d859bd533fac7ed31698ec60d4846b361d9856e2cbc6c37533881a786faecabd,"{""observation.images.camera1"": [1, 3, 256, 256], ""observation.images.camera2"": [1, 3, 256, 256], ""observation.language.attention_mask"": [1, 48], ""observation.language.tokens"": [1, 48], ""observation.state"": [1, 8]}",9.499104528,3.0960244,312.654419,31.455712409006082,964068864,1002438656,/data/vla-forge-artifacts/M02_libero40/registry/runs/20261010T030315-982cacc8515f/videos/spatial_task09_episode02_attempt1.mp4,be0a6c6ec7ee3a10e9a5d4e52952d67b80b1685b0a9a03d8e357a1d4835de368,"image:left,image2:right",/data/vla-forge-artifacts/M02_libero40/registry/runs/20261010T030315-982cacc8515f/rollout-089637268f2cc006/trajectory.npz,d9cc057e02faf65ae5bd4f7590a7072437c568aed886cd9d42ae15eddd812cb9,/data/vla-forge-artifacts/M02_libero40/registry/runs/20261010T030315-982cacc8515f/episodes/spatial_task09_episode02_attempt1/action_trace.json,1984df7f9093c053d4562f62e8d5bd60f0cae59a34d2b6a502234deb45d63d98,/data/vla-forge-artifacts/M02_libero40/registry/runs/20261010T030315-982cacc8515f/episodes/spatial_task09_episode02_attempt1/episode.json,510390ec87fc4ef578dcffbf0cf9ca8a0300630aeb82ca59ff07235f7d122839,
spatial,libero_spatial,9,pick_up_the_black_bowl_on_the_wooden_cabinet_and_place_it_on_the_plate,pick up the black bowl on the wooden cabinet and place it on the plate,3,20261010T030315-982cacc8515f,3,82093,1,complete,True,success,116,220,50,50,relative,31d453f7edd78c839a8bbc39744a292686daf0de,9a9f6413e42c0f332fccbce9a0dc796af2790f82cf002f791cdbf7e01e1afca8,a1aaacb7f6cd6ee5fb43120f673cebb0cfea7dd4,d859bd533fac7ed31698ec60d4846b361d9856e2cbc6c37533881a786faecabd,"{""observation.images.camera1"": [1, 3, 256, 256], ""observation.images.camera2"": [1, 3, 256, 256], ""observation.language.attention_mask"": [1, 48], ""observation.language.tokens"": [1, 48], ""observation.state"": [1, 8]}",9.805183267241379,2.5047430000000004,306.3293386666667,28.56728584499797,964068864,1002438656,/data/vla-forge-artifacts/M02_libero40/registry/runs/20261010T030315-982cacc8515f/videos/spatial_task09_episode03_attempt1.mp4,4a8f8ab793c0e7646b3a93295cada6545731158a8181063379fa06f75cb07ef9,"image:left,image2:right",/data/vla-forge-artifacts/M02_libero40/registry/runs/20261010T030315-982cacc8515f/rollout-84a41ad06104f44d/trajectory.npz,16ec1897d6b9692a198a840d7aa6bfcdc1034fd9452cc92d1b12ac0bb447bd6d,/data/vla-forge-artifacts/M02_libero40/registry/runs/20261010T030315-982cacc8515f/episodes/spatial_task09_episode03_attempt1/action_trace.json,f28016a5d3fcd6436fc4be89f2eb93a9052b5d73b268fdf82b043b8cd59f9dd4,/data/vla-forge-artifacts/M02_libero40/registry/runs/20261010T030315-982cacc8515f/episodes/spatial_task09_episode03_attempt1/episode.json,82401628170335ba3960482fad3d434e6d97e41c0eb65a7beaf2586e8eac8698,
spatial,libero_spatial,9,pick_up_the_black_bowl_on_the_wooden_cabinet_and_place_it_on_the_plate,pick up the black bowl on the wooden cabinet and place it on the plate,4,20261010T030315-982cacc8515f,4,82094,1,complete,True,success,123,220,50,50,relative,31d453f7edd78c839a8bbc39744a292686daf0de,9a9f6413e42c0f332fccbce9a0dc796af2790f82cf002f791cdbf7e01e1afca8,a1aaacb7f6cd6ee5fb43120f673cebb0cfea7dd4,d859bd533fac7ed31698ec60d4846b361d9856e2cbc6c37533881a786faecabd,"{""observation.images.camera1"": [1, 3, 256, 256], ""observation.images.camera2"": [1, 3, 256, 256], ""observation.language.attention_mask"": [1, 48], ""observation.language.tokens"": [1, 48], ""observation.state"": [1, 8]}",9.454509723577237,3.135090499999999,305.40378633333336,30.61592553099763,964068864,1002438656,/data/vla-forge-artifacts/M02_libero40/registry/runs/20261010T030315-982cacc8515f/videos/spatial_task09_episode04_attempt1.mp4,bd5c26255b71e25e7962ba00235b291cc84405378cfe21d20c6b700be75b7ad5,"image:left,image2:right",/data/vla-forge-artifacts/M02_libero40/registry/runs/20261010T030315-982cacc8515f/rollout-3c6dc66804e1d6ca/trajectory.npz,9922a9157a99a727b28691e9de5eeecb7e09260539104d0183875fa06ec415ba,/data/vla-forge-artifacts/M02_libero40/registry/runs/20261010T030315-982cacc8515f/episodes/spatial_task09_episode04_attempt1/action_trace.json,a1b70f39ee05f3de7c4f81258e7d9e3481124fe945f4eed1680ee04412cbd53d,/data/vla-forge-artifacts/M02_libero40/registry/runs/20261010T030315-982cacc8515f/episodes/spatial_task09_episode04_attempt1/episode.json,6ecfee4dc5e45e4e6ddeb5d80965c9ae415e9648e51f9b2e7fa16165b115643c,
spatial,libero_spatial,9,pick_up_the_black_bowl_on_the_wooden_cabinet_and_place_it_on_the_plate,pick up the black bowl on the wooden cabinet and place it on the plate,5,20261010T030315-982cacc8515f,5,82095,1,complete,False,timeout,220,220,50,50,relative,31d453f7edd78c839a8bbc39744a292686daf0de,9a9f6413e42c0f332fccbce9a0dc796af2790f82cf002f791cdbf7e01e1afca8,a1aaacb7f6cd6ee5fb43120f673cebb0cfea7dd4,d859bd533fac7ed31698ec60d4846b361d9856e2cbc6c37533881a786faecabd,"{""observation.images.camera1"": [1, 3, 256, 256], ""observation.images.camera2"": [1, 3, 256, 256], ""observation.language.attention_mask"": [1, 48], ""observation.language.tokens"": [1, 48], ""observation.state"": [1, 8]}",8.818070213636364,2.6871153999999997,304.5605724,53.209911671001464,964068864,1002438656,/data/vla-forge-artifacts/M02_libero40/registry/runs/20261010T030315-982cacc8515f/videos/spatial_task09_episode05_attempt1.mp4,ce293f8d417f5a48fd2e68d6bdc3986f3096e2aef1c004ad3275744d1c43bf08,"image:left,image2:right",/data/vla-forge-artifacts/M02_libero40/registry/runs/20261010T030315-982cacc8515f/rollout-8ac01dd978ae265f/trajectory.npz,ddd413326a9ce7c46839331748b8e9d4faa62c4e16259504582c7f007153d94b,/data/vla-forge-artifacts/M02_libero40/registry/runs/20261010T030315-982cacc8515f/episodes/spatial_task09_episode05_attempt1/action_trace.json,e0c3208563746c82e665493c3a08e448acf39f265c26274a7f6480ef81541451,/data/vla-forge-artifacts/M02_libero40/registry/runs/20261010T030315-982cacc8515f/episodes/spatial_task09_episode05_attempt1/episode.json,a8941ad7e09492081d91addbee602290a88ba2d6499a5217439a53c5112b61d1,
spatial,libero_spatial,9,pick_up_the_black_bowl_on_the_wooden_cabinet_and_place_it_on_the_plate,pick up the black bowl on the wooden cabinet and place it on the plate,6,20261010T030315-982cacc8515f,6,82096,1,complete,True,success,118,220,50,50,relative,31d453f7edd78c839a8bbc39744a292686daf0de,9a9f6413e42c0f332fccbce9a0dc796af2790f82cf002f791cdbf7e01e1afca8,a1aaacb7f6cd6ee5fb43120f673cebb0cfea7dd4,d859bd533fac7ed31698ec60d4846b361d9856e2cbc6c37533881a786faecabd,"{""observation.images.camera1"": [1, 3, 256, 256], ""observation.images.camera2"": [1, 3, 256, 256], ""observation.language.attention_mask"": [1, 48], ""observation.language.tokens"": [1, 48], ""observation.state"": [1, 8]}",9.627761771186444,2.872950549999997,302.31268900000003,28.902272571998765,964068864,1002438656,/data/vla-forge-artifacts/M02_libero40/registry/runs/20261010T030315-982cacc8515f/videos/spatial_task09_episode06_attempt1.mp4,40b9506197026d0662869648fb5cad462e870af2bb182e656d91e8cd7d68c6db,"image:left,image2:right",/data/vla-forge-artifacts/M02_libero40/registry/runs/20261010T030315-982cacc8515f/rollout-74269089fc5fe8ca/trajectory.npz,05e4771ca94f40e83c69a2476677b08cb01d5ab4abc5f31653d3b633b3f7d0ad,/data/vla-forge-artifacts/M02_libero40/registry/runs/20261010T030315-982cacc8515f/episodes/spatial_task09_episode06_attempt1/action_trace.json,31eeec2911eeec6eb32ce253db0fcaa9817c89b6ecff6e889fcd14db9f37dc7f,/data/vla-forge-artifacts/M02_libero40/registry/runs/20261010T030315-982cacc8515f/episodes/spatial_task09_episode06_attempt1/episode.json,96d4ec70342ce46ba3ce1b7e2260479f68c94099b8d35d4aeea37c1f106910f3,
spatial,libero_spatial,9,pick_up_the_black_bowl_on_the_wooden_cabinet_and_place_it_on_the_plate,pick up the black bowl on the wooden cabinet and place it on the plate,7,20261010T030315-982cacc8515f,7,82097,1,complete,False,timeout,220,220,50,50,relative,31d453f7edd78c839a8bbc39744a292686daf0de,9a9f6413e42c0f332fccbce9a0dc796af2790f82cf002f791cdbf7e01e1afca8,a1aaacb7f6cd6ee5fb43120f673cebb0cfea7dd4,d859bd533fac7ed31698ec60d4846b361d9856e2cbc6c37533881a786faecabd,"{""observation.images.camera1"": [1, 3, 256, 256], ""observation.images.camera2"": [1, 3, 256, 256], ""observation.language.attention_mask"": [1, 48], ""observation.language.tokens"": [1, 48], ""observation.state"": [1, 8]}",8.867036281818182,2.9104190499999976,305.1118126,51.43987861200003,964068864,1002438656,/data/vla-forge-artifacts/M02_libero40/registry/runs/20261010T030315-982cacc8515f/videos/spatial_task09_episode07_attempt1.mp4,384c0db298dde56a1799273fbe2decabba2135acdc8ed74bed187fe39923afb7,"image:left,image2:right",/data/vla-forge-artifacts/M02_libero40/registry/runs/20261010T030315-982cacc8515f/rollout-070e730db031fed7/trajectory.npz,69e2b96141d0a0f8fd077222b10521121002cbc9ac565e5e7909af070cc04032,/data/vla-forge-artifacts/M02_libero40/registry/runs/20261010T030315-982cacc8515f/episodes/spatial_task09_episode07_attempt1/action_trace.json,c00706395cf1f910db943f4cd5304687426e1737d5d6ed4f9de7d7a9e0045579,/data/vla-forge-artifacts/M02_libero40/registry/runs/20261010T030315-982cacc8515f/episodes/spatial_task09_episode07_attempt1/episode.json,323b10fd9faf0941d20ebc43c0221281cc9d78f5067faa83295b6afaad1ae78f,
spatial,libero_spatial,9,pick_up_the_black_bowl_on_the_wooden_cabinet_and_place_it_on_the_plate,pick up the black bowl on the wooden cabinet and place it on the plate,8,20261010T030315-982cacc8515f,8,82098,1,complete,True,success,120,220,50,50,relative,31d453f7edd78c839a8bbc39744a292686daf0de,9a9f6413e42c0f332fccbce9a0dc796af2790f82cf002f791cdbf7e01e1afca8,a1aaacb7f6cd6ee5fb43120f673cebb0cfea7dd4,d859bd533fac7ed31698ec60d4846b361d9856e2cbc6c37533881a786faecabd,"{""observation.images.camera1"": [1, 3, 256, 256], ""observation.images.camera2"": [1, 3, 256, 256], ""observation.language.attention_mask"": [1, 48], ""observation.language.tokens"": [1, 48], ""observation.state"": [1, 8]}",9.555325341666666,2.2446788,307.040034,28.20064858400292,964068864,1002438656,/data/vla-forge-artifacts/M02_libero40/registry/runs/20261010T030315-982cacc8515f/videos/spatial_task09_episode08_attempt1.mp4,6e1c8b59d030be1aff40ade4222b6b08d4d9ff538f41a16646382f53d8bf3f93,"image:left,image2:right",/data/vla-forge-artifacts/M02_libero40/registry/runs/20261010T030315-982cacc8515f/rollout-4224eaf9160fd1e3/trajectory.npz,f2cdc57c2dadc9a6bc7ecdccc0568902661159c1bba2dde2796a6dde59da8ef3,/data/vla-forge-artifacts/M02_libero40/registry/runs/20261010T030315-982cacc8515f/episodes/spatial_task09_episode08_attempt1/action_trace.json,9b9895e1b8883d9bca136b52a4d0389f169a97e7c065b3b02fb67dc247281ae8,/data/vla-forge-artifacts/M02_libero40/registry/runs/20261010T030315-982cacc8515f/episodes/spatial_task09_episode08_attempt1/episode.json,fc60acb5842543c190e33fa1176e814c2a070d4fc5ac58ebb04ba70f42ddbcaa,
spatial,libero_spatial,9,pick_up_the_black_bowl_on_the_wooden_cabinet_and_place_it_on_the_plate,pick up the black bowl on the wooden cabinet and place it on the plate,9,20261010T030315-982cacc8515f,9,82099,1,complete,True,success,122,220,50,50,relative,31d453f7edd78c839a8bbc39744a292686daf0de,9a9f6413e42c0f332fccbce9a0dc796af2790f82cf002f791cdbf7e01e1afca8,a1aaacb7f6cd6ee5fb43120f673cebb0cfea7dd4,d859bd533fac7ed31698ec60d4846b361d9856e2cbc6c37533881a786faecabd,"{""observation.images.camera1"": [1, 3, 256, 256], ""observation.images.camera2"": [1, 3, 256, 256], ""observation.language.attention_mask"": [1, 48], ""observation.language.tokens"": [1, 48], ""observation.state"": [1, 8]}",9.348013459016393,2.7068694499999957,303.730974,29.327233876996615,964068864,1002438656,/data/vla-forge-artifacts/M02_libero40/registry/runs/20261010T030315-982cacc8515f/videos/spatial_task09_episode09_attempt1.mp4,df70d79e91cc56317a0727738f4a28b00fac180e99fae5acefe5b4be868150af,"image:left,image2:right",/data/vla-forge-artifacts/M02_libero40/registry/runs/20261010T030315-982cacc8515f/rollout-6f816b1c33b7b08b/trajectory.npz,a0efe8015dbf4addc7965ff82d2c3e3366cd09b58dd6f920ec6e58d3b10b6cb6,/data/vla-forge-artifacts/M02_libero40/registry/runs/20261010T030315-982cacc8515f/episodes/spatial_task09_episode09_attempt1/action_trace.json,21cfb2efed05a34bbb09c2fdc0fc8b2f203d654b06e059d99fbff030d29d1add,/data/vla-forge-artifacts/M02_libero40/registry/runs/20261010T030315-982cacc8515f/episodes/spatial_task09_episode09_attempt1/episode.json,42029957c0e567b2ad1860f01a1b9a05eb9344fde9e153356cff331b990284f1,
